0,1,2,3,4,5,6
0.0,Particulars,Quarter ended,Quarter ended,Quarter ended,Year ended,Year ended
0.0,0,31st Mar'18,31st Dec'17,31st Mar*17,31st Mar’18,3181 Mar’17
1.0,Income,0,0,0,0,0
0.0,Value of sales and services,26855,22782,20299,83534,66681
0.0,Goods and Services Tax included in above,4049,3164,-,9989,-
0.0,Revenue from operations,22806,19618,20299,73545,66681
0.0,Other income,793,750,1581,2960,3725
0.0,Total Income,23599,20368,21880,76505,70406
2.0,Expenses Marketing distribution and promotional expense,3774,1624,2108,9375,9336
0.0,Employee benefits expense,5771,5776,4706,23.578,19582
0.0,Finance costs,640,528,411,1906,1868
0.0,Depreciation and amortisation expense,479,466,631,1863,1783
0.0,Other expenses,8286,6619,7227,24914,25580
0.0,Total Expenses,18950,15013,15083,61636,58149
3.0,Profit before tax (1 - 2),4649,5355,6797,14869,12257
4.0,Tax Expense,0,0,0,0,0
0.0,Current tax,1847,1810,1552,5232,2.111
5.0,Profit for the period (3 - 4),2802,3545,5245,9637,10146
6.0,Other Comprehensive Income Items that will not be reclassified to profit or loss,(51),117,149,(91),(193)
7.0,Total Comprehensive Income for the period,2751,3662,5394,9.546,9.953
0.0,(5+6),0,0,0,0,0
8.0,Earnings per equity share (Face value of ? 2 each) Basic and Diluted (in ?),0.16,0.21,0.31,0.56,0.59
9.0,Paid-up equity share capital. Equity Shares of ? 2 each,34287,34287,34287,34287,34287
10.0,Other Equity excluding revaluation reserve,0,0,0,344974,335427
