0,1,2,3,4,5,6
Parameters,Unit,Mar 31,Dec 31,Sep 30,Jun 30,Mar 31
Parameters,Unit,2018,2017,2017,2017,2017
Mobile Services Census Towns,Nos,7899,7897,7896,7896,7893
Non-Census Towns & Villages,Nos,786043,786032,786032,785823,785494
Papulation Coverage,%,95.3%,95.3%,95.3%,95.3%,95.3%
Optic Fibre Network,R Kite,237893,233720,232150,230914,229856
Network towers,Nos,165748,163808,162954,162380,162046
Of which Mobile Broadband towers,Nos,144708,130334,123181,120132,116717
Total Mobile Broadband Base stations,Nos,298014,259002,226132,203506,190860
Homes Services - Cities covered,Nos,89,89,88,88,87
Airtel Business - Submarine cable systems Digital TV Services,Nos,7,7,7,7,7
Districts Covered,Nos,639,639,639,639,639
Coverage,%,100%,100%,100%,100%,100%
9.7 Tower Infrastructure Services,0,0,0,0,0,0
9.7.1 Bharti Infratel Standalone,0,0,0,0,0,0
Parameters,Unit,Mar 31 2018,Dec 31 2017,Sep 30 2017,Jun 30 2017,Mar 31 2017
Total Towers,Nos,39523,39363,39264,39211,39099
Total Co-locations,Nos,88665,92211,94538,93297,89263
Key Indicators Sharing Revenue per sharing operator per month,Rs,36511,36941,36394,37292,37512
Average Sharing Factor,Times,2.29,2.38,2.39,2.33,2.25
Additional Information,0,0,0,0,0,0
9.7.2 Indus Towers,0,0,0,0,0,0
Parameters,Unit,Mar 31 2018,Dec 31 2017,Sep 30 2017,Jun 30 2017,Mar 31 2017
Total Towers,Nos,123639,122962,123073,122920,122730
Total Co-locations,Nos,278408,288727,298929,297867,288913
Average Sharing Factor,Times,2.30,2.39,2.43,2.39,2.34
9.7.3 Bharti Infratel Consolidated,9.7.3 Bharti Infratel Consolidated,9.7.3 Bharti Infratel Consolidated,9.7.3 Bharti Infratel Consolidated,9.7.3 Bharti Infratel Consolidated,9.7.3 Bharti Infratel Consolidated,9.7.3 Bharti Infratel Consolidated
Parameters,Unit,Mar 31 2018,Dec 31 2017,Sep 30 2017,Jun 30 2017,Mar 31 2017
Total Towers,Nos,91451,91007,90955,90837,90646
Total Co-locations,Nos,205596,213476,220088,218401,210606
Average Sharing Factor,Times,2.30,2.38,2.41,2.36,2.30
