0,1,2,3,4,5
0,0,(7 in lacs),(7 in lacs),(7 in lacs),(7 in lacs)
_1_,_1_,Standalone,Standalone,Consolidated,Consolidated
Sr. No.,Particulars,As at 31st March 2018,As at 31st March 2017,As at 31st March 2018,As at 31st March 2017
0,A Assets,0,0,0,0
0,1) Non-Current Assets,0,0,0,0
0,(a) Property Plant and Equipment,10723.96,9281.23,10723.96,9281.23
0,(b) Capital work in progress,607.46,-,607.46,-
0,(c) Intangible assets,17.44,18.71,17.44,18.71
0,(d) Financial assets,0,0,0,0
0,(i) Non-current investments,150.00,150.00,63.42,24.69
0,(ii) Loans,-,-,-,-
0,(iii) Other financial assets,197.66,130.62,197.66,130.62
0,(e) Other non-current assets,-,-,-,-
0,Total Non-Current Assets (A),11696.52,9580.56,11609.94,9455.25
0,2) Current Assets,0,0,0,0
0,(a) Inventories,8002.02,13925.10,8002.02,13925.10
0,(b) Financial assets,0,0,0,0
0,(i) Trade Receivables,18541.75,13671.01,18541.75,13671.01
0,(ii) Cash and cash equivalents,2883.82,177.11,2883.82,177.11
0,(iii) Bank balances other than (ii) above,357.08,1538.45,357.08,1538.45
0,(ivj Loans,3.12,1.79,3.12,1.79
0,(v) Other Financial assets,220.19,1035.36,220.19,1035.36
0,(c) Other current assets,684.59,2169.81,684.59,2169.81
0,Total Current Assets (B),30692.57,32518.63,30692.57,32518.63
-,0,0,0,0,0
-,Total Assets (A)+ (B),42389.09,42099.19,42302.51,41973.88
0,B Equity & Liabilities,0,0,0,0
0,1) Equity ______,0,0,0,0
0,(a) Equity share capital,1659.06,1659.06,1659.06,1659.06
0,(b) Other Equity,24154.09,14611.93,24067.51,14486.61
0,Total Equity (A),25813.15,16270.99,25726.57,16145.67
0,2) Liabilities,0,0,0,0
0,Non-Current Liabilities,0,0,0,0
0,(a) Financial Liabilities,0,0,0,0
0,(i) Long term borrowings,-,-,-,-
0,(ii) Other Non Current Financial Liability,0.30,0.30,0.30,0.30
0,(bj Long term provisions,449.43,401.26,449.43,401.26
0,(c) Deferred tax liabilities (Net),1061.51,399.63,1061.51,399.63
0,Total Non-Current Liabilities (B),1511.24,801.19,1511.24,801.19
0,Current Liabilities,0,0,0,0
0,(a) Financial Liabilities,0,0,0,0
0,(i) Short term borrowings,-,13710.19,-,13710.19
0,(ii) Trade payables,12574.73,9872.63,12574.73,9872.63
0,(iii) Other Current Financial liabilities,295.21,453.44,295.21,453.44
0,(b) Other current liabilities,793.04,161.10,793.04,161/19
0,(c)Short term provisions,40/07,38.26,40.07,38.26
0,(d) Current tax liabilities (Net),1361/65,791.32,1361.65,791.32
0,Total Current Liabilities (C),15064.70,25027.03,15064.70,25027.03
0,Total Equity and Liabilities (A)+ (B) +(C),42389.09,42099.19,42302.51,41973.88
