0,1,2,3,4
0,Consolidated,Consolidated,Standalone,Standalone
Particulars,As at,As at,As at,As at
0,31-Mar-18,31-Mar-17,31-Mar-18,31-Mar-17
ASSETS,0,0,0,0
Non-current assets,0,0,0,0
Property plant and equipment,3220,3017,2252,2313
Capital work-in-progress,213,92,213,92
Goodwill,3549,3278,0,0
Intangible assets,1206,1215,292,243
Intangible assets under development,302,173,251,71
Financial assets,0,0,0,0
(a) Investments,298,1032,4639,4605
(b) Loans,-,0,127,106
(c) Other financial assets,270,205,193,270
Deferred tax assets (net),321,101,167,26
Income tax assets (net),755,683,392,392
Other non-current assets,736,878,507,836
Total non-current assets,10870,10674,9033,8954
Current assets,0,0,0,0
Inventories,1312,935,-,0
Financial assets,0,0,0,0
(a) Investments,1130,925,1130,925
(b) Trade receivables,6913,6496,4151,2950
(c) Cash and cash equivalents,9603,8570,7200,6516
(d) Other bank balances,204,211,66,23
(e) Loans,0,0,267,153
(f) Other financial assets,3384,2660,1628,1611
Other current assets,910,893,536,501
Total current assets,23456,20690,14978,12679
Total assets,34326,31364,24011,21633
EQUITY AND LIABILITIES,0,0,0,0
Equity,0,0,0,0
Equity share capital,563,563,563,563
Other equity,22876,20610,20051,18259
Equity attributable to Shareholders of the Company,23439,21173,20614,18822
Non-controlling interests,3,26,0,0
Total Equity,23442,21199,20614,18822
Non-current liabilities,0,0,0,0
Financial Liabilities,0,0,0,0
(a) Borrowings,630,492,0,0
(b) Other financial liabilities,353,232,-,0
Provisions,878,813,701,642
Deferred tax liabilities (net),356,302,-,-
Income tax liabilities (net),20,0,0,-
Other non-current liabilities,26,35,0,0
Total Non-current liabilities,2263,1874,701,642
Current liabilities,0,0,0,0
Financial liabilities,0,0,0,0
(a) Borrowings,1780,1159,0,-
(b) Trade payables,3813,3922,1933,1321
(c) Other financial liabilities,1256,1232,173,67
Income tax liabilities (net),316,424,44,45
Provisions,229,235,71,74
Other current liabilities -,1227,1319,475,662
Total current liabilities \||L#,8621,8291,2696,2169
K Total liabilities,10884,10165,3397,2811
Total equity and liabilities,34326,31364,24011,21633
