0,1,2,3,4
0,Standalone,Standalone,Consolidated,Consolidated
0,Audited,Audited,Audited,Audited
Particulars,As at 31.03.2018,As at 31.03.2017,As at 31.03.2018,As at 31.03.2017
A. EQUITY AND LIABILITIES 1. Shareholders' funds,0,0,0,0
(a) Share capital,15640,15634,15640,15634
(b) Reserves and surplus,499382,412840,500811,414139
(c) Money received against share warrants,-,-,-,-
Sub-total - Shareholders' funds,515022,428474,516451,429773
2. Share application money pending allotment,-,18,-,18
3. Minority interest,-,-,38,200
4. Non-current liabilities,0,0,0,0
(a) Long-term borrowings,2054516,1510457,2054516,1510457
(b) Deferred tax liabilities (net),-,-,-,-
(c) Other long-term liabilities,12972,19619,12972,19619
(d) Long-term provisions,65558,58621,65554,58621
Sub-total - Non-current liabilities,2133046,1588697,2133042,1588697
5. Current liabilities,0,0,0,0
(a) Short-term borrowings,368237,326896,368237,323046
(b) Trade payables,36062,27513,40386,29869
(c) Current maturities of Long-term borrowings,767474,573556,767474,573556
(d) Other current liabilities,119740,105682,120280,105964
(e) Short-term provisions,10876,8644,10929,8700
Sub-total - Current liabilities,1302389,1042291,1307306,1041135
TOTAL - EQUITY AND LIABILITIES,3950457,3059480,3956837,3059823
B. ASSETS 1. Non-current assets,0,0,0,0
(a) Fixed assets,16076,14004,16344,14272
(b) Goodwill on consolidation,-,-,701,701
(c) Non-current investments,23827,19248,17516,13436
(d) Deferred tax assets (net),33955,31516,33986,31538
(e) Receivable under Financing Activity,2598947,1993544,2598019,1993544
(f) Long-term loans and advances,18232,11724,19054,12390
(g) Trade Receivables,-,-,1,1
(h) Other non-current assets,52405,52997,53218,52997
Sub-total - Non-current assets,2743442,2123033,2738839,2118879
2. Current assets,0,0,0,0
(a) Current investments,8072,4610,8168,4775
(b) Inventories,-,-,-,-
(c) Trade receivables,-,-,3062,2184
(d) Cash and cash equivalents,39251,47064,44821,49376
(e) Receivable under Financing Activity,1121168,847904,1121168,847637
(f) Short-term loans and advances,2973,5110,5153,4995
(g) Other current assets,35551,31759,35626,31977
Sub-total - Current assets,1207015,936447,1217998,940944
TOTAL - ASSETS,3950457,3059480,3956837,3059823
