0,1,2,3,4,5
0.0,0,Standalone,Standalone,Consolidated,Consolidated
0.0,0,31-Mar-lS,31-Mar-17,31-Mar-18,31-Mar-17
0.0,',Audited,Audited,Audited,Audited
0.0,ASSETS,0,0,0,0
1.0,Non-Current Assets,0,0,0,0
0.0,a) Property Plant and Equipment net,33096.79,20535.59,82249.03,71612.33
0.0,b) Capital Work in Progress,8655,13.28,334.25,23.63
0.0,c) Goodwill on Consolidation,-,-,39455.47,13272.76
0.0,d) Other Intangible Assets,368.61,31.43,655.86,325 20
0.0,e) Intangible assets under development,75.43,-,75.43,28.48
0.0,f) Financial Assets,0,0,0,0
0.0,i) Investments,62147.46,32721.44,541.24,491.15
0.0,ii) Other Financial Assets,1234 63,1377.60,2029.72,2244.18
0.0,g) Deferred tax Assets (net),-,918.00,1560.92,3507.84
0.0,h) Other Non Current Assets,373.39,629.52,467.93,506.69
0.0,Total Non Current Assets,97382 86,56226.86,127369.85,92012.26
2.0,Current Assets,0,0,0,0
0.0,a) Inventories,1276.76,1178.25,7049.44,6952.54
0.0,b) Financial Assets,0,0,0,0
0.0,i) Investments,36466.51,9315.05,41660.00,9315 05
0.0,n) Trade Receivables,750.09,356.53,829.25,425.35
0.0,iil) Cash and Cash Equivalents,6240.83,2035.63,12295.46,3088.76
0.0,iv) Bank Balances other than (in) above,52.78,49.86,52.78,49.86
0.0,v)Loans,45682.25,32269.64,3839.64,4586.91
0.0,vi) Other Financial Assets,597.27,1156.67,949.40,1535.14
0.0,c) Current Tax Assets (Net),283.93,295.32,465.22,509.87
0.0,d) Other Current Assets,1363.65,2963.42,3852.62,7250.89
0.0,Total Current Assets,92714.07,49620.37,70993.81,33714.37
0.0,Total Assets,190096.93,105847.23,198363.66,125726.63
0.0,EQUITY AND LIABILITIES,0,0,0,0
1.0,Shareholders' Funds,0,0,0,0
0.0,a) Equity Share Capital,2675.90,2316.24,2675.90,2316.24
0.0,b) Other Equity,164447.83,93096.21,165598.09,89703.56
0.0,Equity attributable to shareholders of the company,167123.73,95412.45,168273.99,92019.80
0.0,Non - Controlling Interest,0,-,1409.44,1601.67
0.0,Total Equity,167123.73,95412.45,169683.43,93.621.47
2.0,Non-Current Liabilities,0,0,0,0
0.0,a) Financial Liabilities,0,0,0,0
0.0,i) Borrowings,97.28,2408.19,125.65,2422.73
0.0,ii) Other Financial Liabilities,-,-,853.50,750.00
0.0,b) Provisions,142.62,222.13,183.55,350.31
0.0,c) Deferred Tax Liabilities,1061.58,-,0,-
0.0,Total Non Current Liabilities,1301.48,2630.32,1162.70,3523.04
3.0,Current Liabilities,0,0,0,0
0.0,a) Financial Liabilities,0,0,0,0
0.0,i) Borrowings,58.91,1988.34,18.60,3678.67
0.0,ii) Trade Payables,933.91,572.90,1452.89,1298.77
0.0,iit) Other Financial Liabilities,18554.81,2911.43,22270.16,19633.65
0.0,b) Other Current Liabilities,937.46,461 12,2255.21,1133.92
0.0,c) Provisions,670.07,561.48,755.72,597.78
0.0,d) Current Tax Liabilities (Net),516.56,130919,764.95,2239.33
0.0,Total Current Liabilities,21671 72,7804.46,27517.53,28582.12
0.0,Total Equity and Liabilities,190096.93,105847.23,198363.66,125726.63
