0,1,2,3,4,5,6
GUJARAT NARMADA VALLEY FERTILIZERS & CHEMICALS LIMITED,GUJARAT NARMADA VALLEY FERTILIZERS & CHEMICALS LIMITED,GUJARAT NARMADA VALLEY FERTILIZERS & CHEMICALS LIMITED,GUJARAT NARMADA VALLEY FERTILIZERS & CHEMICALS LIMITED,GUJARAT NARMADA VALLEY FERTILIZERS & CHEMICALS LIMITED,GUJARAT NARMADA VALLEY FERTILIZERS & CHEMICALS LIMITED,GUJARAT NARMADA VALLEY FERTILIZERS & CHEMICALS LIMITED
STATEMENT OF ASSETS AND LIABILITIES (STANOALONE & CONSOLIDATED),STATEMENT OF ASSETS AND LIABILITIES (STANOALONE & CONSOLIDATED),STATEMENT OF ASSETS AND LIABILITIES (STANOALONE & CONSOLIDATED),STATEMENT OF ASSETS AND LIABILITIES (STANOALONE & CONSOLIDATED),STATEMENT OF ASSETS AND LIABILITIES (STANOALONE & CONSOLIDATED),STATEMENT OF ASSETS AND LIABILITIES (STANOALONE & CONSOLIDATED),STATEMENT OF ASSETS AND LIABILITIES (STANOALONE & CONSOLIDATED)
(Rs in Crores),(Rs in Crores),(Rs in Crores),(Rs in Crores),(Rs in Crores),(Rs in Crores),(Rs in Crores)
0,0,Standalone,Standalone,Standalone,Consolidated |,Consolidated |
Particulars,Particulars,As at,As at,As At,As at,As At
0,0,31-03-2018,0,31-03-2017,31-03-2018,31-03-2017
0,0,(Audited),0,(Audited),(Audited),(Audited)
A,ASSETS,0,0,0,0,0
1,Non-current assets,0,0,0,0,0
0,(a) Property plant and equipment,4114.73,4114.73,4395.88,4114.73,4395.88
0,(b) Capital work-in-progress,13.87,13.87,14.41,13.67,14.41
0,(c) Investment property,18.98,18.98,19.41,18.98,19.41
0,(d) Intangible assets,27.41,27.41,26.93,27.41,26.93
0,(e) Non-current financial assets,0,0,0,0,0
0,(1) Investments,726.00,726.00,762.44,785.09,816.08
0,(ii) Loans,75.76,75.76,78.22,75.76,78.22
0,(Hi) Other financial assets,10.05,10.05,70.86,10.05,70.86
0,(f) Income tax assets (net),40.53,40.53,38.68,40.53,38.68
0,(g) Other non-current assets,37.45,37.45,38.77,37.45,38.77
0,0,5064.58,5064.58,5445.60,5123.67,5499.24
2,Current assets,0,0,0,0,0
0,(a) Inventories,680.64,680.64,661.79,680.64,661.79
0,(b) Current financial assets,0,0,0,0,0
0,(1) Trade receivables,1120.08,1120.08,1111.53,1120.08,1111.53
0,(li) Cash and cash equivalents,6.14,6.14,4.10,6.15,4.10
0,(Hi) Other Bank balance,10.01,10.01,8.41,10.01,8.41
0,(fv) Loans,15.41,15.41,16.21,15.41,16.21
0,(v) Others financial assets,33.12,33.12,323.37,33.12,323.37
0,(c) Other current assets,243.32,243.32,331.54,243.28,331.54
0,0,2108.72,2108.72,2456.95,2108.69,2456.95
0,TOTAL-ASSETS,7173.30,7173.30,7902.55,7232.36,7956.19
8,EQUITY AND LIABILITIES,0,0,0,0,0
0,EQUITY,0,0,0,0,0
0,(a) Equity share capital,155.42,155.42,155.42,155.42,155.42
0,(b) Other equity,4302.56,4302.56,3646.17,4361.62,3699.81
0,0,4457.98,4457.98,3.801.59,4517.04,3855.23
0,LIABILITIES,0,0,0,0,0
1,Non-current liabilities,0,0,0,0,0
0,(a) Non-current financial liabilities,0,0,0,0,0
0,Borrowings,-,0,533.41,-,533.41
0,(b) Long-term provisions,173.44,173.44,132.67,173.44,132.67
0,(c) Deterred tax liabilities (net),478.67,478.67,386.92,478.67,386.92
0,(d) Government grants (Deferred Income),880.47,880.47,941.12,880.47,941.12
0,0,1532.58,1532.58,1994.12,1532.58,1994.12
2,Current Liabilities,0,0,0,0,0
0,(a) Current financial liabilities,0,0,0,0,0
0,(i) Borrowings,229.56,229.56,1073.31,229.56,1073.31
0,(ii) Trade payables,431.47,431.47,340.11,431.47,340.11
0,(ill) Other financial liabilities,167.84,167.84,439.82,167.84,439.82
0,(b) Other current liabilities,133.19,133.19,74.13,133.19,74.13
0,(c) Short-term provisions,55.12,55.12,40.49,55.12,40.49
i,(d) Government grants (Deferred Income),65.65,65.65,76.67,65.65,76.67
0,(e) Current tax liabilities (net),99.9:,y,------42.31,99.91,62.31
0,0,1182.7),0,iUNcL*.inj4!S4N,‘ 1182.74,2106.84
0,TOTAL - EQUITY AND LIABILITIES,7173.31,ii,0,'7232.36,7956.19
0,0,0,i,i,0,0
