0,1,2,3,4,5
0,0,Standalone,Standalone,Consolidated,Consolidated
0,0,Audited,Audited,Audited,Audited
SI. No,Particulars,As at,As at,As at,As at
0,0,31 March,31 March,31 March,31 March
0,0,2018,2017,2018,2017
I,ASSETS Non-current assets,0,0,0,0
(a),Property plant and equipment,1293.32,1315.70,1293.50,1315.88
(b),Capital work-in-progress,35.96,13.71,35.85,13.67
(c),Goodwill,0,0,0.32,0.32
(d),Other intangible assets,8.36,7.92,11.08,11.34
(<••),Intangible assets under development,10.62,8.25,10.62,8.25
(0,Financial assets,0,0,0,0
0,(i) Investments,287.69,334.06,221.25,388.35
(g),Income tax assets (net),0,0,0.51,0.25
(h),Other non-current assets,81.49,66.24,89.11,70.25
0,Total non-current assets,1717.44,1745.88,1662.24,1808.31
0,Current assets,0,0,0,0
W,Inventories,2227.13,1724.61,2227.13,1724.61
(b),Financial assets,0,0,0,0
0,(i) Investments,0.14,0.13,0.14,0.13
0,(ii) Trade receivables,1523.13,1618.49,1523.43,1.621.67
0,(iii) Government subsidies receivable,2626.86,2557.03,2626.86,2557.03
0,(iv) Cash and cash equivalents,438.97,142.40,441.90,146.71
0,(v) Other balances with banks,108.90,21.12,108.90,21.12
0,(vi) Loans,400.10,515.10,407.77,522.25
0,(vii) Other financial assets,21.38,37.56,21.59,37.88
(c),Other current assets,706.42,200.66,707.29,205.29
0,Total current assets,8053.03,6817.10,8065.01,6836.69
0,Total - Assets,9770.47,8562.98,9727.25,8645.00
II,EQUITY ANI) LIABILITIES Equity,0,0,0,0
(a),I^quity share capital,29.24,29.17,29.24,29.17
(b),Other equity,3.142.52,2782.76,3096.62,2861.60
0,0,3171.76,2811.93,3125.86,2890.77
0,Non-controlling interests,-,-,-,-
0,Total equity,3171.76,2811.93,3125.86,2890.77
0,liabilities Non-current liabilities,0,0,0,0
(a),Financial liabilities,0,0,0,0
0,(i) Other financial liabilities,1.28,1.23,1.28,1.23
(b),Provisions,14.39,14.17,14.39,14.17
to,Deferred tax liabilities (net),125.62,148.51,128.97,149.47
(d),Other non-current liabilities,9.75,10.23,9.75,10.23
0,Total non-current liabilities,151.04,174.14,154.39,175.10
0,Current liabilities,0,0,0,0
(a),Financial liabilities,0,0,0,0
0,(i) Borrowings,2.730.81,2230.56,2728.44,2228.38
0,(ii) Trade payables,3358.70,2.931.65,3358.95,2934.54
0,(iii) Other financial liabilities,243.30,312.26,243.31,312.23
(b),Provisions,9.06,14.74,9.06,14.74
to,Current tax liabilities (net),21.95,16.39,21.95,16.40
(d),Other current liabilities,83.85,71.31,85.29,72.84
0,Total current liabilities,6447.67,5576.91,6447.00,5579.13
0,Total liabilities,6598.71,5751.05,6601.39,5754.23
0,Total - Equity and Liabilities,9770.47,8562.98,9727.25,8645.00
