0,1,2
Particulars,As at 31st Mar’18,As at 31st Mar’17
ASSETS,0,0
Non-current assets,0,0
Property plant and equipment,28379,20220
Capital work-in-progress,2180,92
Goodwill,192.715,87734
Intangible assets,7763,3762
Intangible assets under development,354,347
Financial assets,0,0
Investments,32837,181800
Loans,2133,1683
Other financial assets,3662,1865
Deferred tax assets (net),3153,5094
Other non-current assets,45.446,18319
Total Non-current Assets,318622,320916
Current assets,0,0
Inventories,134076,-
Financial assets,0,0
Investments,2428,686
Trade receivables,121055,24559
Cash and cash equivalents,17423,1014
Bank balances other than cash and cash equivalents,318,151
Loans,33735,38367
Other financial assets,7083,2456
Other current assets,42434,8807
Total Current Assets,358552,76040
Total Assets,677174,396956
EQUITY AND LIABILITIES,0,0
Equity,0,0
Equity share capital,34287,34287
Other equity,299734,298794
Equity attributable to owners of the Company,334021,333081
Non-controlling interests,65355,1306
Total Equity,399376,334387
Liabilities,0,0
Non-current liabilities,0,0
Financial liabilities,0,0
Borrowings,540,0
Provisions,5506,3245
Total Non-current Liabilities,6046,3245
Current liabilities,0,0
Financial Liabilities,0,0
Borrowings,99341,27.283
Trade payables,148899,21513
Other financial liabilities,3532,1363
Other current liabilities,19404,8899
Provisions,576,266
Total Current Liabilities,271752,59324
Total Liabilities,277798,62569
Total Equity and Liabilities,677174,396956
