0,1,2
Particulars,As at 31st Mar'18,As at 31st Mar'17
ASSETS,0,0
Non-current assets,0,0
Property plant and equipment,8240,8304
Capital work-in-progress,4,92
Intangible assets,600,454
Financial Assets,0,0
Investments,3.55952,339233
Loans,2133,1683
Other financial assets,830,1320
Deferred tax assets (net),2409,4821
Other non-current assets,18651,16175
Total Non-current Assets,388819,372082
Current Assets,0,0
Financial Assets,0,0
Trade receivables,21692,18027
Cash and cash equivalents,1,593
Bank balances other than cash and cash equivalents,83,151
Loans,23100,14263
Other financial assets,2738,2828
Other current assets,3264,6379
Total Current Assets,50878,42241
Total Assets,439.697,414323
EQUITY AND LIABILITIES,0,0
Equity,0,0
Equity share capital,34287,34287
Other equity,344974,335428
Total Equity,379261,369715
Liabilities,0,0
Non-current Liabilities,0,0
Financial Liabilities,0,0
Borrowings,-,0
Provisions,2145,1894
Total Non-current Liabilities,2145,1894
Current Liabilities,0,0
Financial Liabilities,0,0
Borrowings,38551,23666
Trade payables,13946,11395
Other financial liabilities,202,203
Other current liabilities,5529,7387
Provisions,63,63
Total Current Liabilities,58291,42714
Total Liabilities,60436,44.608
Total Equity and Liabilities,439.697,414323
