0,1,2
Particulars,As at Mar 31 2018,As at Mar 31 2017
As s ets,0,0
Non-current assets,0,0
Property plant and equipment,706079,620088
Capital w ork-in-progress,52089,23942
Goodw ill,328070,338082
Other intangible assets,837855,824181
Intangible assets under development,45423,84443
Investment in joint ventures and associates Financial Assets,86839,82277
- Investments,5769,44187
- Derivative instruments,2031,4732
- Security deposits,9703,9630
- Others,5814,16653
Income tax assets (net),25505,22716
Deferred tax assets (net),29330,26195
Other non-current assets,36319,53488
0,2170826,2150614
Current assets,0,0
Inventories Financial Assets,693,488
- Investments,68978,16923
- Derivative instruments,8941,2060
- Trade receivables,58830,47402
- Cash and cash equivalents,47886,12817
- Bank deposits,18820,38166
- Others,27462,19737
Other current assets,103380,44445
Assets-held-for-saie,0,0
0,334990,182038
Total Assets,2505816,2332652
Equity and liabilities Equity,0,0
Share capital,19987,19987
Other Equity,675357,654576
Equity attributable to owners of the Parent,695344,674563
Non-controiiing interests ('NO'),88139,68750
0,783483,743313
Non-current liabilities,0,0
Financial Liabilities,0,0
- Borrow ings,849420,896373
- Derivative instruments,5409,2726
- Others,44547,15681
Deferred revenue,22117,22335
Provisions,7212,7471
Deferred tax liabilities (net),10606,9429
Other non-current liabilities,623,727
0,939934,954742
Current liabilities,0,0
Financial Liabilities,0,0
- Borrow ings,129569,129442
- Current maturities of long term borrow ings,134346,47062
- Derivative instruments,283,2335
- Trade Payables,277675,268537
- Others,140605,90212
Deferred revenue,48666,48785
Provisions,2384,2215
Current tax liabilities (net),11058,11239
Other current liabilities,37813,34770
Liabiiities-held-for-saie,0,0
0,782399,634597
Total liabilities,1722333,1589339
Total equity and liabilities,2505816,2332652
