0,1,2
Particulars,As of,As of
Particulars,March 312018,March 312017
Particulars,Audited,Audited
Assets,0,0
Non-current assets,0,0
Property plant and equipment,476911,381176
Capital work-in-progress,27387,11818
Intangible assets,749183,734052
Intangible assets under development,28040,84184
Investment in subsidiaries and joint ventures,481219,459538
Financial assets,0,0
- Investments,63,52
- Derivative instruments,80,213
- Loans and security deposits,10290,10389
- Others,260,556
Income tax assets,19595,16164
Deferred tax assets,14244,8808
Other non-current assets,27.142,42.596
0,1834414,1749546
Current assets,0,0
Inventories,63,39
Financial assets,0,0
- Derivative instruments,195,634
- Trade receivables,43196,32118
- Cash and cash equivalents,4626,1087
- Other bank balances,825,647
- Loans,72496,72081
- Others,11837,13200
Other current assets,81721,33295
Assets-held-for-sale,*,13729
0,214.959,166830
Total assets,2049.373,1916376
Equity and liabilities,0,0
Equity,0,0
Share capital,19987,19987
Other equity,1.008.622,992.086
0,1028609,1012073
Non-current liabilities,0,0
Financial liabilities,0,0
- Borrowings,544681,503421
- Derivative instruments,124,186
- Others,19354,21881
Deferred revenue,18371,18321
Provisions,1.830,2.330
0,584360,546139
Current liabilities,0,0
Financial liabilities,0,0
- Borrowings,80680,65478
- Current maturities of long-term borrowings,28797,32048
- Derivative instruments,228,1662
-Trade payables,176990,149698
- Others,92529,62149
Deferred revenue,30242,30311
Provisions,1262,1291
Current tax liabilities,2447,3885
Other current liabilities,23.229,11642
0,436404,358164
Total liabilities,1020764,904303
Total equity and liabilities,2049373,1916376
