0,1,2
0,As of,As of
0,March 31. 2018,March 31 2017
Particulars,Audited,Audited
Assets Non-current assets,0,0
Property plant and equipment,706079,620088
Capital work-in-progress,52089,23942
Goodwill,328070,338082
Other intangible assets,B37.8E5,824181
Intangible assets under development,45423,84443
Investment in joint ventures and associates,86839,82277
Financial assets,0,0
- Investments,5769,44187
- Derivative instruments,2031,4732
- Security deposits,9703,9630
- Others,5814,16653
Income tax assets (net),25505,22716
Deferred tax assets (net),29330,26195
Other non-current assets,36.319,53488
0,2170826,2150614
Current assets,0,0
Inventories,693,488
Financial assets,0,0
- Investments,68978,16923
- Derivative instruments,8941,2060
- Trade receivables,58830,47402
- Cash and cash equivalents,47.886,12817
- Other bank balances,18820,38166
- Others,27462,19737
Other current assets,103.380,44445
0,334990,182038
Total assets,2505816,2332652
Equity and liabilities Equity,0,0
Share capital,19987,19.987
Other equity,675.357,654.576
Equity attributable to equity holders of the Parent,695344,674563
Non-controlling interests,88.139,68750
Non-controlling interests,783.483,743313
Non-current liabilities Financial liabilities,0,0
- Borrowings,849420,896373
- Derivative instruments,5409,2.726
- Others,44547,15681
Deferred revenue,22117,22335
Provisions,7.212,7471
Deferred tax liabilities (net),10606,9429
Other non-current liabilities,623,727
0,939934,954.742
Current liabilities Financial liabilities,0,0
- Borrowings,129569,129442
- Current maturities of long-term borrowings,134346,47.062
- Derivative instruments,283,2335
- Trade payables,277675,268537
- Others,140605,90212
Deferred revenue,48666,48785
Provisions,2384,2215
Current tax liabilities (net),11058,11239
Other current liabilities,37.813,34 770
0,782399,634597
Total liabilities,1722333,1589339
lotal equity and liabilities,2505816,2332652
