0,1,2
Property plant arid equipment,38026,37555
Capital work in progress,12906,6941
Goodwill,3882,38S2
Other intangible assets,1762,2185
Financial assets,0,0
Investments,58416,59994
Derivative assets,41,106
Trade receivables,4446,3998
Other financial assets,3078,3545
Deferred tax assets,4520,2352
Non-current tax assets,18349,12008
Other non-current assets,11614,11732
Total non-current assets,157040,144298
Current assets,0,0
Inventories,2943,3559
Financial assets,0,0
Investments,248412,291467
Trade receivables,95020,81:299
Cash and cash equivalents,23220,35166
Derivative assets,1232,9747
Unbilled revenues,30256,32845
Loans to subsidiaries,-,1917
Other ..financial assets,5218.,6.151
Current tax assets;,4799,7701
Other current assets,18122,17419
0,429222,487271
Assets held for sale,451,-
Total current assets,429673,487271
TOTAL ASSETS,586713,631569
EQUITY AND LIABILITIES,0,0
Equity,0,0
Share capita!,9048,4861
Other equity,413578,462195
TOTAL EQUITY,422626,467056
Non-current liabilities,0,0
Financial liabilities,0,0
Borrowings,724,11463
Derivative liabilities,0,2
Other financial liabilities,-,77
Provisions,1688,3733
Deferred tax liabilities,463,1391
Non-current tax liability,9$S7,9090.
Other non-current liabilities,2296,349
Total non-current liabilities,13728,26114:
Current liabilities,0,0
Financial liabilities,0,0
Borrowings,46477,50186
Trade payables,41762,38186
Derivative liabilities,2198,2708
Other financial liabilities,25343,17628
Unearned revenues,12709,11506
Provisions,7;934,6269
Current tax liabilities,8961,6792
Other current liabilities,4975,5124
Total current liabilities,150359,138399
TOTAL LIABILITIES,164087,164513
TOTAL EQUITY AND LIABILITIES,586713,631569
