0,1,2
Statement of Assets and Liabilities (Consolidated - Audited),0,Rs. in Lakhs
0,As at,As at
Particulars,31 March 2018,31 March 2017
0,(Audited),(Audited)
ASSETS,0,0
Non-current assets,0,0
Property plant and equipment,6031.53,12865.50
Capital work-in-progress,-,96.03
Investment property,89108.36,365781.63
Other intangible assets,48.51,55.27
Financial assets,0,0
Investments,247151.90,34201.36
Loans,14960.81,6237.48
Other financial assets,403.22,626.93
Deferred tax assets (net),21153.73,37803.69
Non-current tax assets (net),19300.15,31487.94
Other non-current assets,17446.86,19530.08
Total of non-current assets,415605.07,508685.91
Current assets,0,0
Inventories,607691.16,782862.46
Financial assets,0,0
Investments,138715.47,53321.13
Trade receivables,281196.43,382422.86
Cash and cash equivalents,167397.64,35252.00
Other bank balances,11996.90,19749.79
Loans,15454.02,16827.17
Other financial assets,8103.41,119.35
Other current assets,34691.88,57519.33
Total of current assets,1265246.91,1348074.09
Total of Assets,1680851.98,1856760.00
EQUITY AND LIABILITIES,0,0
Equity,0,0
Equity share capital,9493.48,8718.29
Instruments entirely equity in nature,104828.00,-
Other equity,593594.55,395580.61
Total of Equity (for controlling shareholders of the Company),707916.03,404298.90
Non-controlling interests,1042.69,71089.44
Total of Equity,708958.72,475388.34
Liabilities,0,0
Non-current liabilities,0,0
Financial liabilities,0,0
Borrowings,303307.28,749174.32
Trade payables,20439.22,31826.82
Other financial liabilities,3908.42,33752.96
Provisions,955.80,866.28
Other non-current liabilities,17459.87,21819.09
Total of non-current liabilities,346070.59,837439.47
Current liabilities,0,0
Financial liabilities,0,0
Borrowings,92500.00,50800.00
Trade payables,45221.09,30937.19
Other financial liabilities,301419.75,205323.34
Other current liabilities,182192.66,243063.00
Provisions,79.93,55.19
Current tax liabilities (net),4409.24,13753.47
Total of current liabilities,625822.67,543932.19
Total of Equity and Liabilities,1680851.98,1856760.00
