0,1,2,3,4,5
0.0,0,Standalone,Standalone,Consolidated,Consolidated
0.0,0,As at,As at,As at,As at
0.0,0,31 March 2018,31 March 2017,31 March 2018,31 March 2017
0.0,ASSETS,0,0,0,0
1.0,Mon-current assets,0,0,0,0
0.0,[a) Property plant and equipment,6124.30,6371.46,6323.16,6587.33
0.0,'b) Capital work-in-progress,141.78,29.73,143.75,29.73
0.0,(c) Goodwill,-,-,0.12,0.12
0.0,(d) Other intangible assets,19.19,20.10,19.21,21.14
0.0,(e) Investment accounted for using the equity method (f) Financial assets,0,0,250.73,219.03
0.0,(i) Investments,484.14,480.19,187.62,183.68
0.0,(ii) Loans,39.91,22.90,33.99,70.54
0.0,(iii) Other financial assets,0.40,0.09,0.40,0.09
0.0,(g) Deferred tax assets (net),-,119.15,-,112.28
0.0,(h) Current tax assets,4.74,-,37.34,-
0.0,(i) Other non-current assets,56.51,28.72,64.40,28.72
2.0,Current assets (a) Inventories (b) Financial assets,2012.36,1754.68,2384.47,2096.54
0.0,(i) Investments,0.47,0.97,0.47,0.97
0.0,(ii) Trade receivables,828.29,805.01,906.81,889.52
0.0,(iii) Cash and cash equivalents,20.52,35.24,46.90,45.59
0.0,(iv) Bank balances other than(iii) above,16.08,5.82,16.08,5.82
0.0,(v) Loans,11.63,23.86,6.64,23.88
0.0,(vi) Other financial assets,22.08,117.21,22.08,117.21
0.0,(c) Current tax assets (net),17.02,59.09,13.99,65.90
0.0,(d) Other current assets,364.90,396.65,375.91,411.78
0.0,TOTAL-ASSETS,10164.32,10270.87,10834.07,10909.87
0.0,EQUITY AND LIABILITIES EQUITY (a) Equity share capital,95.84,79.89,95.84,79.89
0.0,(b) Other equity,2255.78,1661.32,2369.36,1734.10
0.0,(c) Non-controlling interests,0,0,8.99,6.07
0.0,LIABILITIES,0,0,0,0
1.0,Non-current liabilities,0,0,0,0
0.0,(a) Financial liabilities,0,0,0,0
0.0,(i) Borrowings,3550.90,3381.99,3550.90,3381.99
0.0,(ii) Other financial liabilities,50.73,14.41,50.73,14.41
0.0,(b) Provisions,4.65,7.40,12.31,13.42
0.0,(c) Deferred tax liabilities (net),45.52,-,58.95,-
0.0,(d) Other non-current liabilities,349.35,111.70,349.35,111.70
2.0,Current liabilities,0,0,0,0
0.0,(a) Financial liabilities,0,0,0,0
0.0,(i) Borrowings,765.54,1738.13,1051.51,1997.75
0.0,(ii) Trade payables,1940.23,1643.59,2132.52,1864.91
0.0,(iii) Other financial liabilities,878.02,1227.64,878.02,1227.65
0.0,(b) Other current liabilities,227.42,404.25,275.25,477.43
0.0,(c) Provisions,0.34,0.55,0.34,0.55
0.0,TOTAL - EQUITY AND LIABILITIES,10164.32,10270.87,10834.07,10909.87
