0,1,2,3,4,5
Particulars,Particulars,Standalone ( Rs. In Cr),Standalone ( Rs. In Cr),Consolidated ( Rs. In Cr),Consolidated ( Rs. In Cr)
Particulars,Particulars,Year ended,Year ended,Year Ended- Consolidated,Year Ended- Consolidated
Particulars,Particulars,31.03.2018 | 31.03.2017,31.03.2018 | 31.03.2017,31.03.2018 | 31.03.2017,31.03.2018 | 31.03.2017
Particulars,Particulars,Audited,Audited,Audited,Audited
A,Assets,0,0,0,0
0,Non-current assets,0,0,0,0
0,Property plant and equipment,2486.37,2397.98,2487.98,2399.99
0,Capital work-in-progress,73.00,25.49,73.00,25.49
0,Investment property,0,0,8.56,8.56
0,Intangible assets,5.18,1.07,5.18,1.07
0,Intangible assets under development,0.51,0.51,0.51,0.51
0,Investment in subsidiaries,0.04,0.04,-,-
0,Financial assets,0,0,0,0
0,(i) Investments,10.28,8.78,10.28,8.78
0,(ii) Loans,8.45,10.35,6.81,6.81
0,(iii) Other non-current financial assets,4.81,8.25,4.81,8.25
0,(iv) Other-non current assets,30.51,17.19,30.51,17.19
0,Current assets,0,0,0,0
0,Inventories,587.88,509.24,636.70,584.33
0,Financial assets,0,0,0,0
0,(i) Trade receivables,285.56,326.85,228.67,276.16
0,(ii) Cash and cash equivalents,9.01,5.14,11.58,9.29
0,(iii) Bank balances other than cash and cash equivalents,15.23,26.85,15.23,26.85
0,(iv) Other current financial asset,10.72,19.26,8.82,16.58
0,Current tax assets (net),20.21,41.89,20.21,41.89
0,Other current assets,76.98,68.84,79.29,71.86
0,Total Assets,3624.74,3467.73,3628.14,3503.60
B,Equity and Liabilities,0,0,0,0
0,Equity,0,0,0,0
0,Equity share capital,97.42,99.47,97.42,99.47
0,Other equity,1524.52,1251.85,1513.42,1247.05
0,Liabilities,0,0,0,0
0,Non-current liabilities,0,0,0,0
0,Financial liabilities,0,0,0,0
0,(i) Long term borrowings,744.33,697.96,744.33,697.96
0,Long Term Provisions,6.33,6.13,6.33,6.13
0,Deferred tax liabilities (net),194.95,235.98,194.95,235.98
0,Current liabilities,0,0,0,0
0,Financial liabilities,0,0,0,0
0,(i) Short term borrowings,399 76,514.02,408.20,546.62
0,(ii) Trade payables,382.44,333.74,382.44,333.73
0,(iii) Other current financial liabilities,228.11,298.29,228.11,298.29
0,Other current liabilities,31.80,13.60,37.86,21.61
0,Short term provisions,15.08,16.69,15.08,16.75
0,Total Equity and Liabilities,3624.74,3467.73,3628.14,3503.60
