0,1,2,3,4,5,6,7,8
0,0,0,0,0,STANDALONE,STANDALONE,CONSOLIDATED,CONSOLIDATED
0,0,Particulars,0,0,As at 31 March 2018,As at 31 March 2017,As at 31 March 2018,As at 31 March 2017
A,EQUITY AND LIABILITIES,0,0,0,0,0,0,0
1,Shareholders* funds,0,0,0,0,0,0,0
0,a) Share capital,0,0,0,12289 54,11300 83,12289.54,11300 83
0,b) Reserves and surplus,0,0,0,9.18019 18,6.36.423 59,979231 39,6 84 714 72
0,b) Reserves and surplus,0,0,Sub-total - Shareholders'funds,930308.72,647724.42,991520.93,696015.55
2,Minority interest,0,0,0,-,-,14384.32,9980.11
3,Non-current liabilities,0,0,0,0,0,0,0
0,a) Long-term borrowings,0,0,0,2381608 15,2141240 07,2889497 52,2491079.04
0,b) Other long-term liabilities,0,0,0,54083 09,42740.10,54084 09,42741.10
0,c) Long term provisions,0,0,0,73043.41,54890.35,83378.75,62168.69
0,0,0,0,Sub-total - Non-current liabilities,2508734.65,2238870.52,3026960.36,2595968.83
4,Current liabilities,0,0,0,0,0,0,0
0,a) Short term borrowings b) Trade payables :,0,0,0,608489.86,579021.57,777187.24,714064.72
0,(i) Due to micro and Small Enterprises,0,0,0,-,-,-,-
0,(ii) Due to other than Micro and Small Enterprises,(ii) Due to other than Micro and Small Enterprises,0,0,93444.32,57.757.08,1.01424.54,60687.84
0,c) Other current liabilities,0,0,0,1126850.61,898635.08,1257414.02,1073701.93
0,d) Short term provisions,0,0,0,1.68.952 39,1.61.674 92,184.955 39,171 853.34
0,0,0,0,Sub-total - Current liabilities,1997.737.18,16.97.088.65,2320981.19,2020307.83
0,0,0,0,TOTAL - EQUITY AND LIABILITIES,5436.780.55,4583.683.59,6353846.80,5322.292.32
B,ASSETS,0,0,0,0,0,0,0
1,Non-current assets,0,0,0,0,0,0,0
0,a) Fixed assets,0,0,0,0,0,0,0
0,i) Property Plant and Equipments,0,0,0,11242 43,10.843 54,13739.60,12931 37
0,ii) Intangible assets,0,0,0,723 97,307 93,925 94,403.76
0,iii) Capital work-in-progress,0,0,0,0,49 09,0,55.67
0,iv) Goodwill on consolidation,0,0,0,-,-,527.46,4.05
0,v) Intangible assets under development,0,0,0,-,0,45.60,58.21
0,b) Non-current investments,0,0,0,1.45791.06,1.31173.39,77661.68,79794.03
0,c) Deferred tax assets (Net),0,0,0,79393.23,73166.69,82318.42,75717.77
0,d) Long-term loans and advances,0,0,0,2764930.51,2223650.53,3488224.42,2812902.15
0,e) Other non-current assets,0,0,0,5686.25,11978.80,5882.63,12124.28
0,0,0,0,Sub-total - Non-current assets,3007767.45,2451169.97,3669325.75,2993991.29
2,Current assets,0,0,0,0,0,0,0
0,a) Current investments,0,0,0,41525.68,56133 37,41161.05,57598.21
0,b) Trade receivables,0,0,0,742 86,582.70,6045.98,2295.93
0,c) Cash and cash equivalents,__,0,0,41112.09,57806.50,48537.79,60387.54
0,d) Short-term loans and advances e) Other current assets,/m // S / I llif I,0,0,2335501.51 10130.96,2011982.46 6 008 59,2577808.78 10.967.45,2201635.67 6383.68
0,0,/m // S / I llif I,0,Sub-total - Current assets,24.29.013.10,21.32.513.62,26.84.521.05,23.28301.03
0,0,(IJ ( Mutf,*3' ISI,TOTAL -ASSETS,54.36780.55,4583683.59,6353846.80,5322292.32
