0,1,2
0,March 312018,March 312017
ASSETS,0,0
Non-current assets,0,0
Property; plant and equipment,49108,60667
Capital work in progress,13777,7377
Goodwill,114046,122276.
Other intangible.assets,18113,IS922
Financial assets,0,0
investments,7<568,7103
Investments in equity accounted investee,1.206,-
Derivative assets,4.1,1.06
Trade receivables,4446,3.998:
Other financial assets,4186,4785
Deferred tax assets,6908,3098
Non-current tax assets,18349,12008
Other. npnH^urrcrit assets,12.929,13582
Total non-currcnt assets,25077.7,250922
Current assets,0,0
Inventories,3370,3915
Financial assets,0,0
Investments,249094,292.030
Trade receivables,100990,; 94846.
Cash and cash equivalents,44925.,52.710.
Derivative assets.,1232,9747
Unbilled revenues,42486,.45095
Other financial assets,7429,8.629
Currant tax assets,6262,9804
Other current assets,23167,22122.
0,478955,538898
Assets held for sale,27*201' .,-
Total current assets,506156,538898
TOTAL ASSETS,756933,789820
EOliiTY AND LIABILITIES,0,0
Equity,0,0
Share capital,9.048,4861
Other equity,470315,511.841
Equity attributable to the. equity holders of the .Company,479363,516702
Non-controlling interest,2.410,2.391 .
Total equity,481.673,519093
Non-current liabilities,0,0
Financial-liabilities,0,0
Long - term loans and borrowings,45368,19611
Derivative liabilities,7,2.
Other financial liabilities,7,$53
uetCnetl tax liaollHies,3.025,0.576
Non-current tax liability,9.220,9347
Other non-current liabilities,2432,410
Provisions.,1794,4.241
Total non-current liabilities,61753,4L242
Current liabilities,0,0
Financial liabilities,0,0
Loans and borrowings and bank overdrafts,79598,116.741
Trade payables,5.1203,48673
Derivative liabilities,2.210,2708:
Other financial liabilities,31369,23156
Unearned revenues,17139,16150
C urrent tax 1 iabiiiti cs,9417,8101
Other current liabilities,6656,.64.13
Provisions,9.703,7543
0,207:295,229485
Liabilities directly associated with assets held for sale,6212,-
Total current liabilities,213507,229485
TOTAL LIABILITIES,275260,270727
TOTAL EQUITY AND LIABILITIES,756933,789820
