0,1,2
Statement of Assets and Liabilities (Standalone - Audited!,Statement of Assets and Liabilities (Standalone - Audited!,Rs. in Lakhs
0,As at,As at
Particulars,31 March 2018,31 March 2017
0,(Audited),(Audited)
ASSETS,0,0
Non-current assets,0,0
Property plant and equipment,218.80,309.26
Other intangible assets,8.79,15.97
Financial assets,0,0
Investments,660210.24,612466.31
Loans,13814.11,6217.15
Deferred tax assets (net),8240.20,8458.54
Non-current tax assets (net),9693.82,8285.65
Other non-current assets,129.12,249.65
Total of non-current assets,692315.08,636002.53
Current assets,0,0
Inventories,7132.76,7132.76
Financial assets,0,0
Investments,29338.84,8590.86
Trade receivables,185.19,188.58
Cash and cash equivalents,1360.51,4421.70
Other bank balances,5379.52,9132.18
Loans,281587.01,306143.95
Other financial assets,2.13,1.00
Other current assets,1962.86,1604.53
Total of current assets,326948.82,337215.56
Total of Assets,1019263.90,973218.09
EQUITY AND LIABILITIES,0,0
Equity,0,0
Equity share capital,9493.48,9568.29
Other equity,682769.46,607205.87
Total of Equity,692262.94,616774.16
Liabilities,0,0
Non-current liabilities,0,0
Financial liabilities,0,0
Borrowings,144971.15,171427.00
Provisions,29.78,19.54
Total of Non-current liabilities,145000.93,171446.54
Current liabilities,0,0
Financial liabilities,0,0
Borrowings,97912.50,83991.00
Other financial liabilities,83802.65,100758.45
Other current liabilities,281.94,244.20
Provisions,2.94,3.74
Total of Current liabilities,182000.03,184997.39
Total of Equity and Liabilities,1019263.90,973218.09
