0,1,2
Statement of Assets and Liabilities,As at,As at
0,31 March,31 March
0,2018,2017
Assets,0,0
Non-current assets,0,0
(a) Property plant and equipment,34160,35159
(b) Capital work-in-progress,1723,1532
(c) Intangible assets,276,442
(d) Intangible assets under development (e) Financial assets,961,789
(i) Investments,21894,22060
(ii) Loans,571,1697
(iii) Others,20,29
(f) Non-current tax assets (net),523,458
(g) Other non-current assets,2411,1733
Total non-current assets,62539,63899
Current assets,0,0
(a) Inventories (b) Financial assets,8305,6673
(i) Trade receivables,12913,10376
(ii) Cash and cash equivalents,717,41
(iii) Bank balances other than (ii) above,99,77
(iv) Loans,11122,11139
(v) Others,470,376
(c) Current tax assets (net),-,151
(d) Other current assets,2.B54,2990
Total current assets,36480,31823
Total assets,99.019,95722
Equity and liabilities,0,0
Equity a) Equity share capital,3145,3143
b) Other equity,62326,59066
Total equity,65471,62.209
Liabilities Non-current liabilities,0,0
(a) Financial liabilities,0,0
(i) Borrowings,7262,15045
(b) Provisions,1885,1806
(c) Deferred tax liabilities (net),1255,1904
Total non-current liabilities,10402,18755
Current liabilities,0,0
(a) Financial liabilities,0,0
(i) Borrowings,5696,1795
(ii) Trade payables,5406,4681
(iii) Others,10812,6872
(b) Other current liabilities,416,499
(c) Provisions,431,421
(d) Current tax liabilities (net),378,490
Total current liabilities,2314f,14758
Total equity and liabilities,99016,95722
