0,1,2
A ASSETS 1 Non-current assets,A ASSETS 1 Non-current assets,A ASSETS 1 Non-current assets
(a) Property plant and equipment,36297,35529
(b) Capital work-in-progress,7789,5327
(c) Investment property,-,8
(d) Goodwill,264,264
(e) Other intangible assets,434,458
(f) Intangible assets under development,5239,3065
(g) Investments in associates and a joint venture,638,422
(h) Financial assets,(h) Financial assets,(h) Financial assets
Investments,-,1458
Derivative assets,1109,1092
Other financial assets,248,197
(i) Income tax asset net,1273,895
(j) Deferred tax asset net,1934,1975
(k) Other non-current assets,3186,2775
Non-current assets,58411,53465
2 Current assets,2 Current assets,2 Current assets
(a) Inventories,7225,6353
(b) Financial assets,(b) Financial assets,(b) Financial assets
Investments,6114,10650
Trade receivables,10639,8832
Cash and cash equivalents,5012,7102
Other bank balances,8216,3341
Derivative assets,995,1059
Other financial assets,1915,2143
(c) Other current assets,1370,997
Current assets,41486,40477
TOTAL-ASSETS,99897,93942
B EQUITY AND LIABILITIES 1 Equity,B EQUITY AND LIABILITIES 1 Equity,B EQUITY AND LIABILITIES 1 Equity
(a) Equity share capital,3000,1000
(b) Other equity,48808,47377
Equity attributable to owners of the Company,51808,48377
Non-controlling interests,4677,3761
Total Equity,56485,52138
2 Non-current liabilities (a) Financial liabilities,2 Non-current liabilities (a) Financial liabilities,2 Non-current liabilities (a) Financial liabilities
Borrowings,17898,21082
Derivative liability,183,61
Other financial liabilities,2,2
(b) Provisions,493,360
(c) Other non-current liabilities,3423,3516
Non-current liabilities,21999,25021
3 Current liabilities (a) Financial liabilities,3 Current liabilities (a) Financial liabilities,3 Current liabilities (a) Financial liabilities
Borrowings,1303,972
Trade payables,10053,7397
Derivative liability,62,63
Other financial liabilities,5563,4085
(b) Provisions,465,468
(c) Income tax liability net,891,964
(d) Other current liabilities,3076,2834
Current liabilities,21413,16783
TOTAL - EQUITY AND LIABILITIES,99897,93942
