0,1,2
2 Current assets,0.0,0.0
(a) Inventories,5617.0,5396.0
(b) Financial assets,0.0,0.0
Investments,4538.0,5247.0
Trade receivables,7399.0,7982.0
Cash and cash equivalents,891.0,3416.0
Other bank balances,1078.0,413.0
Other financial assets,759.0,983.0
(c) Other current assets,295.0,348.0
Total current assets,20577.0,23785.0
TOTAL-ASSETS,77269.0,74689.0
B EQUITY AND LIABILITIES,0.0,0.0
1 Equity,0.0,0.0
(a) Equity share capital,3000.0,1000.0
(b) Other equity,64386.0,64411.0
Total Equity,67386.0,65411.0
2 Non-current liabilities,0.0,0.0
(a) Financial liabilities,0.0,0.0
Borrowings,672.0,1324.0
Other financial liabilities,7.0,2.0
(b) Provisions,172.0,133.0
(c) Other non-current liabilities,716.0,767.0
Total non-current liabilities,1567.0,2226.0
3 Current liabilities,0.0,0.0
(a) Financial liabilities,0.0,0.0
Trade payables,5797.0,4505.0
Other financial liabilities,1130.0,1164.0
(b) Provisions,316.0,320.0
(c) Income tax liability net,740.0,777.0
(d) Other current liabilities,333.0,286.0
Total current liabilities,8316.0,7052.0
TOTAL - EQUITY AND LIABILITIES,77269.0,74689.0
