0,1,2,3,4,5
No.,Particulars,Standalone,Standalone,Consolidated,Consolidated
No.,Particulars,for the year ended on,for the year ended on,for the year ended on,for the year ended on
No.,Particulars,March 31 2018,March 31 2017,March 31 2018,March 31 2017
A,ASSETS,0,0,0,0
1,Non-current assets,0,0,0,0
0,a Property plant and equipment,918.87,927.69,1000.30,999.04
0,b Capital work-in-progress,69.56,36.99,96.20,58.99
0,c Investment properties,3.22,3.22,3.22,3.22
0,d Goodwill,-,-,23.75,23.75
0,e Intangible assets,0.01,0.02,0.01,0.02
0,f Biological assets other than bearer plants,-,-,11.50,9.32
0,g Investments accounted for using the equity method,-,-,10.72,10.00
0,h Financial assets,0,0,0,0
0,i) Investments,594.81,531.57,453.42,416.02
0,ii) Loans,5.03,7.01,0.20,.
0,iii) Others financial assets,2.48,4.65,1.52,1.14
0,i Income tax assets (net),0.67,-,2.58,1.21
0,j Deferred tax assets,-,-,5.01,2.67
0,k Other non-current assets,44.04,74.63,49.67,74.66
0,Total non-current assets,1638.69,1585.78,1658.10,1600.04
2,Current assets,0,0,0,0
0,a Inventories,378.95,367.89,411.43,419.24
0,b Biological assets other than bearer plants,-,-,11.20,11.77
0,c Financial assets,0,0,0,0
0,i) Investments,-,-,5.70,2.92
0,ii) Trade receivables,717.68,507.06,723.40,51896
0,iii) Cash and cash equivalents,20.19,5.38,42.67,23.44
0,.  Bank balances other than cash and cash IV) equivalents above,1.98,1.83,6.72,4.86
0,v) Loans,2.04,5.18,-,-
0,vi) Others financial assets,31.94,25.12,20.90,19.98
0,d Other current assets,127.68,121.50,133.47,125.92
0,Total current assets,1280.46,1033.96,1355.49,1127.09
0,Total assets,2919.15,2619.74,3013.59,2727.13
B,EQUITY AND LIABILITIES,0,0,0,0
0,Equity,0,0,0,0
0,a Equity share capital,29.68,29.68,29.68,29.68
0,b Other equity,2167.86,1891.14,2214.24,1.936.26
0,Equity attributable to owners of the Company,2197.54,1920.82,2243.92,1965.94
0,Non-controlling interests,-,-,20.01,15.25
0,Total equity,2197.54,1920.82,2263.93,1981.19
0,Liabilities,0,0,0,0
1,Non-current liabilities,0,0,0,0
0,a Financial liabilities,0,0,0,0
0,i) Borrowings,-,-,-,0.38
0,ii) Other financial liabilities,22.57,21.44,25.23,24.05
0,b Provisions,17.71,20.04,17.84,20.15
0,c Deferred tax liabilities,124.65,99.75,129.55,104.09
0,d Other non-current liabilities,-,-,8.30,9.67
0,Total non-current liabilities,164.93,141.23,180.92,158.34
2,Current liabilities,0,0,0,0
0,a Financial liabilities,0,0,0,0
0,i) Borrowings,0.01,134.00,15.91,144.59
0,ii) Trade payables,470.46,329.06,459.02,337.49
0,iii) Other financial liabilities,55.18,68.82,57.66,74.63
0,b Other current liabilities,14.66,16.20,17.15,17.90
0,c Provisions,8.36,7.62,10.87,9.60
0,d Current tax liabilities (net),8.01,1.99,8.13,3.39
0,Total current liabilities,556.68,557.69,568.74,587.60
0,Total liabilities,721.61,698.92,749.66,745.94
0,Total equity and liabilities,2919.15,2619.74,3013.59,2.727.1A
