0,1,2,3
Sr. No.,Particulars,As at 31.03.2018 Audited,As at 31.03.2017 Audited
B,ASSETS:,0,0
1,Non-current assets,0,0
0,(a) Property plant & equipment - Tangible Assets,13.73,2.84
0,(b) Non-current investments,55720.29,51743.51
0,(c) Long-term loans and advances,21791.80,31555.99
2,Current assets,0,0
0,(a) Trade receivables,379.35,232.71
0,(b) Cash and bank balance,798.24,5.33
0,(c) Short-term loans and advances,12141.51,516.24
0,(d) Other current assets,769.20,657.23
0,TOTAL- ASSETS,91614.12,84713.85
