0,1,2
Particulars,As at 31-Mar-18 Audited,As at 31-Mar-17 Audited
A ASSETS,0,0
1 Non-current Assets,0,0
Property Plant and Equipment,244542,221885
Capital work-in-progress,6513,13244
Intangible assets,552536,539365
Intangible assets underdevelopment,29340,62048
Financial Assets,0,0
Non-current investments,18583,22266
Long term loans to employees,24,26
Other non-current financial assets,4182,5079
Deferred Tax Assets (Net),8220,0
Other non-current assets,17744,27497
Sub-total Non-current assets,881684,891410
2 Current Assets,0,0
Inventories,339,542
Financial Assets,0,0
Current investments,45279,40247
Trade receivables,8874,12581
Cash and cash equivalents,190,269
Bank balance other than cash and cash equivalents,33,44
Current portion of loans to employees,20,21
Other current financial assets,313,403
Current tax assets,7750,0
Other current assets,17884,12091
0,80682,66198
Non-Current assets classified as held for sale,4865,16
Sub-total current assets,85547,66214
TOTAL-ASSETS,967231,957624
B EQUITY AND LIABILITIES,0,0
1 Equity,0,0
Equity share capital,43593,36053
Other equity,213102,201185
Sub-total Equity,256695,237238
2 Non-Current Liabilities,0,0
Financial liabilities,0,0
Long term borrowings,569408,516378
Other non-current financial liabilities,26062,10034
Long term provisions,3080,3311
Deferred tax liabilities (Net),-,16791
Other non-current liabilities,5601,4908
Sub-total non-current liabilities,604151,551422
3 Current Liabilities,0,0
Financial liabilities,0,0
Short term borrowings,217,337
Trade payable,35605,39921
Other current financial liabilities,43820,102295
Other current liabilities,26525,26250
Short term provisions,218,161
Sub-total current liabilities,106385,168964
TOTAL - EQUITY AND LIABILITIES,967231,957624
