0,1,2
Particulars,As at 31-Mar-18 Audited,As at 31-Mar-17 Audited
A ASSETS 1 Non-current Assets Property Plant and Equipment,244549,228443
Capital work-in-progress,6513,13303
Goodwill on consolidation,61,61
Other Intangible assets,552309,539128
Intangible assets under development,29340,62048
Financial Assets Investments accounted for using the equity method,16601,14785
Long term loans to employees,24,26
Other non-current financial assets,4180,4865
Deferred Tax Assets (Net),12052,369
Other non-current assets,17797,27694
Sub-total Non-current assets,883426,890722
2 Current Assets Inventories,367,588
Financial Assets Current investments,56304,48998
Trade receivables,8874,13139
Cash and cash equivalents,193,782
Bank balance other than cash and cash equivalents,98,45
Current portion of loans to employees,20,21
Other current financial assets,314,399
Current tax assets (Net),7752,25
Other current assets,17915,12312
Non-Current assets classified as held for sale,91837 10509,76309 16
Sub-total current assets,102346,76325
TOTAL-ASSETS,985772,967047
B EQUITY AND LIABILITIES 1 Equity Equity share capital,43593,36053
Other equity,229031,211269
Sub-total Equity,272624,247322
2 Non-Current Liabilities Financial liabilities Long term borrowings,569408,516378
Other non-current financial liabilities,26062,10382
Long term provisions,3107,3842
Deferred tax liabilities (Net),659,13587
Other non-current liabilities,5601,4921
Sub-total non-current liabilities,604837,549110
3 Current Liabilities Financial liabilities Short term borrowings,217,347
Trade payable,35479,40777
Other current financial liabilities,43820,102560
Other current liabilities,26598,26732
Short term provisions,224,199
Sub-total current liabilities,106338,170615
^ Liabilities classified as held for sale,1973,-
^—TOTAL - EQUITY AND LIABILITIES,985772,967047
