0,1,2
PARTICULARS,As at,As at
0,31-Nlar»18,31-Mar-17
0,Audited,Audited
A EQUITY AND LIABILITIES,0,0
1 Shareholders’ Funds,0,0
- Share Capital,335.18,317.73
- Reserves and Surplus,61016.98,39276.55
- Money received against warrants,50.38,51.10
Sub Total - Shareholders' Funds,61402.54,39645.38
2 Non-current Liabilities,0,0
- Long-Term Borrowings,153341.42,150062.23
- Deferred Tax Liability (Net),2333.58,2388.58
- Other Long-Term Liabilities,2754.28,2338.52
- Long-Term Provisions,5145.06,3126.75
Sub Total - Non-Current Liabilities,163574.34,157916.08
3 Current Liabilities,0,0
- Short Term Borrowings,63625.45,42130.33
- Trade Payables,207.59,147.71
- Other Current Liabilities :,0,0
- Borrowings,102945.24,87539.59
- Others,9790.14,9750.58
- Short Term Provisions,129.13,176.37
Sub Total - Current Liabilities,176697.55,139744.58
TOTAL - EQUITY AND LIABILTIES,401674.43,337306.04
B ASSETS,0,0
1 Non-Current Assets,0,0
- Fixed Assets,0,0
- Tangible assets,639.71,638.21
- Intangible assets,4.79,4.13
- Non-Current Investments,19879.10,16829.94
- Long Term Loans and Advances;,3797.03,6605.42
- Other Non-Current assets,1752.66,1539.60
Sub Total - Non Current Assets,26073.29,25617.30
2 Loans,0,0
- Non-current Loans,338880.16,264679.43
- Current Loans,20561.85,31792.41
Sub Total - Loans,359442.01,296471.84
3 Current Assets,0,0
- Current Investments,10653.41,3580.16
- Trade Receivables,109.59,109.48
- Cash and bank balances,1371.39,6318.80
- Short -Term Loans and Advances :,2305.84,4021.32
- Other Current Assets,1718.90,1187.14
Sub Total - Current Assets,16159.13,15216.90
T0TAL ^SSETS /,40167443,337306.04
