0,1,2
PARTICULARS,31-Mar-18,31-Mar-17
PARTICULARS,Audited,Audited
A. EQUITY AND LIABILITIES,A. EQUITY AND LIABILITIES,A. EQUITY AND LIABILITIES
1. Shareholders' Funds,0,0
- Share Capital,335.18,317.73
- Reserves and Surplus,86155.84,59690.48
- Money received against warrants,50.38,51.10
Sub Total - Shareholders' Funds,86541.40,60059.31
2. Minority Interest,4697.65,3472.57
3. Non-current Liabilities,0,0
- Policy Liabilities,85946.93,74256.39
- Long-Term Borrowings,161709.86,161952.00
- Deferred Tax Liabilities (Net),2493.59,2514.22
- Other Long-Term Liabilities,2853.14,2492.52
- Long-Term Provisions,5911.46,384756
Sub Total - Non-Current Liabilities,258914.98,245062.69
4. Current Liabilities,0,0
- Short Term Borrowings,69618.96,42447.95
- Trade Payables,7114.45,5927.15
- Other Current Liabilities :,0,0
- Policy Liabilities,16795.41,14274.24
- Borrowings,105301.56,89394.67
- Others,10439.84,10646.96
- Short Term Provisions,3277.01,2851.80
Sub Total - Current Liabilities,212547.23,165542.77
TOTAL - EQUITY AND LIABILTIES,562701.26,474137.34
B.ASSETS,B.ASSETS,B.ASSETS
1. Non-Current Assets,0,0
- Fixed Assets including Capital Work in Progress,1354.12,1342.37
- Goodwill on Consolidation,221.85,620.04
- Non-Current Investments,139486.35,119045.97
- Deferred Tax Assets (Net),18.40,15.67
- Long Term Loans and Advances,4329.45,7132.97
- Other Non-Current assets,1948.69,1628.68
Sub Total - Non Current Assets,147358.86,129785.70
3. Loans,0,0
- Non-current Loans,357455.75,280107.81
- Current Loans,21717.01,32783.64
Sub Total - Loans,379172.76,312891.45
3. Current Assets,0,0
- Current Investments,23742.12,13809.31
- Trade Receivables,1488.05,1482.43
- Cash and bank balances,3012.39,7496.78
- Short -Term Loans and Advances,4500.39,5335.93
- Other Current Assets,3426.69,3335.74
Sub Total - Current Assets .,36169.64,31460.19
TOTAL - ASSETS .XX XXP. 'Xa,562701.26,474137.34
