0,1,2,3,4,5
0,Particulars,STANDALONE,STANDALONE,CONSOLIDATED |,CONSOLIDATED |
0,Particulars,As at 31st March 2018,As at 31st March 2017,As at 31st March 2018,As at | 31st March 2017
0,Particulars,Audited,Audited,Audited,Audited
A,ASSETS,0,0,0,0
1,Non-Current Assets,0,0,0,0
0,(a) Property Plant and Equipment,3638.41,3359.39,4007.88,3645.89
0,(b)Capital Wwrk-in-progress,671.04,507.10,691.82,616.62
0,(c) Other Intangible assets,9.98,10.43,11.36,12.02
0,(d) Financial Assets,0,0,0,0
0,- Investments,1389.02,1373.72,1125.26,1079.94
0,- Loans,46.99,37.73,51.52,40.73
0,- Other financial Assets,36.50,265.71,36.50,265.71
0,(e) Deferred tax asset(net),0,0,2.02,1.60
0,(f) Non-current tax assets,359.40,422.45,359.40,422.45
0,(g) Other non-current assets,1343.25,1344.09,1354.70,1359.78
0,Sub Total-Non Current Assets,7494.59,7320.62,7640.46,7444.74
2,Current Assets,0,0,0,0
0,(a) Inventories,27.41,22.54,27.83,23.14
0,(b) Financial Assets,0,0,0,0
0,- Trade receivables,60.40,42.48,90.94,63.17
0,- Cash and cash equivalents,177.38,103.73,222.45,135.28
0,- Other Bank balances,1804.32,1579.72,1809.92,1610.96
0,- Loans,159.84,164.80,133.20,130.35
0,- Other financial Assets,138.11,201.22,138.47,202.70
0,(c ) Current tax assets,0,0,3.06,6.17
0,(d) Other current assets,785.80,505.50,794.17,510.50
0,Sub Total-Current Assets,3153.26,2619.99,3220.04,2682.27
0,TOTAL -ASSETS,10647.85,9940.61,10860.50,10127.01
B,EQUITY AND LIABILITIES,0,0,0,0
1,Equity,0,0,0,0
0,(a) Equity Share capital,243.72,194.97,243.72,194.97
0,(b) Other Equity,9157.39,8651.23,9104.43,8576.18
0,Sub Total-Equity,9401.11,8846.20,9348.15,8771.15
2,Non-Controlling Interests,0,0,113.37,107.50
3,Non-Current Liabilities,0,0,0,0
0,(a) Financial Liabilities,0,0,0,0
0,-Borrowings,0,0,62.00,62.00
0,-Other financial liabilities,21.28,24.99,20.61,27.61
0,(b) Provisions,45.78,50.20,45.85,51.02
0,(c) Deferred tax liabilities (Net),187.71,240.17,191.22,243.36
0,(d) Other non-current liabilities,12.12,12.28,15.56,16.09
0,Sub Total-Non Current Liabilities,266.89,327.64,335.24,400.08
4,Current Liabilities:,0,0,0,0
0,(a) Financial Liabilities,0,0,0,0
0,- Trade payables,254.24,241.52,275.94,259.29
0,- Other financial liabilities,437.83,327.60,484.27,383.83
0,(b) Current tax liabilities,0,0,-,-
0,(c ) Other current liabilities,263.18,179.27,f 278.92,186.61
0,(d) Provisions,24.60,18.38,. 1 _ ■: ’ 24.61,18.55
0,Sub Total-Current Liabilities,979.85,766.77,1063.74,848.28
0,0,0,0,'• . \ J . • ;Vr-.V.,0
0,TOTAL-EQUITY AND LIABILITIES,10647.85,9940.61,0,^ 10127.01
