0,1,2
0,As at,As at
Particulars,March 312018,March 31 2017
0,Audited,Audited
Assets,0,0
(l)Non-current assets,0,0
(a) Property plant and equipment,264361,238329
(b) Capital work-in-progress,30935,31928
(c) Intangible assets,8018,6924
(d) Intangible assets under development (e) Financial assets,61,698
(i) Investments,17346,16733
(ii) Loans,314,8
(iii) Others,202,578
(f) Non current tax assets (net),3944,3959
(g) Other non-current assets (refer note 6),9457,8340
Total non-current assets,334638,307497
(2) Current assets,0,0
(a) Inventories (b) Financial Assets,78461,94348
(i) Investments,4006,6427
(ii) Trade receivables,74723,61380
(iii) Cash and cash equivalents,8218,2401
(iv) Bank balances other than cash and cash equivalents,407,1191
(v) Loans,36,127
(c)Other financial assets,956,1371
(d) Other current assets,14654,16.952
Total current assets,181461,184197
Total assets,516.099,491694
Equity and liabilities,0,0
(1) Equity,0,0
(a) Equity share capital,4045,4045
(b) Other equity,256564,237450
Equity attributable to equity holders of parent,260609,241495
(c) Non-controlling interest,2337,2915
Total equity,262946,244410
(2) Non-current liabilities,0,0
(a) Financial liabilities,0,0
(i) Borrowings,45116,85243 1666 3633 14492 1.465
(ii) Other financial liabilities,323,85243 1666 3633 14492 1.465
(b) Provisions (c) Deferred tax liability (net) (Refer note 6) (d) Deferred revenue,3438 18929 1352,85243 1666 3633 14492 1.465
Total non-current liabilities,69158,106499
(3) Current liabilities,0,0
(a) Financial liabilities (i) Borrowings (ii) Trade payables (iii) Other financial liabilities # (b) Deferred revenue (c) Provisions (d) Current tax liabilities (net),19557 87051 59428 103 5038 3 098,5799 75821 40747 82 5382
(e) Other current liabilities,9.720,2262 10.69?
Total equity and liabilities,183995 516099,140785 491694
