0,1,2,3
SI.No,Particulars,As at,As at
SI.No,Particulars,31.03.2018 (Audited),31.03.2017 fAudited)
0,ASSETS,0,0
0,Non-Current Assets,0,0
0,(a) Property Plant & Equipment,86436,91553
0,(b) Capital Work-in-Progress,10,208
0,(c) Other Intangible Assets (d) Financial Assets,18,46
0,(i) Investments,7851,8829
0,(ii) Loans,826,776
0,(e) Other Non Current Assets,6460,7285
0,Total Non Current assets,101601,108697
0,Current Assets (a) Inventories (b) Financial Assets,39134,30668
0,(i) Investments,1202,-
0,(ii) Trade Receivables,32419,21338
0,(iii) Cash & Cash Equivalents,1641,1981
0,(iv) Other Bank balances,1100,827
0,(v) Other financial assets,4196,5088
0,(c) Other Current Assets,11744,11426
0,Total Current assets,91436,71328
0,Total Assets,193037,180025
0,EQUITY AND LIABILITIES Equity (a) Equity Share Capital (Refer note no. 4),3695,3695
0,(b) Other Equity,129977,108111
0,Total Equity,133672,111806
0,LIABILITIES,0,0
0,Non-Current Liabilities,0,0
0,(a) Financial Liabilities,0,0
0,(i) Borrowings,10126,11196
0,(b) Deferred Tax Liabilities (Net),5750,5554
0,0,15876,16750
0,Current Liabilities,0,0
0,(a) Financial Liabilities,0,0
0,(i) Borrowings,22822,30750
0,(ii) Trade Payables,13749,11367
0,(iii) Other Financial Liabilities,3150,8784
0,(b) Other Current Liabilities,3762,159
0,(c) Current Tax Liabilities(Net),6,409
0,Total Current Liabilities,43489,51469
0,Total Equity and Liabilities,193037,180025
