0,1,2
Statement of Assets and Liabilities,0,0
0,Rs in Crore,Rs in Crore
PARTICULARS,As at,As at
PARTICULARS,31.03.2018,31.03.2017
0,Audited,Audited
A. ASSETS 1. Non current assets,0,0
a) Property plant and equipment,11181,9865
b) Capital work in progress,3220,3071
c) Other intangible assets,121,128
d) Investments in joint venture e) Financial assets,“,'
Loans,15,19
f) Deferred tax assets (net),2208,2748
g) Other non current assets,1137,785
h) Income tax assets,907,530
Sub-total - Non current assets,18789,17146
2. Current assets,0,0
a) Inventories b) Financial assets,1379,1936
i) Investments,20222,23783
ii) Trade receivables,184,136
iii) Cash and cash equivalents,173,189
iv) Bank balances other than (iii) above,1791,8191
v) Loans,1,1
vi) Other financial asset,11,5
c) Other current assets,382,408
Sub-total - Current assets,24143,34649
Total - Assets,42932,51795
B. EQUITY AND LIABILITIES 1. Equity,0,0
a) Equity share capital,845,845
b) Other equity,35087,29960
Sub-total - Equity,35932,30805
2. Non current liabilities,0,0
a) Financial liabilities - Others,69,93
b) Other non current liabilities,792,556
c) Provisions,134,111
Sub-total - Non current liabilities,995,760
3. Current liabilities,0,0
a) Financial liabilities,0,0
i) Short term borrowings,-,7908
ii) Trade payables,947,824
iii) Other financial liabilities,3094,8984
b) Other current liabilities,1713,2327
c) Provisions,86,17
d) Current tax liabilities,165,170
Sub-total - Current liabilities,6005,20230
Total - Equity and Liabilities,42932,51795
