0,2,4
Particulars,As at March 31 2018 (Audited),As at March 31 2017 (Audited)
ASSETS,0,0
(1) Non-current assets,0,0
(a) Property plant and equipment,240981,234062
(b) Capital work-in-progress,16186,4877
(c) Intangible assets,6544,6825
(d) Financial assets,0,0
(i) Investments,27999,19439
(ii) Loans,304,195
(iii) Other financial assets,171,289
(e) Non current tax assets(net),3915,3952
(f) Other non-current assets(Refer note 6),7141,2324
Total non-current assets,303241,271963
(2) Current assets,0,0
(a) Inventories,75496,92344
(b) Financial assets,0,0
(i) Investments,4006,6427
(ii) Trade receivables,71215,59205
(iii) Cash and cash equivalents,6964,1425
(iv) Bank balances other than cash and cash equivalents,337,322
(v) Loans,4902,5002
(vi) Other financial assets,1193,1155
(c) Other current assets,10695,16477
Total current assets,174808,182357
Total assets,478049,454320
EQUITY AND LIABILITIES,0,0
(1) Equity,0,0
(a) Equity share capital,4045,4045
(b) Other equity,250637,226570
Total equity,254682,230615
(2) Non-current liabilities,0,0
(a) Financial liabilities,0,0
(i) Borrowings,27230,70351
(ii) Other financial liabilities,323,1666
(b) Provisions,3380,3418
(c) Deferred tax liability (net)(Refer note 6),17815,13459
(d) Deferred revenue,968,1050
Total non-current liabilities,49716,89944
(3) Current liabilities,0,0
(a) Financial liabilties,0,0
(i) Borrowings,14364,5799
(ii) Trade payables,84854,74958
(iii) Other financial liabilities #,57001,37772
(b) Deferred revenue,82,82
(c) Provisions,5014,5460
(d ) Current tax liabilities (net),2867,2057
(e ) Other current liabilities,9469,7633
Total current liabilities,173651,133761
Total equity and liabilities,478049,454320
