0,1,2,3
0,Particulars,As at,As at
0,0,31/03/2018,31/03/2017
0,0,(Audited),(Audited)
A,ASSETS,0,0
1,Non-current assets,0,0
0,(a) Property plant and equipment,971.34,929.18
0,(b) Capital work-in-progress,2682,28.25
0,(c) Investment property,50.36,51.35
0,(d) Other intangible assets,8.78,12.80
0,(e) Financial assets,0,0
0,(i) Investments,2719.69,2319.03
0,(ii) Loans,9.61,8.92
0,(iii) Others,4.09,4.00
0,(f) Non-current tax assets (net),3.28,3.28
0,(g) Other non-current assets,59.89,74.60
0,Total non-current assets,3853.86,3431.41
2,Current assets (a) Inventories (b) Financial assets,704.79,599.27
0,(i) Investments,713.39,735.12
0,(ii) Trade receivables,321.34,333.25
0,(iii) Cash and cash equivalents,77.67,16.94
0,(iv) Bank balances other than (iii) above,9.35,9.22
0,(v) Loans,1.41,3.35
0,(vi) Others,4.06,7.36
0,(c) Other current assets,126.83,81.10
0,Total current assets,1958.84,1785.61
0,TOTAL ASSETS,5812.70,5217.02
B,EQUITY AND LIABILITIES,0,0
1,Equity (a) Equity share capital,176.15,176.15
0,(b) Other equity,4050.71,3481.73
0,Total Equity,4226.86,3657.88
2,Non-current liabilities,0,0
0,(a) Financial liabilities,0,0
0,(i) Borrowings,201.04,200.64
0,(ii) Other financial liabilities,4.25,3.71
0,(b) Provisions,50.04,47.52
0,(c) Deferred tax liabilities (net),96.03,98.28
0,Total non-current liabilities,351.36,350.15
3,Current liabilities i (a) Financial liabilities /H (i) Borrowings ^ (ii) Trade payables j °J (iii) Other financial liabilities \f*.\ /s;v (b) Other current liabilities ‘  -,85.49 960.62,83.04 914.52
0,Current liabilities i (a) Financial liabilities /H (i) Borrowings ^ (ii) Trade payables j °J (iii) Other financial liabilities \f*.\ /s;v (b) Other current liabilities ‘  -,81.60 38.48,76.52 70.40
0,(c) Provisions,64.39,54.38
0,(d) Current tax liabilities (net) |:. > . . ■ N . f,3.90,10.13
0,Total current liabilities p; J “ .,1234.48,1208.99
0,IT %J f 4 1 \J O Lee,0,0
0,TOTAL EQUITY AND LIABILITIES,5812.70,5217.02
