0,1,2,3,4,5
0,Particulars,Particulars,0,As at,As at
0,0,0,0,31/03/2018,31/03/2017
0,0,0,0,(Audited),(Audited)
A,ASSETS,ASSETS,0,0,0
1,Non-current assets,Non-current assets,0,0,0
0,(a),Property plant and equipment,0,1552.10,1479.02
0,(b),Capital work-in-progress,0,41.51,42.10
0,(c),Investment property,0,54.16,54.99
0,(d),Goodwill,0,411.54,410.53
0,(e),Other intangible assets,0,10.31,13.86
0,(f),Financial assets,0,0,0
0,0,(i) Investments,0,3091.78,2499.41
0,0,(ii) Loans,0,13.14,11.86
0,0,(iii) Others,0,4.11,6.38
0,(g),Non-current tax assets (net),0,3.33,3.31
0,(h),Other non-current assets,0,79.90,96.31
0,Total Non-current assets,Total Non-current assets,Total Non-current assets,5261.88,4617.77
2,Current assets,Current assets,0,0,0
0,(a),Inventories,0,1256.18,1106.71
0,(b),Financial assets,0,0,0
0,0,(i) Investments,0,713.39,740.75
0,0,(ii) Trade receivables,0,706.08,650.42
0,0,(iii) Cash and cash equivalents,0,153.80,163.22
0,0,(iv) Bank balances other than (iii',above,152.26,141.59
0,0,(v) Loans,0,34.88,3.80
0,0,(vi) Others,0,28.27,38.12
0,(c),Current tax asset(net),0,1.96,-
0,(d),Other current assets,0,391.01,269.86
0,(e),Assets held for sale,0,1.92,-
0,Total current assets,Total current assets,Total current assets,3439.75,3114.47
B,TOTAL ASSETS,TOTAL ASSETS,TOTAL ASSETS,8701.63,7732.24
1,EQUITY AND LIABILITIES Equity,EQUITY AND LIABILITIES Equity,0,0,0
0,(a),Equity share capital,0,176.15,176.15
0,(b),Other equity,0,5530.37,4671.24
0,0,Equity attributable to shareholders of the Company,Equity attributable to shareholders of the Company,5706.52,4847.39
0,(c),Non-controlling interest,0,26.53,24.77
0,Total equity,Total equity,Total equity,5733.05,4872.16
2,Non-current liabilities,Non-current liabilities,0,0,0
0,(a),Financial liabilities,0,0,0
0,0,(i) Borrowings,0,364.34,470.39
0,0,(ii) Other financial liabilities,0,4.25,3.71
0,(b),Provisions,0,56.50,53.40
0,(c),Deferred tax liabilities (net),0,109.05,108.04
0,Total non-current liabilities,Total non-current liabilities,0,534.14,635.54
3,Current liabilities,Current liabilities,"«f\ fey ""wx",0,0
0,(a),Financial liabilities,m rv jo,0,0
0,0,(i) Borrowings,\ 1 1,464.49,440.33
0,0,(ii) Trade payables,\Ct\ 'yv v%x:\,1410.32,1310.03
0,0,(iii) Other financial liabilities,0,238.20,174.69
0,(b) (c),Other current liabilities Provisions,0,173.03 107.47,169.10 91.89
0,(d),Current tax liabilities (net),0,40.93,38.50
0,Total current liabilities,Total current liabilities,Total current liabilities,2434.44,2224.54
0,TOTAL EQUITY AND LIABILITIES,TOTAL EQUITY AND LIABILITIES,TOTAL EQUITY AND LIABILITIES,8701.63,7732.24
