0,1,2
0,2017,2018
LIABILITIES AND EQUITY,0,0
Current liabilities,0,0
Current portion of capital lease obligations,$2976,$6877
Accounts payable,403182,277221
Short term borrowings,8402,6363
Current portion of long term debt,19219,20246
Accrued employee costs,305712,320388
Deferred revenue,168387,102990
Income taxes payable,114500,105733
Other current liabilities,723507,707490
Total current liabilities,1745885,1547308
Long term debt,54717,40435
Deferred income taxes,-,5292
Capital lease obligations net of current portion,4261,11538
Accrued employee costs,104395,107980
Deferred revenue,27220,27641
Other liabilities,6150,41875
Total liabilities (a),$1942628,$1782069
Commitments and contingencies (Note 26) HCL Technologies Limited Shareholders’ Equity Equity shares' 2 par value authorized 1500000000 shares,0,0
Issued and outstanding 1426783424 and 1392246384 shares as of March 31 2017 and 2018 respectively,57791,56715
Additional paid-in capital,916514,412658
Shares application money pending allotment,5,2
Retained earnings including appropriated and unappropriated,4753262,5757298
Accumulated other comprehensive loss,(591796),(578925)
HCL Technologies Limited Shareholders’ Equity,5135776,5647748
Noncontrolling interest,26659,-
Total equity,5162435,5647748
Total liabilities and equity,$7105063,$7429817
