0,1,2,3
Sr.,Particulars,As at,As at
No.,0,31 3.2018,31.3.2017
0,0,(Audited),(Audited)
0,ASSETS,0,0
0,Non-current assets,0,0
0,Property plant and equipment,6115.39,6202.17
0,Capital work-in-progress,34.27,34.19
0,Investment property,959.55,980.37
0,Investment property under development,176.54,124.11
0,Intangible assets,4.06,2.75
0,Intangible assets under development,0.75,0.10
0,Financial assets,0,0
0,Investments,223.36,258.31
0,Others,256.34,293.25
0,Advance tax (net of provisions),98.71,64.87
0,Other non-current assets,103.85,121.77
0,Total Non Current Assets (A),7972.82,8081.89
0,Current assets,0,0
0,Inventories Financial assets,1178.55,1264.50
0,Trade receivables,421.47,502.96
0,Cash and cash equivalents,189.36,39.24
0,Other bank balances,60.39,49.97
0,Others,205.82,160.26
0,Other current assets,302.92,237.50
0,Total Current Assets (B),2358.51,2254.43
0,TOTAL ASSETS (A + B ),10331.33,10336.32
0,EQUITY AND LIABILITIES,0,0
0,Equity Equity share capital,111.69,111.69
0,Other equity,2636.20,2370.17
0,Total Equity (A),2747.89,2481.86
0,Non-current liabilities Financial liabilities,0,0
0,Borrowings,2392.42,3125.95
0,Other financial liabilities,97.52,44.56
0,Provisions,6.73,-
0,Deferred tax liabilities (Net),217.32,80.71
0,Other non-current liabilities,813.58,156.11
0,Total Non Current Liabilities (B),3527.57,3407.33
0,Current liabilities Financial liabilities,0,0
0,Borrowings,1462.57,1587.85
0,Trade payables,681.80,705.8^
0,Other financial liabilities #,1182.09,1490.11
0,Provisions,418.24,445.82
0,Other current liabilities,311.17,217.53
0,Total Current Liabilities ( C),4055.87,4447.13
0,Total Current Liabilities ( C),0,0
0,TOTAL EQUITY AND LIABILITIES (A + B + C ),10331.33,10336.32
