0,1,2,3,4,5,6,7,8,9,10
0,0.0,0,Standalone,Standalone,Standalone,Standalone,Consolidated,Consolidated,Consolidated,Consolidated
0,0.0,0,As at,As at,As at,As at,As at,As at,As at,As at
0,0.0,0,31.03.2018,31.03.2018,31.03.2017,31.03.2017,31.03.2018,31.03.2018,31.03.2017,31.03.2017
0,0.0,0,(Audited),(Audited),(Audited),(Audited),(Audited),(Audited),(Audited),(Audited)
A,0.0,ASSETS,0,0,0,0,0,0,0,0
0,1.0,Non-current Assets,0,0,0,0,0,0,0,0
0,0.0,Property Plant and Equipment,1004.28,0,945.53,0,1030.72,0,954.11,0
0,0.0,Capital Work-in-progress,343.09,0,142 12,0,345.98,0,154 37,0
0,0.0,Investment Property,0.18,0,0.18,0,0.18,0,0.18,0
0,0.0,Goodwill,0,0,-,0,2.27,0,2.27,0
0,0.0,Other Intangible Assets,2.12,0,089,0,2.37,0,090,0
0,0.0,0,0,1349.67,0,1088.72,0,1381.52,0,1111.83
0,0.0,Financial Assets:,0,0,0,0,0,0,0,0
0,0.0,Investments,25.81,0,22.03,0,0.71,0,0.69,0
0,0.0,Loans,11.26,0,10.31,0,12.21,0,11.29,0
0,0.0,0,0,37.07,0,32.34,0,12.92,0,11.98
0,0.0,Other Non-current Assets,0,150.49,0,121.64,0,150.49,0,122.17
0,0.0,Total Non-current Assets,0,1537.23,0,1242.70,0,1544 93,0,1245.98
0,2.0,Current Assets,0,0,0,0,0,0,0,0
0,0.0,Inventories,0,805.76,0,691.31,0,829.18,0,703.20
0,0.0,Financial Assets:,0,0,0,0,0,0,0,0
0,0.0,Investments,519.96,0,530.75,0,519.96,0,530.75,0
0,0.0,Trade Receivables,675.69,0,571 71,0,702.64,0,590.44,0
0,0.0,Cash and Cash Equivalents,60.51,0,43.87,0,63.21,0,55.62,0
0,0.0,Bank Balances other than Cash and Cash Equivalents,300.40,0,205.82,0,300.40,0,205.82,0
0,0.0,Loans,3.32,0,11.19,0,3.32,0,4.81,0
0,0.0,Other Financial Assets,27.02,0,234.22,0,25.55,0,232.74,0
0,0.0,0,0,1586.90,0,1597.56,0,1615.08,0,1620.18
0,0.0,Other Current assets,0,137.97,0,65.79,0,140.73,0,66 89
0,0.0,Total Current Assets,0,2530.63,0,2354.66,0,2584.99,0,2390.27
0,0.0,Total Assets,0,4067.86,0,3597.36,0,4129.92,0,3636.25
B,0.0,EQUITY AND LIABILITIES,0,0,0,0,0,0,0,0
0,1.0,Equity,0,0,0,0,0,0,0,0
0,0.0,Equity Share Capital,53.89,0,53.89,0,53.89,0,53.89,0
0,0.0,Other Equity,3071.23,0,2751 43,0,3078.43,0,2760.61,0
0,0.0,0,0,3125.12,0,2805.32,0,3132.32,0,2814.50
0,0.0,Non-controlling Interest,0,0,0,-,0,16.38,0,15.25
0,0.0,Total Equity,0,3125.12,0,2805.32,0,3148.70,0,2829 75
0,0.0,Liabilities,0,0,0,0,0,0,0,0
0,2.0,Non-current Liabilities,0,0,0,0,0,0,0,0
0,0.0,Financial Liabilities:,0,0,0,0,0,0,0,0
0,0.0,Borrowings,9.71,0,18.33,0,9.71,0,18.20,0
0,0.0,Provisions,-,0,0,0,0.13,0,0,0
0,0.0,Deferred Tax Liabilities (Net),80 42,0,79.21,0,81.38,0,79.47,0
0,0.0,Total Non-current Liabilities,0,90.13,0,97.54,0,91 22,0,97.67
0,3.0,Current Liabilities,0,0,0,0,0,0,0,0
0,0.0,Financial Liabilities:,0,0,0,0,0,0,0,0
0,0.0,Trade Payables,683.58,0,550.20,0,699 87,0,560 66,0
0,0.0,Other Financial Liabilities,114.35,0,80.24,0,131.90,0,8024,0
0,0.0,0,797.93,0,630.44,0,831.77,0,640.90,0
0,0.0,Other Current Liabilities,29.88,0,37.13,0,32 73,0,39 60,0
0,0.0,Provisions,21.13,0,23.26,0,21.14,0,2346,0
0,0.0,Current Tax Liabilities (Net),3.67,0,3.67,0,4 36,0,4.87,0
0,0.0,Total Current Liabilities,0,852.61,0,694.50,0,890.00,0,708 83
0,0.0,Total Liabilities,0,942.74,0,792.04,0,981.22,0,806.50
0,0.0,Total Equity and Liabilities,0,4067.86,0,3597.36,0,4129.92,0,3636.25
