0,1,2,3,4,5
Particulars,Particulars,Standalone,Standalone,Consolidated,Consolidated
Particulars,Particulars,As at March 31. 2018,As at March 31. 2017,As at March 31 2018,As at March 31. 2017
0,ASSETS,Audited,Audited,Audited,Audited
1,Non-current assets,0,0,0,0
0,(a) Property plant and equipment,4485.89,4310.73,4771.39,4495.03
0,(b) Capital work-in-progress,203.78,270.72,239.02,386.50
0,(c) Intangible assets,168.65,84.86,189.57,103.82
0,(d) Intangible assets under development,114.61,194.33,116.46,19446
0,(e) Equity accounted investment in associates,-,-,1159.63,1025.37
0,(f) Financial assets,0,0,0,0
0,(i) Investments,1934.08,1349.00,918.49,496.94
0,(ii) Loans,45.68,48.36,45.85,48.52
0,(g) Income tax assets (net),379.26,331.94,394.51,332.50
0,(h) Other non-current assets,558.67,651.14,559.58,658.35
0,Total Non - Current Assets,7890.62,7241.08,8394.50,7741.49
2,Current assets,0,0,0,0
0,(a) Inventories,823.58,656.31,962.68,708.58
0,(b) Financial assets,0,0,0,0
0,(i) Investments,5591.12,4540.85,5591.12,4544.06
0,(ii) Trade receivables,1520.18,1561.87,1426.97,1551.75
0,(iii) Cash and cash equivalents,34.38,15.40,130.61,74.06
0,(iv) Bank balances other than (iii) above,106.96,121.33,106.96,121.33
0,(v) Loans,27.56,24.18,28.50,24.93
0,(vi) Others,539.37,144.95,543.28,145.02
0,(c) Other current assets,205.03,388.29,212.11,400.78
0,Total Current Assets,8848.18,7453.18,9002.23,7570.51
Total Assets,Total Assets,16.738.80,14694.26,17.39673,_1531200
0,EQUITY AND LIABILITIES,0,0,0,0
1,Equity,0,0,0,0
0,(a) Equity Share capital,39.94,39.94,39.94,39.94
0,(b) Other equity,11728.94,10.071.35,11931.52,10275.57
0,Total Equity attributable to owners of the Company,11768.88,10111.29,11971.46,10315.51
2,Non-controlling interests,0,0,93.21,67.38
0,Total Equity,11768.88,10111.29,12064.67,10382.89
0,LIABILITIES,0,0,0,0
3,Non-current liabilities,0,0,0,0
0,(a) Financial liabilities-borrowings,-,-,149.63,207.90
0,(b) Provisions,114.94,75.30,119.18,75.62
0,(c) Deferred tax liabilities (net),511.66,414.34,581.89,468.90
0,Total Non - Current Liabilities,626.60,489.64,850.70,752.42
4,Current liabilities,0,0,0,0
0,(a) Financial liabilities,0,0,0,0
0,(i) Borrowings,-,-,75.37,40.08
0,(ii) Trade payables,3318.81,3247.27,3375.26,3266.20
0,(iii) Other financial liabilities,20214,35277,205.49,371.21
0,(b) Other current liabilities,762.58,454.28,764.95,456.63
0,(c) Provisions,59.79,39.01,60.29,42.57
0,Total Current Liabilities,4343.32,4093.33,4481.36,4176.69
0,Total Equity and Liabilities,16738.80,14694.26,17396.73,15312.00
