0,1,2,3,4
Freehold land,0,$8472,0,$8438
Buildings,0,396622,0,432611
Computer and networking equipment,0,397284,0,488856
Software,0,142148,0,165149
Furniture fixtures and office equipment,0,108005,0,110199
Plant and equipment,0,261399,0,279776
Vehicles,0,16937,0,18170
Capital work-in-progress,0,77754,0,59992
0,0,1408621,0,1563191
Accumulated depreciation and amortization,Accumulated depreciation and amortization,(687176),0,(767746)
Property and equipment net,0,$721445,0,$795445
Depreciation expense was $59526 $105538 and $134753 for the nine months ended March 31 2016,Depreciation expense was $59526 $105538 and $134753 for the nine months ended March 31 2016,Depreciation expense was $59526 $105538 and $134753 for the nine months ended March 31 2016,Depreciation expense was $59526 $105538 and $134753 for the nine months ended March 31 2016,Depreciation expense was $59526 $105538 and $134753 for the nine months ended March 31 2016
and for the years ended March 31 2017 and 2018 respectively.,and for the years ended March 31 2017 and 2018 respectively.,and for the years ended March 31 2017 and 2018 respectively.,0,0
8. GOODWILL AND INTANGIBLES,0,0,0,0
The changes in the carrying value of goodwill balances,The changes in the carrying value of goodwill balances,by reportable segment for the year ended,by reportable segment for the year ended,by reportable segment for the year ended
March 31 2017 are as follows:,0,0,Business,0
0,0,0,process,0
0,Software,Infrastructure,outsourcin,0
0,Services,services,g services,Total
Opening balance as at April 1 2016 Acquisitions during the year,$ 784027,$100931,$23162,$908120
Business of Geometric Limited,116936,-,-,116936
Butler America Aerospace LLC,56578,-,-,56578
Effect of exchange rate changes,(27133),(8851),(872),(36856)
Closing balance as at March 31 2017,$930408,$92080,$22290,$1044778
