0,1,2,3
S.N,PARTICULARS,Consolidated,Consolidated
S.N,PARTICULARS,Audited,Audited
S.N,PARTICULARS,As at 31.03.2018,As at 31.03.2017
0,ASSETS,0,0
1,Non -Current Assets,0,0
(a),Property Plant and Equipment,74459,69656
(b),Capital work-in-progress,2258,1291
(c),Investment Property,5589,5384
(d),Goodwill on Consolidation,408,408
(e),Other Intangible Assets,99750,123930
(0,Intangible assets under development,790,861
(g),Financial Assets,0,0
0,(i) Investments,18553,9436
0,(ii) Loans,1188,692
(h),Deferred tax Assets (net),289,-
(i),Other Non-Current Assets,6714,4566
0,0,209998,216224
2,Current assets,0,0
(a),Inventories,19395,17916
(b),Financial Assets,0,0
0,(i) Investments,12806,3332
0,(ii) Trade Receivables,15589,9701
0,(iii) Cash & Cash Equivalents,1619,2840
0,(iv) Bank Balances other than (iii) above,6333,2166
0,(v) Loans,299,160
0,(vi) Other Financial Assets,284,245
(c),Other Current Assets,13751,7732
0,0,70076,44092
0,Total Assets,280074,260316
0,EQUITY AND LIABILITIES,0,0
0,Equity,0,0
(a),Equity Share capital,2270,2270
(b),Other Equity,199091,173200
0,Total Equity attributable to owners of the company,201361,175470
(c),Non-Controlling Interest,57,141
0,Total Equity,201418,175611
0,LIABILITIES,0,0
1,Non-Current Liabilities,0,0
(a),Financial Liabilities,0,0
0,(i) Other Financial Liabilities,835,1168
(b),Provisions,2383,2388
(c),Deferred tax liabilities (Net),1467,2816
(d),Other Non-Current Liabilities,2577,114
0,0,7262,6486
2,Current liabilities,0,0
(a),Financial Liabilities,0,0
0,(i) Borrowings,32591,17296
0,(ii) Trade Payables,24203,18470
0,(iij) Ollier Financial Liabilities,5980,33802
(b),Other Current Liabilities,2216,2305
(c),Provisions,6216,5896
(d),Current Tax Liabilities (Net),188,450
0,^__^,71394,78219
0,Total Equity and Liabilities 01 <8,280074,260316
