0,1,2
Head,As at Mar 31 2018,As at Dec 1 31 2017
Assets,0,0
Property plant and equipment and intangible,5450,5414
Capital work-in-progress,2481,2563
Deferred tax assets,1469,1336
Other non-current assets & investments in associates,1515,1571
Trade receivables and unbilled revenue,8699,7729
Other current assets,1273,1319
Cash and cash equivalents (inc. restricted),6129,5521
Total assets,27015,25453
Equity and liabilities Equity,0,0
Equity Share capital,594,594
Other Equity and reserves,20588,19479
Total equity,21182,20073
Liabilities,0,0
Non-current liablities,48,31
Trade payables,2299,2204
Other current liablities,2580,2258
Provisions,906,887
Total liabilities,5833,5380
Total equity and liabilities,27015,25453
