0,1,2,3,4,5
Exceptional Items constitute Income / (Expenses):,Quarter Ended,Quarter Ended,Quarter Ended,Year Ended,Year Ended
Exceptional Items constitute Income / (Expenses):,31 Mar 2018 (Audited) (Refer Note 6),31 Dec 2017 (Unaudited),31 Mar 2017 (Audited) (Refer Note 6),31 Mar 2018 (Audited),31 Mar 2017 (Audited)
PNRINF:,0,0,0,0,0
Employee Separation Cost,(0-61),-,•,I0.B1),(4 23)
Sub-total,(OBU,-,-,10.81),(8 23)
OTHER:,0,0,0,0,0
Employee Separation Cost,-,-,*,-,(0.16)
Profit on sale of intangibles / properties,-,-,-,•,3.25
Provision for Inventory devaluation,-,0,0,.,(1-38)
Sub-total,.,0,-,-,1.71
UNALLOCABLE:,0,0,0,0,0
Profit on sale of intangibles / properties,12.86,22.61,1116,47.72,13.10
Employee Pension Scheme,1.26,0,14.60),1.26,(4 60)
loss on divestment of subsidiary,.,-,0,0,0
Sub-total,14.12,22.61,6.56,48.98,8.50
Total,13.31,2261,656,48.17,5 98
Statement of Assets and Liabilities:,0,0,0,0,0
0,Standalone,Standalone,Consolidated,Consolidated,0
0,As at,As at,As at,As at,0
0,31st March 2018,31st March 2017,31st March 2018,31st March 2017,0
ASSETS,0,0,0,0,0
Non-current assets,0,0,0,0,0
(a) Property Plant and Equipment,242 98,250.35,243 66,250 52,0
(b) Capital work - in - progress,448,7.90,4.48,790,0
(c) Investment Property,366,386,3.66,3 86,0
(d) Other Intangible assets,30.47,37.76,30.47,37.76,0
(e) Intangible assets under development,23.14,6 79,23.14,6.79,0
(f) Financial Assets,0,0,0,0,0
(i) Investments,0,0,0,0,0
(a) Investments in subsidiaries,0 29,0 29,0,0,0
(b) Other investments,290 90,27189,290.96,271.95,0
(ii) Other Financial Assets,742,7.04,7.42,7.04,0
(g) Income Tax Assets (Net),22 08,18.66,22.35,18.93,0
(h) Other non - current assets,12 44,13.67,12.44,13.73,0
Total non-current assets,537 86,618 21,63858,618 48,0
Current assets,0,0,0,0,0
(a) Inventories,109 42,129.41,109 42,129 41,0
(b) Financial Assets,0,0,0,0,0
(i) Investments,211.45,13513,21472,138.95,0
(ii) Trade receivables,252.69,270.20,252 69,270.20,0
(lii) Cash and cash equivalents,29.79,10.02,30 15,10.22,0
(iv) Bank balances other than (ili) above,3 30,2.67,330,2.67,0
(v) Other financial asset,72.90,40.63,72.90,40 68,0
(c) Other current assets,15.23,30 28,15.45,30 28,0
Total current assets,694 78,618.34,698.63,62241,0
Assets classified as held for sale,8 98,8.98,8.98,8 98,0
Total Assets,1341.62,1245.53,1346.19,1249.87,0
EQUITY AND UABIUTIE5,0,0,0,0,0
EQUITY,0,0,0,0,0
(a) Equity share capital,48.84,48.84,48.84,48.84,0
(b) Other equity,911.56,872.13,916-11,876 45,0
Total equity,960 40,920.97,96*95,925.29,0
LIABILITIES,0,0,0,0,0
Non-current liabilities,0,0,0,0,0
(a) Financial liabilities,0,0,0,0,0
(i) Other financial liabilities,1.20,0,120,-,0
(b) Provisions,0.42,220,0.42,2.20,0
(c) Deferred tax liabilities (Net),20.16,17.28,20.16,17.28,0
(d) Other non - current liabilities,5.75,0,575,0,0
Total non-current liabilities,27.S3,19 48,27 53,19-48,0
Current liabilities,0,0,0,0,0
(a) Financial Liabilities,0,0,0,0,0
(I) Trade payables,0,0,0,0,0
- Total outstanding dues of Micro Small and,0,0,0,0,0
Medium Enterprises,34.54,30.58,34.54,30 58,0
- Total outstanding dues of creditor's other than,0,0,0,0,0
Micro Small and Medium Enterprises,238.42,189.27,238 42,189.27,0
(ii) Other financial liabilities,31.34,32.25,3134,32.25,0
(b) Provisions,23.28,18 85,23 28,18 85,0
(c) Current Income Tax Liabilities (Net),5.16,435,5.16,4 35,0
(d) Other current liabilities,2095,2978,20.97,29.80,0
Total current liabilities,353 6Q,30S.08,353.71,30510,0
Total Equity and Liabilities,1.341.62,1245.53,1346.19,1249.87,Delo
