0,1,2
Particulars,As at March 312018,As at March 312017
0,(Audited),(Audited) (See Note 10)
1 EQUITY AND LIABILTIES (1) Shareholder's Funds,0,0
(a) Share Capital,6379.58,6358.16
(b) Reserve and Surplus,139177.22,143591.10
Sub total,145556.80,149949.26
(2) Share application money pending allotment,41.56,14.57
(3) Non Current Liabilities,0,0
(a) Long-term borrowings,-,-
(b) Deferred tax liabilties,-,-
(c) Other Long-term liabilities,-,-
(d) Long-term provisions,149.35,110.80
Sub total,149.35,110.80
(4) Current liabilities,0,0
(a) Short-term borrowings,-,-
(b) Trade payables,-,-
(A) total outstanding dues of micro and small enterprises (B) total outstanding dues of creditors,133.25,110.46
other than micro enterprises and small enterprises,0,0
(c) Other current liabilities,-,-
Current portion of long term borrowing,-,5000.00
Others,954.56,1476.06
(d) Short-term provisions,414.68,435.01
Subtotal,1502.49,7021.53
TOTAL,147250.20,157096.16
II ASSETS,0,0
(1) Non-current assets,0,0
(a) Fixed assets (i) Tangible assets,148.14,78.79
(ii) Intangible assets,83.23,127.57
Sub total,231.37,206.36
(b) Non-current investments,140904.60,144384.06
(c) Deferred tax assets (Net),1067.71,1329.90
(d) Long-term loans & advances,2566.36,2271.48
(e) Other non-current assets,-,-
Sub total,144538.67,147985.44
(2) Current assets,0,0
(a) Current investments,-,7800.00
(b) Inventories,-,-
(c) Trade receivables,230.42,109.27
(d) Cash and Cash Equivalents,2084.10,853.20
(e) Short-term loans & advances,144.71,67.85
(f) Other current assets,20.93,74.04
Sub total,2480.16,8904.36
TOTAL,147250.20,157096.16
