0,1,2,3
0,0,As at,As at
0,0,March 31 2018 (Audited),March 31 2017 (Audited)
A,EQUITY AND LIABILITIES,0,0
1,Shareholders' funds,0,0
0,(a) Share capital,91.55,83.26
0,(b) Reserves and surplus,6579.10,4242.10
0,Sub-total - Shareholders' funds,6670.65,4325.36
2,Share application money pending allotment,2.51,4.09
3,Minority interest,1089.28,958.46
4,Non-current liabilities,0,0
0,(a) Long-term borrowings,27306.05,16987.41
0,(b) Other long-term liabilities,820.03,306.14
0,(c) Long-term provisions,1576.09,1041.75
0,Sub-total - Non-current liabilities,29702.17,18335.30
5,Current liabilities,0,0
0,(a) Short-term borrowings,14924.86,11839.41
0,(b) Trade payables,0,0
0,(i) total outstanding dues of micro enterprises and small enterprises,-,1.50
0,(ii) total outstanding dues of creditors other than micro enterprises and small enterprises,2187.98,2083.86
0,(c) Other current liabilities,8357.49,6816.71
0,(d) Short-term provisions,578.60,458.70
0,Sub-total - Current liabilities,26048.93,21200.18
0,TOTAL-EQUITY AND LIABILITIES,63513.54,44823.39
