0,1,2
TOTAL ASSETS (A+B+C),4040321.42,4664087.02
EQUITY AND LIABILITIES Equity Equity share capital Other equity,35145.00 534106.92,35145.00 492014.70
Total equity (A),569251.92,527159.70
Non- current liabilities Financial liabilities i) Borrowings ii) Other financial liabilities Provisions Deferred tax liabilities,1183125.86 1558105.49 6539.77 1430.36,1208967.14 1587555.80 8412.90
Total Non-current liabilities (B),2749201.48,2804935.84
Current Liabilities Financial Liabilities i) Borrowings ii) Trade payables iii) Other financial liabilities Other current liabilities Provisions Current tax liabilities (net),116449.90 40583.30 511525.51 50712.14 928.98 1668.19,93080.09 45067.97 128392.80 39076.25 867.24 4919.65
Total Current liabilities (C),721868.02,311.404.00
Liabilities relating to assets held for sale (D),_,1020587.48
TOT AL EQUITY AND LIABILITIES (A+B+C+D),4040321.42,4664087.02
