0,1,2,3,4,5
Statement of standalone & Consolidated Assets and Liabilities as per Schedule ill of the Companies Act 2013.,Statement of standalone & Consolidated Assets and Liabilities as per Schedule ill of the Companies Act 2013.,Statement of standalone & Consolidated Assets and Liabilities as per Schedule ill of the Companies Act 2013.,Statement of standalone & Consolidated Assets and Liabilities as per Schedule ill of the Companies Act 2013.,0,0
0,0,0,0,(Rs. in Crore except per share data),(Rs. in Crore except per share data)
0,0,Standalone,Standalone,Consolidated,Consolidated
0,0,As at 31.03.2018,As at 31.03.2017,As at 31.03.2018,As at 31.03.2017
0,0,Audited,Audited,Audited,Audited
0,Assets,0,0,0,0
(i),Non-current Assets,0,0,0,0
0,(a) Property Plant and Equipment,107.44,106.77,165.74,158.20
0,(b) Capital work-in-progress,1.36,1.39,1.68,1.69
0,(c) Goodwill,-,-,25.85,25.85
0,(d) Other Intangible assets,3.03,4.14,4.35,4.28
0,(e) Intangible assets under development (f) Investment in associates/ joint venture accounted,8.17,-,8.17,-
0,for using the equity method (g) Financial Assets,18.58,18.64,5.59,4.19
0,(i) Investments,44.04,44.43,46.06,44.52
0,(ii) Trade Receivables,-,-,0.65,-
0,(iii) Others,104.09,91.52,13.27,7.40
0,(h) Deferred tax assets (net),118.66,122.36,118.74,122.56
0,(i) Other non-current assets,1.89,0.10,2.20,0.95
0,Sub-total,407.26,389.35,392.30,369.64
(2),Current Assets,0,0,0,0
0,(a) Inventories (b) Financial Assets,178.69,217.59,213.56,245.36
0,(i) Investments,3.56,1.75,3.60,1.75
0,(ii) Trade receivables,1234.13,1147.16,1233.41,1179.37
0,(iii) Cash and cash equivalents,49.21,2.41,66.56,5.91
0,(iv) Bank balances other than (iii) above,59.22,77.47,65.51,91.56
0,(v) Loans,6.75,14.45,6.75,6.75
0,(vi) Others - advances,448.42,266.79,441.11,263.41
0,(c) Current Tax Assets (Net),95.14,57.36,96.41,59.18
0,(d) Other current assets,63.44,52.58,69.19,52.48
0,Sub-total,2138.56,1837.56,2196.10,1905.77
0,Total Assets,2545.82,2226.91,2588.40,2275.41
0,EQUITY AND LIABILITIES,0,0,0,0
(1),Equity,0,0,0,0
0,(a) Equity Share capital,123.94,123.94,123.94,123.94
0,(b) Other Equity Equity attributable to owners of the Company,1092.06,919.58,1027.25,840.15
0,Non-Controlling interest,0,*,5.37,1.54
0,Sub-total,1216.00,1043.52,1156.56,965.63
(2),Liabilities,0,0,0,0
0,Non-current Liabilities,0,0,0,0
0,(a) Financial Liabilities,0,0,0,0
0,(i) Borrowings,111.33,237.64,141.26,267.57
0,(ii) Financial guarantee Obligations,0.39,0.58,0.39,0.21
0,(b) Provisions,20.53,16.39,23.06,18.56
0,Sub-total,132.25,254.61,164.71,286.34
0,Current Liabilities,0,0,0,0
0,(a) Financial Liabilities,0,0,0,0
0,(i) Borrowings,186.18,165.29,200.43,180.12
0,ii) Trade Payable,515.76,392.44,562.64,457.18
0,(iii) Other financial liabilities,432.00,347.39,437.84,350.53
0,(b) Other current liabilities,61.12,21.48,63.57,33.08
0,(c) Provisions,2.51,2.18,2.65,2.53
0,Sub-total,1197.57,928.78,1267.13,1023.44
0,Total equity and liabilities,2545.82,2226.91,2588.40,2275.41
