0,1,2,3,4,5
0,0,Standalone,Standalone,Consolidated,Consolidated
Particulars,Particulars,As at 31.03.2018,As at 31.03.2017,As at 31.03.2018,As at 31.03.2017
0,0,Audited,Audited,Audited,Audited
ASSETS (1) Non-Current Assets,0,0,0,0,0
(a) Property Plant and Equipment,(a) Property Plant and Equipment,6057.84,5474.35,6074.70,5489.01
(b) Capital Work-in-Progress,0,1078.84,846.96,1078.91,847.93
(c) Other Intangible Assets,0,17.47,13.23,17.47,13.23
(d) Financial Assets,0,0,0,0,0
(i) Investments,0,1092.42,1080.57,1071.27,1059.39
(ii) Loans,0,14.09,3.68,14.15,3.87
(iii) Other financial assets,(iii) Other financial assets,13.98,14.13,16.35,16.10
(e) Deferred Tax Asset(Net),0,0,0,0.26,0.31
(0 Other non-current assets (2) Current Assets,0,342.31,304.72,342.61,304.99
(a) Inventories,0,2172.07,2392.92,2197.33,2425.27
(b) Financial Assets,0,0,0,0,0
(i) Investments,0,3054.02,2313.78,3073.73,2322.71
(ii) Trade Receivables,0,2135.92,1959.95,2149.93,1969.00
(iii) Cash and cash Equivalents,(iii) Cash and cash Equivalents,98.79,178.35,193.06,246.54
(iv)Bank balances other than Cash and Cash Equivalents,(iv)Bank balances other than Cash and Cash Equivalents,40.62,96.07,40.62,96.07
(v) Loans,0,1.90,3.98,1.90,3.98
(vi) Other financial assets,(vi) Other financial assets,8.64,10.08,8.63,10.15
(c) Other current assets,0,172.89,232.35,197.56,239.92
0,TOTAL ASSETS,16301.80,14925.12,16478.48,15048.47
EQUITY AND LIABILITIES Equity,0,0,0,0,0
(a) Equity Share Capital,0,4.24,4.24,4.24,4.24
(b) Other Equity,0,9599.96,8540.18,9733.95,8636.52
(c) Non Controlling Interest,0,-,.,0.12,0.12
0,Total Equity,9604.20,8544.42,9738.31,8640.88
Liabilities (1) Non-Current Liabilities,Total Equity,0,0,0,0
(a) Financial Liabilities,0,0,0,0,0
(i) Borrowings,0,1319.33,1238.32,1319.33,1238.32
(b) Provisions,0,152.74,137.26,153.04,137.49
(c) Deferred Tax Liabilities (Net),(c) Deferred Tax Liabilities (Net),619.01,501.17,619.83,502.00
(d) Other non-current liabilities (2) Current Liabilities,0,58.08,27.74,58.08,27.74
(a) Financial Liabilities,0,0,0,0,0
(i) Borrowings,0,228.37,573.34,688.52,834.13
(ii) Trade Payables,0,1998.96,1677.08,1568.51,1408.37
(iii) Other Financial Liabilities,(iii) Other Financial Liabilities,531.12,550.85,536.55,576.05
(b) Other Current Liabilities,0,1638.90,1491.62,1640.64,1496.42
(c) Provisions,0,142.83,120.88,142.73,121.62
(d) Current Tax Liabilities (Net),(d) Current Tax Liabilities (Net),8.26,62.44,12.94,65.45
z#2 ii—_----/lai ( HYCil,Total Liabilities r,6697.60,6380.70,6740.17,6407.59
z#2 ii—_----/lai ( HYCil,Total Liabilities r,0,0,0,0
z#2 ii—_----/lai ( HYCil,y TOTAL EQUITY AND LIABILITIES,16301.80,14925.12,16478.48,15048.47
