0,1,2,3
S.N,PARTICULARS,Standalone,Standalone
S.N,PARTICULARS,Audited,Audited
S.N,PARTICULARS,As at 31.03.2018,As at 31.03.2017
0,ASSETS,0,0
1,Non -Current Assets,0,0
(a),Property Plant and Equipment,72025,66982
(b),Capital work-in-progress,2213,1133
(c),Investment Property,4709,4490
(d),Intangible Assets,99601,123766
(e),Intangible assets under development,790,861
(f),Financial Assets,0,0
0,(i) Investments,18726,9483
0,(ii) Loans,816,343
(g),Other Non-Current Assets,6714,4552
0,0,205594,211610
2,Current assets,0,0
(a),Inventories,18385,16920
(b),Financial Assets,0,0
0,(i) Investments,12806,3332
0,(ii) Trade Receivables,7003,3413
0,(iii) Cash & Cash Equivalents,970,62
0,(iv) Bank Balances other than (iii) above,1185,791
0,(v) Loans,266,128
0,(vi) Other Financial Assets,237,222
(c),Other Current Assets,13342,7619
0,0,54194,32487
0,Total Assets,259788,244097
0,EQUITY AND LIABILITIES,0,0
0,Equity,0,0
(a),Equity Share capital,2270,2270
(b),Other Equity,194854,168986
0,0,197124,171256
0,LIABILITIES,0,0
1,Non-Current Liabilities,0,0
(a),Financial Liabilities,0,0
0,(i) Borrowings,-,-
0,(ii) Other Financial Liabilities,835,1168
(b),Provisions,2168,2203
(c),Deferred tax liabilities (Net),1394,2971
(d),Other Non-Current Liabilities,2576,114
0,0,6973,6456
2,Current liabilities,0,0
(a),Financial Liabilities,0,0
0,(i) Borrowings,27937,13470
0,(ii) Trade Payables,18434,14862
0,(iii) Other Financial Liabilities,5358,33389
(b),Other Current Liabilities,2112,2291
(c),Provisions,1850,2373
0,__,55691,66385
0,Total Equity and Liabilities /%&01,259788,244097
