0,1,2,3
0,0,As at,As at
0,0,March 31 2018 (Audited),March 31 2017 (Audited)
B,ASSETS,0,0
1,Non-current assets,0,0
0,(a) Fixed assets,0,0
0,(i) Property Plant and Equipment,573.18,525.84
0,(ii) Intangible assets,138.46,110.95
0,(iii) Capital work-in-progress,1.08,95.12
0,(iv) Intangible assets under development,41.08,5.84
0,(b) Non-current investments,6699.12,6041.39
0,(c) Deferred tax assets (net),174.04,210.91
0,(d) Long-term loans and advances,16495.31,10612.76
0,(e) Other non-current assets,791.39,836.56
0,Sub-total - Non-current assets,24913.66,18439.37
2,Current assets,0,0
0,(a) Current investments,2376.31,836.29
0,(b) Stock-in-trade,16191.97,10652.40
0,(c) Trade receivables,2625.24,1098.24
0,(d) Cash and bank balances,3925.88,2618.19
0,(e) Short-term loans and advances,10855.51,9486.78
0,(f) Other current assets,2624.97,1692.12
0,Sub-total - Current assets,38599.88,26384.02
0,TOTAL - ASSETS,63513.54,44823.39
