0,1,2
PARTICULARS,As at 31.03.2018 (Audited),As at 31.03.2017 (Audited)
A EQUITY AND LIABILITIES,0,0
1 Shareholders' Funds,0,0
(a) Share capital,9896.52,9742.21
(b) Reserves and surplus,251855.77,220641.88
Sub-total shareholders' funds,261752.29,230384.09
2 Share application money pending allotment,4.13,-
3 Non - Current Liabilities,0,0
(a) Long term borrowings,1489193.19,894448.72
(b) Other long term liabilities,13107.43,8017.59
(c) Long term provisions,19642.38,11907.00
Sub-total non-current liabilities,1521943.00,914373.31
4 Current Liabilities,0,0
(a) Short term borrowings,404490.80,259900.82
(b) Trade payables,33818.10,18052.17
(c) Other current liabilities,374473.47,328433.66
(d) Short term provisions,20275.06,14373.39
Sub-total current liabilities,833057.43,620760.04
TOTAL - EQUITY & LIABILITIES,2616756.85,1765517.44
B ASSETS,0,0
1 Non-Current Assets,0,0
(a) Fixed assets,9547.77,6463.96
(b) Non - current investments,28737.03,21500.00
(c) Deferred tax assets (Net),9847.91,7223.63
(d) Long term loans and advances,1555493.56,940877.34
(e) Other non current assets,30736.33,13845.49
Sub-total non-current assets,1634362.60,989910.42
2 Current Assets,0,0
(a) Current investments,4454.33,4365.24
(b) Trade receivables,6736.95,6199.52
(c) Cash and bank balances,142634.93,159362.81
(d) Short term loans and advances,792169.02,573301.54
(e) Other current assets,36399.02,32377.91
Sub-total current assets,982394.25,775607.02
TOTAL - ASSETS,2616756.85,1765517.44
