0,1,2
Particulars,As at March 312018 (Audited),As at March 31 2017 (Audited)
A EQUITY AND LIABILITIES,0,0
1 Shareholders' Funds,0,0
(a) Share capital,9896.52,9742.21
(b) Reserves and surplus,245100.22,213979.17
Sub-Total shareholders' funds,254996.74,223721.38
2 Share application money pending allotment,4.13,-
3 Non - current liabilities,0,0
(a) Long term borrowings,1353626.94,860458.72
(b) Other long term liabilities,10182.98,7145.03
(c) Long term provisions,17103.10,11430.30
Sub-Total non-current liabilities,1380913.02,879034.05
4 Current Liabilities,0,0
(a) Short term borrowings,370223.16,250569.06
(b) Trade payables,31056.13,17508.58
(c) Other current liabilities,340933.61,308384.60
(d) Short term provisions,20035.25,14217.67
Sub-Total current liabilities,762248.15,590679.91
TOTAL-EQUITY AND LIABILITIES,2398162.04,1693435.34
B ASSETS,0,0
1 Non - current assets,0,0
(a) Fixed assets,9528.30,6.463.96
(b) Non - current investments,54705.83,29532.05
(c) Deferred tax assets (Net),8758.73,6912.61
(d) Long term loans and advances,1358666.03,880715.76
(e) Other non current assets,29155.87,13300.44
Sub-Total non-current assets,1460814.76,936924.82
2 Current Assets,0,0
(a) Current investments,754.33,2440.24
(b) Trade receivables,6721.68,6153.18
(c) Cash and cash equivalents,117938.73,152049.14
(d) Short term loans and advances,778075.58,564.216.82
(e) Other current assets,33856.96,31651.14
Sub-Total current assets,937347.28,756510.52
TOTAL ASSETS,2398162.04,1693435.34
