0,1,3,5
0,Particulars,As at 31 March 2018 (Audited) Rs. Crores,As at 31 March 2017 (Audited) Rs. Crores
A.,ASSETS,0,0
0,1. Non-current assets,0,0
0,a. Property. Plant and Equipment,1.934.97,1524.50
0,b Capital work -in-progress,233.50,141.36
0,c Other Intangible assets,23.36,21.50
0,d. Financial Assets,0,0
0,i. Investments,1765.11,1.768.46
0,li Trade receivables,1.18,1.81
0,lii Loans and deposits,12.62,13.03
0,e. Current Tax Assets ( net),71.66,74.33
0,f. Other non-current assets,102.51,80.23
0,Total - non-current assets,4144.91,3.625.22
0,2. Current assets,0,0
0,a Inventories,1.760 15,1.527.37
0,b financial Assets,0,0
0,i. Investments,203 89,905 48
0,ii Trade receivables,943.39,621.65
0,iii Cash and cash equivalents,78.51,11.19
0,iv Bank balances other than (iii) above,8.68,8.38
0,v Loans and deposits,14.58,10 46
0,vi Other financial assets,24.80,24.54
0,e. Other Current Assets,217.97,41.31
0,Total - Current Assets,3251.97,3150.38
0,Total - Assets,7396.88,6775.60
B.,EQUITY AND LIABILITIES,0,0
0,Equity,0,0
0,Equity Share Capital,85.00,85.00
0,Other Equity,5304.31,4.878.59
0,Total - Equity,5389.31,4963.59
0,Liabilities,0,0
0,1. Non-current liabilities,0,0
0,a Financial Liabilities,0,0
0,i. Trade payables,4.36,3.73
0,ii. Other non-current financial liabilities,2.62,2.07
0,b. Provisions,46.45,42.54
0,c. Deferred tax liabilities (net),140 50,155.18
0,Total - Non-current liabilities,193.93,203.52
0,C urrent liabilities,0,0
0,a. Financial Liabilities,0,0
0,i. Borrowings,-,170.23
0,ii. Trade payables,1.078.71,767 85
0,in Other financial liabilities,335.56,316.21
0,b. Other Current liabilities,166.51,132.07
0,c. Provisions,232.86,222.13
0,Total - Current liabilities,1813.64,1.608.49
0,Total - Equities & Liabilities,7396.88,6.775.60
