0,1,2,3,4,5
0,STATEMENT OF ASSETS AND LIABILITIES,0,0,0,? in Crores
0,0,Standalone,Standalone,Consolidated,Consolidated
0,Particulars,31-03-2018,31-03-2017,31-03-2018,31-03-2017
0,0,Audited,Audited,Audited,Audited
A,ASSETS,0,0,0,0
(1),Non-current assets,0,0,0,0
0,a) Property plant and equipment,829.30,885.02,829.30,885.02
0,b) Capital work-in-progress,1.61,1.20,1.61,1.20
0,c) Investment Property,3.72,3.86,3.72,3.86
0,d) Goodwill,-,-,-,-
0,e) Other Intangible assets,0.35,0.02,0.35,0.02
0,f) Intangible assets under development,-,-,-,-
0,g) Biological Assets other than bearer plants,-,-,-,-
0,h) Financial assets (i) Investments,149.26,149.28,248.17,230.03
0,(ii) Trade receivables,-,-,-,-
0,(iii) Loans,7.38,2.31,7.38,2.31
0,(iv) Others,-,2.38,-,2.38
0,i) Deferred tax assets(net),-,-,-,-
0,j) Other non-current assets,29.03,27.23,29.03,27.23
(2),Current assets,0,0,-,-
0,(a) Inventories (b) Financial assets,511.45,257.80,511.45,257.80
0,(i) Investments,-,0.55,-,0.55
0,(ii) Trade receivables,972.69,360.79,972.69,360.79
0,(iii) Cash & cash equivalents,5.17,6.29,5.17,6.31
0,(iv) Bank balances other than (ill) above,2.45,1.96,2.45,1.96
0,(v) Loans,0.91,1.53,0.91,1.53
0,(vi) Others,1.09,3.78,1.09,3.78
0,(c ) Current Tax Assets(Net),-,-,-,-
0,(d) Other current assets,121.17,67.72,121.17,67.72
0,Total Assets,2635.57,1771.74,2734.49,1852.51
B,EQUITY & LIABILITIES Equity (a) Equity share capital,39.96,39.96,39.96,39.96
0,(b) Other equity,1768.66,831.83,1867.56,912.60
0,LIABILITIES,0,0,0,0
ID,Non-current liabilities (a) Financial liabilities (i) Borrowings,0,135.64,0,135.64
0,(ii) Trade Payables,-,-,-,0
0,(iii) Other financial liabilities-security Deposit,0.43,0.44,0.43,0.44
0,(b) Provisions . (c ) Deferred tax liabilities (Net) //\0 r •---■,3.42,3.43,3.42,3.43
0,(b) Provisions . (c ) Deferred tax liabilities (Net) //\0 r •---■,119.17,60.89,119.17,60.89
0,Jd) Other non-current liabilities 1/,2.08,1.88,2.08,1.88
