0,1,2,3,4,5
Consolidated,Consolidated,0,0,Standalone,Standalone
(Audited),(Audited),0,Particulars,(Audited),(Audited)
As at March,As at March 31,0,Particulars,As at March,As at March
312018,2017,0,0,312018,31 2017
0,0,A,ASSETS,0,0
0,0,1,Non-current assets,0,0
1066.36,942.58,0,(a) Property Plant and Equipment,489.68,457.43
82.08,95.11,0,(b) Capital work-in-progress,50.58,37.03
4718.87,4662.56,0,(c) Goodwill,2.48,2.48
2529.77,2477.75,0,(d) Other Intangible assets,821.90,823.59
1.80,2.32,0,(e) Intangible assets under development (f) Financial Assets,1.80,2.32
36.32,35.24,0,(i) Investments in subsidiaries and associates,2949.61,2785.54
105.20,216.51,0,(ii) Investments,105.20,216.51
18.87,19.28,0,(iii) Loans,16.32,15.33
9.57,5.35,0,(iv) Others,4.27,12.08
100.04,96.28,0,(g) Deferred tax assets (Net),-,-
64.89,59.77,0,(h) Other non-current assets,46.01,35.92
61.26,45.73,0,(i) Non-Current Tax Assets (Net),19.66,20.67
8795.03,8658.48,0,Sub-total-Non-Current Assets,4507.51,4408.90
0,0,2,Current assets,0,0
1577.72,1412.50,0,(a) Inventories (b) Financial Assets,576.25,561.92
855.76,681.79,0,(i) Investments,847.65,652.86
1245.50,1028.74,0,(ii) Trade receivables,248.58,209.33
898.02,895.05,0,(iii) Cash and cash equivalents,86.11,88.00
62.19,17.61,0,(iv) Bank balances other than (iii) above,12.00,10.45
2.89,3.61,0,(v) Loans,0.25,0.11
199.11,190.04,0,(vi) Others,193.24,176.35
326.49,142.22,0,(c) Other Current Assets,152.49,47.70
-,6.49,0,(d) Non Current Assets held for sale,-,6.49
5167.68,4378.05,0,Sub-total-Current Assets,2116.57,1753.21
13962.71,13036.53,0,Total - Assets,6624.08,6162.11
0,0,B,EQUITY AND LIABILITIES,0,0
0,0,1,Equity,0,0
68.13,34.06,0,(a) Equity Share capital (b) Other Equity,68.13,34.06
6190.18,5267.89,0,Equity attributable to the owners of the parent,4573.46,4339.55
6258.31,5301.95,0,Sub-total-Shareholder's funds,4641.59,4373.61
0,0,2,LIABILITIES,0,0
0,0,0,Non-current liabilities,0,0
0,0,0,(a) Financial Liabilities,0,0
2380.32,3108.25,0,(i) Borrowings,-,-
753.95,911.24,0,(ii) Other financial liabilities,-,-
98.24,80.57,0,(b) Provisions,51.66,40.95
304.72,286.11,0,(c) Deferred tax liabilities (Net),228.46,224.24
2.37,1.05,0,(d) Other non-current liabilities,17.75,27.32
3539.60,4387.22,0,Sub-total-Non-current liabilities,297.87,292.51
0,0,3,Current liabilities,0,0
0,0,0,(a) Financial Liabilities,0,0
140.51,232.55,0,(i) Borrowings,-,148.97
2356.85,1723.90,0,(ii) Trade payables,1452.92,1120.36
1285.39,1022.64,0,(iii) Other financial liabilities,39.00,34.18
311.36,302.54,0,(b) Other current liabilities,154.81,155.55
47.82,58.14,0,(c) Short Term Provisions,36.93,35.72
22.87,7.59,0,(d) Current Tax Liabilities (Net),0.96,1.21
4164.80,3347.36,0,Sub-total-current liabilities,1684.62,1495.99
13962.71,13036.53,0,Total Equity and Liabilities,6624.08,6162.11
