0,1,2,3,4
0,Standalone,Standalone,Consolidated,Consolidated
Particulars,As at 31st March 2018,As at 31st March 2017,As at 31st March 2018,As at 3ist March 2017
ASSETS Non-Current Assets Property Plant and Equipment,173153.08,176294.80,173351.16,176492.88
Capital Work-tn-Progress,1066.70,2108.35,1066.70,2108.35
Investment Properties,11714.34,11825.55,11714.34,11825.55
Other Intangible Assets,32913.32,19151.37,32913.32,19151.37
Investment In Associates and Joint Ventures,30656.37,20525.48,22540.21,20497.85
Financial Assets investments,55661.54,45220.38,55661.54,45220.38
Loans,289.28,444.36,289.28,444.36
Other Financial Assets,52158.30,28590.51,52158.30,28590.51
Other Non-Current Assets,45790.36,62807.00,45969.60,62966.58
Total Non-Current Assets,403403.29,366967.80,395664.45,367297.83
Current Assets Inventories,7243.00,6884.15,7243.00,6884.15
Financial Assets Trade Receivables,11106.08,11906.25,11106.08,11906.25
Cash and Cash Equivalents,2833.74,2082.65,5599.70,4969.56
Other Bank Balances,153.42,145.87,153.42,145.87
Loans,1301.65,1347.20,1301.65,1347.20
Other Financial Assets,108552.09,107415.22,108595.81,107451.22
Other Current Assets,12617.73,11392.51,12621.47,11395.95
0,143807.71,141173.85,146621.13,1/44100.20
Assets classified as held for sale,16.75,16.40,16.75,16.40
Total Current Assets,143824.46,141190.25,146637.88,144116.60
Total Assets,547227.75,508158.05,542302.33,511414.43
EQUITY AND LIABILITIES Equity Equity Share Capital,6360.00,6360.00,6360.00,6360.00
Other Equity,433787.64,390499.66,428830.70,393696.64
Total Equity,440147.64,396859.66,435190.70,400056.64
Liabilities Non-Current Liabilities Financial Liabilities Other Financial Liabilities,1309.24,1884.94,1317.48,1914.30
Provisions,40422.91,36696.96,4042291,36696.96
Net Employee Benefit Liabilities,4940.40,3412.42,4940.40,3412.42
Deferred Tax Liabilities (Net),14922.99,22316.57,14923.00,22316.57
Other Non-Current Liabilities,5126.25,3290.77,5126.25,3290.77
Total Non-Current Liabilities,66721.79,67601.66,66730.04,67631.02
Current Liabilities Financial Liabilities Trade Payables,10957.49,9698.50,10959.11,9710.11
Other Financial Liabilities,24036.06,27079.06,24050.52,27085.38
Net Employee Benefit Liabilities,106S.06,870.81,1065.06,870.81
Other Current Liabilities,4299.71,6048.36,4306.90,6060.47
Total Current Liabilities,40358.32,43696.73,40381.59,43726.77
Total Liabilities,107080.11,111298.39,107111.63,111357.79
Total Equity and Liabilities,547227.75,508158.05,542302.33,511414.43
