0,1,2,3
AUDITED CONSOLIDATED STATEMENT OF ASSETS AND LIABILITIES,AUDITED CONSOLIDATED STATEMENT OF ASSETS AND LIABILITIES,AUDITED CONSOLIDATED STATEMENT OF ASSETS AND LIABILITIES,AUDITED CONSOLIDATED STATEMENT OF ASSETS AND LIABILITIES
0,[? in Crores],[? in Crores],[? in Crores]
0,0,As At,As At
0,Particulars,31.03.2018,31.03.2017
0,0,Audited,Audited
0,0,0,(Refer Note
0,0,0,7)
0,ASSETS,0,0
1,Non-current Assets (a) PropertyPlant and Equipment,3625.53,3480.07
0,(b) Capital work-in-progress,89.74,49.69
0,(c) Investment Property,34.48,43.74
0,(d) Goodwill,137.02,17.92
0,(e) Other Intangible Assets,165.19,130.48
0,(f) Intangible Assets Under Development (g) Financial Assets,26.50,45.93
0,(i) Investments,76.14,276.67
0,(ii) Loans,2.57,2.77
0,(iii) Other Financial Assets,260.51,238.90
0,(h) Deferred Tax Assets (Net),220.51,224.21
0,(i) Other Non-current assets,80.84,74.23
0,Sub-Total - Non-current Assets,4719.03,4584.61
2,Current Assets,0,0
0,(a) Inventories (b) Financial Assets,2619.38,2382.80
0,(i) Trade Receivables,1766.98,794.82
0,(ii) Cash & cash equivalents,39.46,20.93
0,(iii) Bank balances other than(ii) above,26.03,32.95
0,(iv) Loans,163.56,122.21
0,(v) Other Financial Assets,107.15,181.18
0,(c) Current Tax Assets (Net),118.84,110.13
0,(d) Other current assets,698.00,438.35
0,Sub-Total - Current Assets,5539.40,4083.37
0,TOTAL - ASSETS,10258.43,8667.98
0,EQUITY AND LIABILITIES,0,0
I,Equity (a) Equity Share Capital,258.62,258.36
0,(b) Other Equity,3524.23,3308.62
0,Sub-Total - Equity,3782.85,3566.98
2,Minority Interest,305.28,151.43
0,Liabilities,0,0
3,Non - Current Liabilities (a) Financial Liabilities,0,0
0,(i) Borrowings,848.71,756.63
0,(ii) Other Financial Liabilities,44.02,44.98
0,(b) Provisions,61.82,40.72
0,(c) Deferred Tax Liabilities (Net),70.75,142.88
0,(d) Government Grants,38.26,35.46
0,(d) Other Non Current Liabilities,1.93,-
0,Sub-Total - Non-current Liabilities,1065.49,1020.67
4,Current Liabilities (a) Financial Liabilities,0,0
0,(i) Borrowings,2263.78,2025.34
0,(ii) Trade Payables,2147.22,1426.52
0,(iii) Other Financial Liabilities,469.00,337.35
0,(b) Other Current Liabilities,187.61,114.48
0,(c) Provisions,25.79,16.82
0,(d) Government Grants,6.14,5.23
0,(e) Current Tax Liabilities (net),5.27,3.16
0,Sub-Total - Current Liabilities,5104.81,3928.90
0,TOTAL - EQUITY AND LIABILITIES,10258.43,8667.98
