0,1,2,3
0,0,As at,As at
Sr. No.,Particulars,31 March,31 March
0,0,(Audited),(Audited)
0,0,2018,2017
A,ASSETS,0,0
1.,Non-current assets,0,0
0,Property plant and equipment,143316,141738
0,Capital work-in-progress,11532,6462
0,Other intangible assets,465,376
0,Intangible assets under development Financial assets:,0,78
0,Investments,170630,169994
0,Loans,320,295
0,Other financial assets,40,96
0,Deferred tax assets (net),0,940
0,Income tax assets (net),368,1810
0,Other non-current assets,3194,2899
0,Total non-current assets,329865,324688
2.,Current assets Inventories Financial assets:,58558,45443
0,Investments,-,970
0,Trade receivables,49366,38567
0,Cash and cash equivalents,3647,7599
0,Other bank balances,104,67
0,Loans,2058,1811
0,Other financial assets,3984,8237
0,Other current assets,14872,11737
0,Total current assets,132589,114431
0,Total assets,462454,439119
B,EQUITY AND LIABILITIES,0,0
1.,Equity Equity share capital,1593,1593
0,Other equity,223345,202688
0,Total equity,224938,204281
2.,Liabilities Non-current liabilities Financial liabilities:,0,0
0,Borrowings,105938,138702
0,Provisions,5737,5069
0,Deferred tax liabilities (net),1993,0
0,Total non-current liabilities,113668,143771
0,Current liabilities Financial liabilities:,0,0
0,Borrowings,19064,17707
0,Trade payables,74918,48691
0,Other financial liabilities,24734,19501
0,Other current liabilities,2290,2932
0,Provisions,1835,1339
0,Current tax liabilities (net),1007,897
0,Total current liabilities,123848,91067
0,Total equity and liabilities,462454,439119
