0,1,2,3
0,0,As at,As at
Particulars.,Particulars.,31 March,31 March
Particulars.,Particulars.,2018,2017
0,0,(Audited),(Audited)
A. 1.,EQUITY AND LIABILITIES Shareholders’ funds,0,0
0,(a) Share capital,4740.57,4739.19
0,(b) Reserves and surplus,214899.79,199050.19
0,Sub-total - shareholders' funds,219640.36,203789.38
2,Non-current liabilities,0,0
0,(a) Long-term borrowings,211377.25,238677.37
0,(b) Long-term provisions,29802.50,18534.81
0,Sub-total • non-current liabilities,241179.75,257212.18
3.,Current liabilities,0,0
0,(a) Short-term borrowings,57237.6:84,487335.75
0,(b) Trade payables,31889.68,21038.31
0,(e) Other current liabilities,12858836,171123.45
0,(d) Short-term provisions,1561.02,1426.58
0,Sub-total - current liabilities,734415.90,680924.09
0,TOTAL - EQUITY ANl) LIABILITIES,1195236.01,1141925.65
B. 1.,ASSETS Non-current assets,0,0
0,(a) Property plant and equipment,19214.53,21643.99
0,(b) Non-current investments,40726.04,53284.47
0,(c) Deferred tax assets (net),2527.05,1971.67
0,(d) Long-term loans and advances,687.621.79,624483.61
0,(e) Other non-current assets,10138.23,16913.69
0,Sub-total • non-current assets,760227.64,718297.43
2,Current assets,0,0
0,(a) Current investments,6504.06,4737.23
0,(b) Trade receivables,371.89,643.21
0,tc) Cash and bank balances,37467.50,27249.11
0,(d) Short-term loans and advances,38271529,383.033.73
0,(e) Other current assets,7949.63,7964.94
0,Sub-total - current assets,435008.37,423628.22
0,TOTAL - ASSE TS,1195236.01,1141925.65
