0,1,2,3
AUDITED STANDALONE STATEMENT OF ASSETS AND LIABILITIES,AUDITED STANDALONE STATEMENT OF ASSETS AND LIABILITIES,AUDITED STANDALONE STATEMENT OF ASSETS AND LIABILITIES,AUDITED STANDALONE STATEMENT OF ASSETS AND LIABILITIES
0,[? in Crones],[? in Crones],[? in Crones]
0,Particulars,As At,AS At
0,0,31.03.2018,31.03.2017
0,0,Audited,Audited
0,0,0,(Refer Note
0,0,0,4)
0,ASSETS,0,0
1,Non-current Assets fa) Property.Plant and Equipment,3013.27,2975.58
0,fb) Capital work-in-progress,33.31,30.82
0,fc) Investment Property,43.13,43.74
0,fd) Other Intangible Assets,91.50,80.37
0,fe) Intangible Assets under development ff) Financial Assets,26.34,45.83
0,fi) Investments,883.25,522.96
0,fii) Loans,1.86,2.45
0,fiii) Other Financial Assets,30.63,42.38
0,(q) Other Non-current Assets,68.83,67.74
0,Sub-Total - Non-current Assets,4.192.12,3.811.87
2,Current Assets (a) Inventories fb) Financial Assets,1307.72,1299.24
0,(I) Trade Receivables,736.61,470.96
0,(ii) Cash & cash equivalents,7.36,4.44
0,fiii) Bank balances other thanfii) above,7.00,8.97
0,fiv) Loans,219.39,311.20
0,fv) Other Financial Assets,96.35,161.80
0,fc) Current Tax Assets fNet),101.91,98.43
0,fd) Other Current Assets,375.61,291.02
0,Sub-Total - Current Assets,2.851.95,2.646.06
0,TOTAL - ASSETS,7.044.07,6.457.93
0,EQUITY AND LIABILITIES Equity fa) Equity Share Capital,258.62,258.36
0,fb) Other Equity,2.899.61,2.753.42
0,Sub-Total - Equity,3.158.23,3.011.78
0,Liabilities,0,0
1,Non - Current Liabilities fa) Financial Liabilities,0,0
0,fi) Borrowings,775.98,605.12
0,fii) Other Financial Liabilities,0.54,1.01
0,fb) Provisions,37.29,27.18
0,fc) Deferred Tax Liabilities fNet),91.77,128.81
0,fd) Government Grants,34.13,3Q.78
0,Sub-Total - Non-current Liabilities,939.71,792.90
2,Current Liabilities fa) Financial Liabilities,0,0
0,fi) Borrowings,1661.43,1718.69
0,fii) Trade Payables,948.94,616.73
0,fiii) Other Financial Liabilities,276.87,247.74
0,fb) Other Current Liabilities,45.42,59.02
0,fc) Provisions,7.88,6.38
0,fd) Government Grants,5.59,4.69
0,Sub-Total - Current Liabilities,2.946.13,2.653.25
0,TOTAL - EQUITY AND LIABILITIES,7.044.07,6.457.93
