0,1,2,3
0,Particulars,At at 310)2018,Ai at 312)1.2017
0,0,(Audited 1,(Audited)
A.,ASSETS ”,0,0
1.,Non-cur rent assets,0,0
0,(a) Property plant and equipment (b) Capital work-in-progress (c) Investment property (d) Intangible asset* (e) Intangible assets under development (0 Investments in joint venture* (g) Financial assets,IA 59 17 141 89 3 86 i8 60 191 32 1.764 27,135 13 2652)1 421 3344 108 76 1.745 82
0,(I) Investments (it) Other financial assets (h) Non-current tax assets,3.183 17 22 55 18 44,2/57 70 1646 1842
0,(i) Other non-current assets,161 86,241 IV
0,Sub-total • Non-currrnl assets,6987.19,5628 14
2.,Current assets,0,0
0,(a) Inventories (h) Financial assets,394 64,335 90
0,(i) Investments,633 40,883 61
0,(ii) Trade receivables,68 00,5004
0,(lii) Cash und cash equivalents (iv) Bank balances other thun (iii) above,92 46 1119 54,1724 7 82
0,(v) Loans,0.70,0 34
0,(vi) Other financial assets,30 75,883
0,(c) Other current assets,195 55,77 16
0,Sub-total • Current assets,2.535.04,1/80.94
0,TOTAL • ASSETS,9/22.23,72W9.08
H.,EQUITY AND LIABILITIES,0,0
1.,Equity,0,0
0,(a) Equity share capital,27 26,27 21
0,(b) Other equity,7JXJ2 8I,5/17 86
0,Sub-total • Equity,7030.07,5/45.07
0,Liabilities,0,0
2.,Non-current liabilities,0,0
0,(a) Financial liabilities,0,0
0,(i) Other financial liabilities,8 88,7.16
0,(b) Provisions,29 12,26 13
0,(c) Deferred tax liabilities (net),142 08,77 77
0,(d) Other non-current liabilities,46 84,2320
0,Sub-total • Non-current liabilities,226.92,134.26
3.,Current liabilities,0,0
0,(a) Financial liabilities,0,0
0,(i) Borrowings (ii) Trade payables (iii) Other financial liabilities,150 84 1171 86 170 01,111 85 765 30 142 40
0,(b) Provisions,4721,42 51
0,(c) Current tax liabilities,108 02,37 77
0,(d) Other current liabilities,617.30,429 92
0,Sub-total - Current liabilities,2.265.24,1/29.75
0,TOTAL - EQUITY AND LIABILITIES,9/2223,72)09.08
