0,1,2,3,4
Particulars,Standalone,Standalone,Consolidated,Consolidated
Particulars,As at 31st March 2018,As at 31st March 2017,As at 31st March 2018,As at 31st March 2017
ASSETS,0,0,0,0
1) Non-current assets a) PropertyPlant and Equipment b) Capital work-in-progress c) Investment property d) Intangible assets e) Intangible assets under development f) Biological assets other than bearer plants g) Goodwill on consolidation h) Financial assets i) Investments ii) Loans iii) Bank balances iv) Others i) Other non-current assets 2) Current Assets a) Inventories b) Financial assets (i) Investments (ii) Trade receivables (iii) Cash and cash equivalents (iv) Bank balances other than (iii) above (v) Loans (vi) Others c) Current tax assets (net) d) Other current assets e) Assets held for sale,0,0,0,0
1) Non-current assets a) PropertyPlant and Equipment b) Capital work-in-progress c) Investment property d) Intangible assets e) Intangible assets under development f) Biological assets other than bearer plants g) Goodwill on consolidation h) Financial assets i) Investments ii) Loans iii) Bank balances iv) Others i) Other non-current assets 2) Current Assets a) Inventories b) Financial assets (i) Investments (ii) Trade receivables (iii) Cash and cash equivalents (iv) Bank balances other than (iii) above (v) Loans (vi) Others c) Current tax assets (net) d) Other current assets e) Assets held for sale,45564.06,41402.38,64619.25,62189.52
1) Non-current assets a) PropertyPlant and Equipment b) Capital work-in-progress c) Investment property d) Intangible assets e) Intangible assets under development f) Biological assets other than bearer plants g) Goodwill on consolidation h) Financial assets i) Investments ii) Loans iii) Bank balances iv) Others i) Other non-current assets 2) Current Assets a) Inventories b) Financial assets (i) Investments (ii) Trade receivables (iii) Cash and cash equivalents (iv) Bank balances other than (iii) above (v) Loans (vi) Others c) Current tax assets (net) d) Other current assets e) Assets held for sale,2653.99,7504.65,3876.97,8713.98
1) Non-current assets a) PropertyPlant and Equipment b) Capital work-in-progress c) Investment property d) Intangible assets e) Intangible assets under development f) Biological assets other than bearer plants g) Goodwill on consolidation h) Financial assets i) Investments ii) Loans iii) Bank balances iv) Others i) Other non-current assets 2) Current Assets a) Inventories b) Financial assets (i) Investments (ii) Trade receivables (iii) Cash and cash equivalents (iv) Bank balances other than (iii) above (v) Loans (vi) Others c) Current tax assets (net) d) Other current assets e) Assets held for sale,_,-,5.74,31.90
1) Non-current assets a) PropertyPlant and Equipment b) Capital work-in-progress c) Investment property d) Intangible assets e) Intangible assets under development f) Biological assets other than bearer plants g) Goodwill on consolidation h) Financial assets i) Investments ii) Loans iii) Bank balances iv) Others i) Other non-current assets 2) Current Assets a) Inventories b) Financial assets (i) Investments (ii) Trade receivables (iii) Cash and cash equivalents (iv) Bank balances other than (iii) above (v) Loans (vi) Others c) Current tax assets (net) d) Other current assets e) Assets held for sale,72.37,73.50,3232.34,3143.23
1) Non-current assets a) PropertyPlant and Equipment b) Capital work-in-progress c) Investment property d) Intangible assets e) Intangible assets under development f) Biological assets other than bearer plants g) Goodwill on consolidation h) Financial assets i) Investments ii) Loans iii) Bank balances iv) Others i) Other non-current assets 2) Current Assets a) Inventories b) Financial assets (i) Investments (ii) Trade receivables (iii) Cash and cash equivalents (iv) Bank balances other than (iii) above (v) Loans (vi) Others c) Current tax assets (net) d) Other current assets e) Assets held for sale,35.30,24.58,1100.53,1002.19
1) Non-current assets a) PropertyPlant and Equipment b) Capital work-in-progress c) Investment property d) Intangible assets e) Intangible assets under development f) Biological assets other than bearer plants g) Goodwill on consolidation h) Financial assets i) Investments ii) Loans iii) Bank balances iv) Others i) Other non-current assets 2) Current Assets a) Inventories b) Financial assets (i) Investments (ii) Trade receivables (iii) Cash and cash equivalents (iv) Bank balances other than (iii) above (v) Loans (vi) Others c) Current tax assets (net) d) Other current assets e) Assets held for sale,0.14,0.14,0.46,0.45
1) Non-current assets a) PropertyPlant and Equipment b) Capital work-in-progress c) Investment property d) Intangible assets e) Intangible assets under development f) Biological assets other than bearer plants g) Goodwill on consolidation h) Financial assets i) Investments ii) Loans iii) Bank balances iv) Others i) Other non-current assets 2) Current Assets a) Inventories b) Financial assets (i) Investments (ii) Trade receivables (iii) Cash and cash equivalents (iv) Bank balances other than (iii) above (v) Loans (vi) Others c) Current tax assets (net) d) Other current assets e) Assets held for sale,-,-,592.18,566.99
1) Non-current assets a) PropertyPlant and Equipment b) Capital work-in-progress c) Investment property d) Intangible assets e) Intangible assets under development f) Biological assets other than bearer plants g) Goodwill on consolidation h) Financial assets i) Investments ii) Loans iii) Bank balances iv) Others i) Other non-current assets 2) Current Assets a) Inventories b) Financial assets (i) Investments (ii) Trade receivables (iii) Cash and cash equivalents (iv) Bank balances other than (iii) above (v) Loans (vi) Others c) Current tax assets (net) d) Other current assets e) Assets held for sale,0,0,0,0
1) Non-current assets a) PropertyPlant and Equipment b) Capital work-in-progress c) Investment property d) Intangible assets e) Intangible assets under development f) Biological assets other than bearer plants g) Goodwill on consolidation h) Financial assets i) Investments ii) Loans iii) Bank balances iv) Others i) Other non-current assets 2) Current Assets a) Inventories b) Financial assets (i) Investments (ii) Trade receivables (iii) Cash and cash equivalents (iv) Bank balances other than (iii) above (v) Loans (vi) Others c) Current tax assets (net) d) Other current assets e) Assets held for sale,1490.36,1485.25,145.76,367.66
1) Non-current assets a) PropertyPlant and Equipment b) Capital work-in-progress c) Investment property d) Intangible assets e) Intangible assets under development f) Biological assets other than bearer plants g) Goodwill on consolidation h) Financial assets i) Investments ii) Loans iii) Bank balances iv) Others i) Other non-current assets 2) Current Assets a) Inventories b) Financial assets (i) Investments (ii) Trade receivables (iii) Cash and cash equivalents (iv) Bank balances other than (iii) above (v) Loans (vi) Others c) Current tax assets (net) d) Other current assets e) Assets held for sale,150.43,77.59,326.07,168.84
1) Non-current assets a) PropertyPlant and Equipment b) Capital work-in-progress c) Investment property d) Intangible assets e) Intangible assets under development f) Biological assets other than bearer plants g) Goodwill on consolidation h) Financial assets i) Investments ii) Loans iii) Bank balances iv) Others i) Other non-current assets 2) Current Assets a) Inventories b) Financial assets (i) Investments (ii) Trade receivables (iii) Cash and cash equivalents (iv) Bank balances other than (iii) above (v) Loans (vi) Others c) Current tax assets (net) d) Other current assets e) Assets held for sale,10.48,34.00,10.50,36.81
1) Non-current assets a) PropertyPlant and Equipment b) Capital work-in-progress c) Investment property d) Intangible assets e) Intangible assets under development f) Biological assets other than bearer plants g) Goodwill on consolidation h) Financial assets i) Investments ii) Loans iii) Bank balances iv) Others i) Other non-current assets 2) Current Assets a) Inventories b) Financial assets (i) Investments (ii) Trade receivables (iii) Cash and cash equivalents (iv) Bank balances other than (iii) above (v) Loans (vi) Others c) Current tax assets (net) d) Other current assets e) Assets held for sale,-,315.95,4.34,320.19
1) Non-current assets a) PropertyPlant and Equipment b) Capital work-in-progress c) Investment property d) Intangible assets e) Intangible assets under development f) Biological assets other than bearer plants g) Goodwill on consolidation h) Financial assets i) Investments ii) Loans iii) Bank balances iv) Others i) Other non-current assets 2) Current Assets a) Inventories b) Financial assets (i) Investments (ii) Trade receivables (iii) Cash and cash equivalents (iv) Bank balances other than (iii) above (v) Loans (vi) Others c) Current tax assets (net) d) Other current assets e) Assets held for sale,387.61,343.58,1003.28,1011.07
1) Non-current assets a) PropertyPlant and Equipment b) Capital work-in-progress c) Investment property d) Intangible assets e) Intangible assets under development f) Biological assets other than bearer plants g) Goodwill on consolidation h) Financial assets i) Investments ii) Loans iii) Bank balances iv) Others i) Other non-current assets 2) Current Assets a) Inventories b) Financial assets (i) Investments (ii) Trade receivables (iii) Cash and cash equivalents (iv) Bank balances other than (iii) above (v) Loans (vi) Others c) Current tax assets (net) d) Other current assets e) Assets held for sale,0,0,0,0
1) Non-current assets a) PropertyPlant and Equipment b) Capital work-in-progress c) Investment property d) Intangible assets e) Intangible assets under development f) Biological assets other than bearer plants g) Goodwill on consolidation h) Financial assets i) Investments ii) Loans iii) Bank balances iv) Others i) Other non-current assets 2) Current Assets a) Inventories b) Financial assets (i) Investments (ii) Trade receivables (iii) Cash and cash equivalents (iv) Bank balances other than (iii) above (v) Loans (vi) Others c) Current tax assets (net) d) Other current assets e) Assets held for sale,0,-,0,-
1) Non-current assets a) PropertyPlant and Equipment b) Capital work-in-progress c) Investment property d) Intangible assets e) Intangible assets under development f) Biological assets other than bearer plants g) Goodwill on consolidation h) Financial assets i) Investments ii) Loans iii) Bank balances iv) Others i) Other non-current assets 2) Current Assets a) Inventories b) Financial assets (i) Investments (ii) Trade receivables (iii) Cash and cash equivalents (iv) Bank balances other than (iii) above (v) Loans (vi) Others c) Current tax assets (net) d) Other current assets e) Assets held for sale,3098.89,1886.97,4959.56,3599.26
1) Non-current assets a) PropertyPlant and Equipment b) Capital work-in-progress c) Investment property d) Intangible assets e) Intangible assets under development f) Biological assets other than bearer plants g) Goodwill on consolidation h) Financial assets i) Investments ii) Loans iii) Bank balances iv) Others i) Other non-current assets 2) Current Assets a) Inventories b) Financial assets (i) Investments (ii) Trade receivables (iii) Cash and cash equivalents (iv) Bank balances other than (iii) above (v) Loans (vi) Others c) Current tax assets (net) d) Other current assets e) Assets held for sale,0,0,0,0
1) Non-current assets a) PropertyPlant and Equipment b) Capital work-in-progress c) Investment property d) Intangible assets e) Intangible assets under development f) Biological assets other than bearer plants g) Goodwill on consolidation h) Financial assets i) Investments ii) Loans iii) Bank balances iv) Others i) Other non-current assets 2) Current Assets a) Inventories b) Financial assets (i) Investments (ii) Trade receivables (iii) Cash and cash equivalents (iv) Bank balances other than (iii) above (v) Loans (vi) Others c) Current tax assets (net) d) Other current assets e) Assets held for sale,0,-,0.21,0.38
1) Non-current assets a) PropertyPlant and Equipment b) Capital work-in-progress c) Investment property d) Intangible assets e) Intangible assets under development f) Biological assets other than bearer plants g) Goodwill on consolidation h) Financial assets i) Investments ii) Loans iii) Bank balances iv) Others i) Other non-current assets 2) Current Assets a) Inventories b) Financial assets (i) Investments (ii) Trade receivables (iii) Cash and cash equivalents (iv) Bank balances other than (iii) above (v) Loans (vi) Others c) Current tax assets (net) d) Other current assets e) Assets held for sale,794.31,797.20,1826.09,1716.62
1) Non-current assets a) PropertyPlant and Equipment b) Capital work-in-progress c) Investment property d) Intangible assets e) Intangible assets under development f) Biological assets other than bearer plants g) Goodwill on consolidation h) Financial assets i) Investments ii) Loans iii) Bank balances iv) Others i) Other non-current assets 2) Current Assets a) Inventories b) Financial assets (i) Investments (ii) Trade receivables (iii) Cash and cash equivalents (iv) Bank balances other than (iii) above (v) Loans (vi) Others c) Current tax assets (net) d) Other current assets e) Assets held for sale,101.19,137.90,263.53,246.10
1) Non-current assets a) PropertyPlant and Equipment b) Capital work-in-progress c) Investment property d) Intangible assets e) Intangible assets under development f) Biological assets other than bearer plants g) Goodwill on consolidation h) Financial assets i) Investments ii) Loans iii) Bank balances iv) Others i) Other non-current assets 2) Current Assets a) Inventories b) Financial assets (i) Investments (ii) Trade receivables (iii) Cash and cash equivalents (iv) Bank balances other than (iii) above (v) Loans (vi) Others c) Current tax assets (net) d) Other current assets e) Assets held for sale,24.92,8.27,204.35,231.12
1) Non-current assets a) PropertyPlant and Equipment b) Capital work-in-progress c) Investment property d) Intangible assets e) Intangible assets under development f) Biological assets other than bearer plants g) Goodwill on consolidation h) Financial assets i) Investments ii) Loans iii) Bank balances iv) Others i) Other non-current assets 2) Current Assets a) Inventories b) Financial assets (i) Investments (ii) Trade receivables (iii) Cash and cash equivalents (iv) Bank balances other than (iii) above (v) Loans (vi) Others c) Current tax assets (net) d) Other current assets e) Assets held for sale,1046.54,787.50,470.52,387.43
1) Non-current assets a) PropertyPlant and Equipment b) Capital work-in-progress c) Investment property d) Intangible assets e) Intangible assets under development f) Biological assets other than bearer plants g) Goodwill on consolidation h) Financial assets i) Investments ii) Loans iii) Bank balances iv) Others i) Other non-current assets 2) Current Assets a) Inventories b) Financial assets (i) Investments (ii) Trade receivables (iii) Cash and cash equivalents (iv) Bank balances other than (iii) above (v) Loans (vi) Others c) Current tax assets (net) d) Other current assets e) Assets held for sale,1018.49,754.31,1430.47,1054.64
1) Non-current assets a) PropertyPlant and Equipment b) Capital work-in-progress c) Investment property d) Intangible assets e) Intangible assets under development f) Biological assets other than bearer plants g) Goodwill on consolidation h) Financial assets i) Investments ii) Loans iii) Bank balances iv) Others i) Other non-current assets 2) Current Assets a) Inventories b) Financial assets (i) Investments (ii) Trade receivables (iii) Cash and cash equivalents (iv) Bank balances other than (iii) above (v) Loans (vi) Others c) Current tax assets (net) d) Other current assets e) Assets held for sale,458.03,447.85,545.74,527.59
1) Non-current assets a) PropertyPlant and Equipment b) Capital work-in-progress c) Investment property d) Intangible assets e) Intangible assets under development f) Biological assets other than bearer plants g) Goodwill on consolidation h) Financial assets i) Investments ii) Loans iii) Bank balances iv) Others i) Other non-current assets 2) Current Assets a) Inventories b) Financial assets (i) Investments (ii) Trade receivables (iii) Cash and cash equivalents (iv) Bank balances other than (iii) above (v) Loans (vi) Others c) Current tax assets (net) d) Other current assets e) Assets held for sale,3169.49,4012.23,4361.75,5088.99
1) Non-current assets a) PropertyPlant and Equipment b) Capital work-in-progress c) Investment property d) Intangible assets e) Intangible assets under development f) Biological assets other than bearer plants g) Goodwill on consolidation h) Financial assets i) Investments ii) Loans iii) Bank balances iv) Others i) Other non-current assets 2) Current Assets a) Inventories b) Financial assets (i) Investments (ii) Trade receivables (iii) Cash and cash equivalents (iv) Bank balances other than (iii) above (v) Loans (vi) Others c) Current tax assets (net) d) Other current assets e) Assets held for sale,0,-,250.78,170.02
TOTAL-ASSETS,60076.60,60093.85,89230.42,90574.96
EQUITY & LIABILITIES (1) Equity a) Equity share capital b) Share Warrant c) Other Equity d) Non controlling interest (2) Non Current Liabilities a) Financial liabilities (i) Borrowings (ii) Trade payables (iii) Others \ b) Provisions /*«*/ \ c) Deferred tax liabilfyigfijnet) d) Other non - currenVlfepHlities,0,0,0,0
EQUITY & LIABILITIES (1) Equity a) Equity share capital b) Share Warrant c) Other Equity d) Non controlling interest (2) Non Current Liabilities a) Financial liabilities (i) Borrowings (ii) Trade payables (iii) Others \ b) Provisions /*«*/ \ c) Deferred tax liabilfyigfijnet) d) Other non - currenVlfepHlities,0,0,0,0
EQUITY & LIABILITIES (1) Equity a) Equity share capital b) Share Warrant c) Other Equity d) Non controlling interest (2) Non Current Liabilities a) Financial liabilities (i) Borrowings (ii) Trade payables (iii) Others \ b) Provisions /*«*/ \ c) Deferred tax liabilfyigfijnet) d) Other non - currenVlfepHlities,0,0,0,0
EQUITY & LIABILITIES (1) Equity a) Equity share capital b) Share Warrant c) Other Equity d) Non controlling interest (2) Non Current Liabilities a) Financial liabilities (i) Borrowings (ii) Trade payables (iii) Others \ b) Provisions /*«*/ \ c) Deferred tax liabilfyigfijnet) d) Other non - currenVlfepHlities,96.79,91.50,96.79,91.50
EQUITY & LIABILITIES (1) Equity a) Equity share capital b) Share Warrant c) Other Equity d) Non controlling interest (2) Non Current Liabilities a) Financial liabilities (i) Borrowings (ii) Trade payables (iii) Others \ b) Provisions /*«*/ \ c) Deferred tax liabilfyigfijnet) d) Other non - currenVlfepHlities,4.80,-,4.80,-
EQUITY & LIABILITIES (1) Equity a) Equity share capital b) Share Warrant c) Other Equity d) Non controlling interest (2) Non Current Liabilities a) Financial liabilities (i) Borrowings (ii) Trade payables (iii) Others \ b) Provisions /*«*/ \ c) Deferred tax liabilfyigfijnet) d) Other non - currenVlfepHlities,22690.97,21674.70,30283.02,29959.03
EQUITY & LIABILITIES (1) Equity a) Equity share capital b) Share Warrant c) Other Equity d) Non controlling interest (2) Non Current Liabilities a) Financial liabilities (i) Borrowings (ii) Trade payables (iii) Others \ b) Provisions /*«*/ \ c) Deferred tax liabilfyigfijnet) d) Other non - currenVlfepHlities,0,0,440.34,646.71
EQUITY & LIABILITIES (1) Equity a) Equity share capital b) Share Warrant c) Other Equity d) Non controlling interest (2) Non Current Liabilities a) Financial liabilities (i) Borrowings (ii) Trade payables (iii) Others \ b) Provisions /*«*/ \ c) Deferred tax liabilfyigfijnet) d) Other non - currenVlfepHlities,0,0,0,0
EQUITY & LIABILITIES (1) Equity a) Equity share capital b) Share Warrant c) Other Equity d) Non controlling interest (2) Non Current Liabilities a) Financial liabilities (i) Borrowings (ii) Trade payables (iii) Others \ b) Provisions /*«*/ \ c) Deferred tax liabilfyigfijnet) d) Other non - currenVlfepHlities,0,0,0,0
EQUITY & LIABILITIES (1) Equity a) Equity share capital b) Share Warrant c) Other Equity d) Non controlling interest (2) Non Current Liabilities a) Financial liabilities (i) Borrowings (ii) Trade payables (iii) Others \ b) Provisions /*«*/ \ c) Deferred tax liabilfyigfijnet) d) Other non - currenVlfepHlities,14411.05,16403.88,32955.91,32598.34
EQUITY & LIABILITIES (1) Equity a) Equity share capital b) Share Warrant c) Other Equity d) Non controlling interest (2) Non Current Liabilities a) Financial liabilities (i) Borrowings (ii) Trade payables (iii) Others \ b) Provisions /*«*/ \ c) Deferred tax liabilfyigfijnet) d) Other non - currenVlfepHlities,0,-,1.89,90.88
EQUITY & LIABILITIES (1) Equity a) Equity share capital b) Share Warrant c) Other Equity d) Non controlling interest (2) Non Current Liabilities a) Financial liabilities (i) Borrowings (ii) Trade payables (iii) Others \ b) Provisions /*«*/ \ c) Deferred tax liabilfyigfijnet) d) Other non - currenVlfepHlities,714.09,683.62,687.79,673.21
EQUITY & LIABILITIES (1) Equity a) Equity share capital b) Share Warrant c) Other Equity d) Non controlling interest (2) Non Current Liabilities a) Financial liabilities (i) Borrowings (ii) Trade payables (iii) Others \ b) Provisions /*«*/ \ c) Deferred tax liabilfyigfijnet) d) Other non - currenVlfepHlities,43.08,37.60,278.16,307.21
EQUITY & LIABILITIES (1) Equity a) Equity share capital b) Share Warrant c) Other Equity d) Non controlling interest (2) Non Current Liabilities a) Financial liabilities (i) Borrowings (ii) Trade payables (iii) Others \ b) Provisions /*«*/ \ c) Deferred tax liabilfyigfijnet) d) Other non - currenVlfepHlities,3673.45,3983.63,5028.36,5358.63
EQUITY & LIABILITIES (1) Equity a) Equity share capital b) Share Warrant c) Other Equity d) Non controlling interest (2) Non Current Liabilities a) Financial liabilities (i) Borrowings (ii) Trade payables (iii) Others \ b) Provisions /*«*/ \ c) Deferred tax liabilfyigfijnet) d) Other non - currenVlfepHlities,2854.00,2854.00,77.83,0.27
(3) Current liabilities a) Financial liabilities (i) Borrowings,0,0,0,0
(3) Current liabilities a) Financial liabilities (i) Borrowings,0,0,0,0
(3) Current liabilities a) Financial liabilities (i) Borrowings,6910.19,7759.46,6242.94,7360.10
(ii) Trade payables (iii) Other Financial liabilities b) Other current liabilities. c) Provisions d) Current tax liability (newc^.,3380.36,2364.60,4189.91,2914.85
(ii) Trade payables (iii) Other Financial liabilities b) Other current liabilities. c) Provisions d) Current tax liability (newc^.,3598.70,3025.49,6253.40,8835.79
(ii) Trade payables (iii) Other Financial liabilities b) Other current liabilities. c) Provisions d) Current tax liability (newc^.,1667.76,1176.82,2627.78,1675.90
(ii) Trade payables (iii) Other Financial liabilities b) Other current liabilities. c) Provisions d) Current tax liability (newc^.,31.36,38.55,61.50,62.43
(ii) Trade payables (iii) Other Financial liabilities b) Other current liabilities. c) Provisions d) Current tax liability (newc^.,0,-,-,0.11
(ii) Trade payables (iii) Other Financial liabilities b) Other current liabilities. c) Provisions d) Current tax liability (newc^.,0,0,0,0
TOTAL EQUITY AND LIABILITIES,60076.60,60093.85,89230.42,90574.96
