0,1,2,3
0,0,As at,As at
Sr. No.,Particulars,31 March,31 March
0,0,(Audited),(Audited)
0,0,2018,2017
A,ASSETS,0,0
1.,Non-current assets,0,0
0,Property plant and equipment,319252,310404
0,Capital work-in-progress,30009,21065
0,Goodwill,188770,176223
0,Other intangible assets,32034,24046
0,Intangible assets underdevelopment,37088,47313
0,Financial assets:,0,0
0,Investments,12352,10271
0,Loans,1449,1193
0,Other financial assets,53,99
0,Deferred tax assets (net),16045,14190
0,Income tax assets (net),2058,2573
0,Other non-current assets,3676,1876
0,Total non-current assets,642786,609253
2.,Current assets,0,0
0,Inventories,139139,122040
0,Financial assets:,0,0
0,Trade receivables,113076,100531
0,Cash and cash equivalents,24418,45644
0,Other bank balances,462,319
0,Loans,460,724
0,Other financial assets,8827,3081
0,Income tax assets (net),477,435
0,Other current assets,32117,22038
0,Total current assets,318976,294812
0,Total assets,961762,904065
B,EQUITY AND LIABILITIES,0,0
1.,Equity,0,0
0,Equity share capital,1558,1557
0,Other equity,407095,342047
0,Total equity attributable to equity holders,408653,343604
2.,Non-controlling interest,(5152),(4739)
0,Total equity,403501,338865
3.,Liabilities,0,0
0,Non-current liabilities,0,0
0,Financial liabilities:,0,0
0,Borrowings,304781,350503
0,Other financial liabilities,25221,18612
0,Provisions,10708,8069
0,Deferred tax liabilities (net),16306,18640
0,Other non-current liabilities,776,972
0,Total non-current liabilities,357792,396796
0,Current liabilities,0,0
0,Financial liabilities:,0,0
0,Borrowings,24485,25560
0,Trade payables,113616,74949
0,Other financial liabilities,42175,48435
0,Other current liabilities,8412,8835
0,Provisions ----__,4170,3579
0,Current tax liabilities (net),7611,7046
V,Total current liabilities,200469,168404
A,Total equity and liabilities,961762,904065
