0,1,2,3
0,0,As at,As at
Particulars,Particulars,31 March 2018,31 March 2017
0,0,(Audited),(Audited)
A. 1.,EQUITY AND LIABILITIES Shareholders' funds (a) Share capital,4740.57,4739.19
0,(b) Reserves and surplus,227202.46,212472.60
0,(c) Fair value change account,6.82,1.58
0,Sub-total - shareholders' funds,231949.85,217213.37
2.,Minority interest,-,3419.59
3.,Non-currcnt liabilities,0,0
0,(a; Long-term borrowings,256339.12,310929.43
0,(b) Long-term provisions,33261.31,22587.50
0,Sub-total • non-current liabilities,289600.43,333516.93
4.,Current liabilities,0,0
0,(a) Short-term borrowings,613505.94,548022.99
0,(b) Trade payables,32777.86,21889.51
0,(c) Other current liabilities,191443.33,229256.75
0,(d) Short-term provisions,10849.23,8903.73
0,Sub-total - current liabilities,848576.36,808072.98
0,TOTAL - EQUITY AND LIABILITIES,1370126.64,1362222.87
13. 1.,ASSETS Non-current assets,0,0
0,(a) Property plant and equipment,20.036.64,28525.93
0,(b) Non-current investments,52278.54,47292.90
0,(c) Deferred tax assets (net),2.980.30,1974.34
0,(d) Long-term loans and advances,824780.03,792267.87
0,(c) Other non-current assets,11717.91,19761.60
0,Sub-total • non-current assets,911793.42,889822.64
2.,Current assets,0,0
0,(a) Current investments,12573.25,7.356.05
0,(b) Trade receivables,334.80,674.93
0,(c) Cash and bank balances,41791.58,35330.96
0,(d) Short-term loans and advances,392138.08,416677.70
0,(e) Other current assets,11495.51,12360.59
0,Sub-total - current assets,458333.22,472400.23
0,TOTAL - ASSETS,1370126.64,1362.222.87
