0,1,2,3
JmfWWYS murugappa E.I.D.-PARRY (INDIA) LIMITED Registered Office: 'Dare House' Parry's Comer Chennai - 600 001 Consolidated audited financial results for the quarter and year ended March 31 2018 Audited Consolidated Statement of Assets and Liabilities as at March 31 2018 Rs. in Crore,JmfWWYS murugappa E.I.D.-PARRY (INDIA) LIMITED Registered Office: 'Dare House' Parry's Comer Chennai - 600 001 Consolidated audited financial results for the quarter and year ended March 31 2018 Audited Consolidated Statement of Assets and Liabilities as at March 31 2018 Rs. in Crore,JmfWWYS murugappa E.I.D.-PARRY (INDIA) LIMITED Registered Office: 'Dare House' Parry's Comer Chennai - 600 001 Consolidated audited financial results for the quarter and year ended March 31 2018 Audited Consolidated Statement of Assets and Liabilities as at March 31 2018 Rs. in Crore,JmfWWYS murugappa E.I.D.-PARRY (INDIA) LIMITED Registered Office: 'Dare House' Parry's Comer Chennai - 600 001 Consolidated audited financial results for the quarter and year ended March 31 2018 Audited Consolidated Statement of Assets and Liabilities as at March 31 2018 Rs. in Crore
0,0,As at,As at
0,0,31.03.2018,31.03.2017
0,0,Audited,Audited
A,ASSETS,0,0
1,Non-current assets,0,0
0,(a) Property Plant and Equipment,3114.12,3210.47
0,(b) Capital work in progress,43.50,30.33
0,(c) Investment Property,25.08,25.74
0,(d) Goodwill,25.02,25.02
0,(e) Other Intangible Assets,32.33,35.34
0,(f) Intangible Assets under Development,10.62,8.25
0,(g) Financial Assets,0,0
0,(i) Investments,0,0
0,(a) Investments in Associate,8.73,8.17
0,(b) Investments in Joint Venture,16.20,16.80
0,(c) Other investments,364.57,45058
0,(ii) Loans,20.00,-
0,(iii) Other Financial Assets,4.41,4.19
0,(h) Deferred tax assets,71.15,67.52
0,(i) Other Non-Current assets,123.37,89.15
0,0,3839.10,3971.56
2,Current assets,0,0
0,(a) Inventories,4095.88,3572.01
0,(b) Financial Assets,0,0
0,(i) Investments,40.74,93.70
0,(ii) Trade receivables,1828.83,1850.22
0,(iii) Cash and Cash equivalents,545.38,231.45
0,(iv) Bank balances other than (iii) above,118.31,25.71
0,(v) Loans,407.77,522.25
0,(vi) Government subsidy receivable,2626.86,2557.03
0,(vii) Other Financial Assets,120.67,215.01
0,(c) Current tax assets (Net),70.94,52.76
0,(d) Other Current assets,884.34,333.69
0,0,10739.72,9453.83
0,(e) Assets classified as held for sale,-,5.90
0,Total Current Assets,10739.72,9459.73
0,TOTAL ASSETS,14398.82,13431.29
B,EOUITY AND LIABILITIES,0,0
1,EQUITY,0,0
0,(a) Equity Share Capital,17.70,17.59
0,(b) Other equity,2952.24,2732.72
0,Equity attributable to owner* of the Company,2969.94,2750.31
0,Non Controlling Interest,1266.48,1137.69
0,Total Equity,4236.42,3888.00
2,Non*Current liabilities,0,0
0,(a) Financial liabilities,0,0
0,(i) Borrowings,409.97,842.65
0,(ii) Other financial liabilities,-,0.04
0,(b) Provisions,22.03,19.32
0,(c) Deferred tax liability (Net),129.08,154.41
0,(d) Other Non-Current liabilities,10.83,11.13
0,0,371.91,1027.55
3,Current Liabilities,0,0
0,(a) Financial liabilities,0,0
0,(i) Borrowings,3614.38,2829.59
0,(ii) Trade payables,4641.98,4204.45
0,(iii) Other Financial liabilities,1377.62,1290.29
0,(b) Short term Provisions,16.84,24.90
0,(c) Current tax liability (net),21.96,17.62
0,(d) Other Current liabilities,117.71,148.89
0,0,9790.49,8515.74
0,TOTAL EQUITY AND LIABILITIES,14398.82,13431.29
