0,1,2,3
Jpl* 0 MfmRRYS murugappo E.I.D.-PARRY (INDIA) LIMITED Registered Office: 'Dare House' Parry's Comer Chennai - 600 001 Standalone Audited Financial Results for the quarter and year ended March 312018 Statement of Assets & Liabilities Rs. in Crore,Jpl* 0 MfmRRYS murugappo E.I.D.-PARRY (INDIA) LIMITED Registered Office: 'Dare House' Parry's Comer Chennai - 600 001 Standalone Audited Financial Results for the quarter and year ended March 312018 Statement of Assets & Liabilities Rs. in Crore,Jpl* 0 MfmRRYS murugappo E.I.D.-PARRY (INDIA) LIMITED Registered Office: 'Dare House' Parry's Comer Chennai - 600 001 Standalone Audited Financial Results for the quarter and year ended March 312018 Statement of Assets & Liabilities Rs. in Crore,Jpl* 0 MfmRRYS murugappo E.I.D.-PARRY (INDIA) LIMITED Registered Office: 'Dare House' Parry's Comer Chennai - 600 001 Standalone Audited Financial Results for the quarter and year ended March 312018 Statement of Assets & Liabilities Rs. in Crore
0,0,As at,As at
0,0,31.03.2018,31.03.2017
0,0,Audited,Audited
A,ASSETS,0,0
t,Non-current assets,0,0
0,(a) Property Plant and Equipment,1349.82,1439.26
0,(b) Capital work in progress,5.33,7.99
0,(c) Investment Property,25.08,25.74
0,(d) Goodwill,14.52,14.52
0,(e) Other Intangible Assets,1.09,0.65
0,(f) Financial Assets,0,0
0,(i) Investments,0,0
0,(a) Investments in subsidiaries,731.32,666.07
0,(b) Other investments,146.99,69.05
0,(ii) Loans,20.00,1.30
0,(iii) Other Financial Assets,4.12,3.91
0,(g) Deferred tax assets,68.28,67.52
0,(h) Other Non-Current assets,31.88,16.78
0,0,2398.43,2312.79
2,Current assets,0,0
0,(a) Inventories,1097.62,734.56
0,(b) Financial Assets,0,0
0,(i) Investments,-,50.63
0,(ii) Trade receivables,134.46,210.46
0,(iii) Cash and Cash equivalents,0.70,1.53
0,(iv) Bank balances other than (iii) above,9.41,4.59
0,(v) Loans,0.48,•
0,(vi) Other Financial Assets,68.19,24.88
0,(c) Current tax assets (Net),65.36,51.80
0,(d) Other Current assets,157.05,48.27
0,0,1533.27,1126.72
0,(e) Assets classified as held for sale,110.51,5.90
0,Total Current Assets,1643.78,1132.62
0,Total Assets,4042.21,3445.41
B,EQUITY AND LIABILITIES,0,0
i,EQUITY,0,0
0,(a) Equity Share Capital,17.70,17.59
0,(b) Other equity,1620.43,1459.87
0,Equity attributable to owners of the Company,1638.13,1477.46
2,Non-Current liabilities,0,0
0,(a) Financial liabilities,0,0
0,(i) Borrowings,274.98,568.76
0,(b) Deferred tax liability (Net),-,5.90
0,(c) Long term provisions,6.86,4.49
0,(d) Other Non-Current liabilities,10.81,11.12
0,0,292.65,590.27
3,Current Liabilities,0,0
0,(a) Financial liabilities,0,0
0,(i) Borrowings,432.43,181.53
0,(ii) Trade payables,568.02,281.48
0,(iii) Other Financial liabilities,1053.37,829.13
0,(b) Short term Provisions,6.67,10.14
0,(c) Other Current liabilities,28.01,75.40
0,(d) Liabilities directly associated with assets,0,0
0,classified as held for sale,22.93,0
0,Total Equity and Liabilities,2111.43,1377.68
0,Total Equity and Liabilities,4042.21,3445.41
