0,1,2,3,4,5
STATEMENT OF ASSETS AND LIABILITIES (Rs. in Lacs),STATEMENT OF ASSETS AND LIABILITIES (Rs. in Lacs),STATEMENT OF ASSETS AND LIABILITIES (Rs. in Lacs),STATEMENT OF ASSETS AND LIABILITIES (Rs. in Lacs),STATEMENT OF ASSETS AND LIABILITIES (Rs. in Lacs),STATEMENT OF ASSETS AND LIABILITIES (Rs. in Lacs)
Particulars,Particulars,Audited / Standalone,Audited / Standalone,Audited / Consolidated,Audited / Consolidated
Particulars,Particulars,31-03-2018,31-03-2017,31-03-2018,31-03-2017
A.,ASSETS,0,0,0,0
1.,Non-Current Assets,0,0,0,0
0,(a) Property Plant and Equipment,96574,99719,97656,100756
0,(b) Capital Work-in-Proqress,225,171,225,0
0,(c) Investment Property,411,429,411,429
0,(d) Goodwill,-,-,16,16
0,(e) Other Intangible Assets,Ill,118,111,118
0,(f) Financial Assets,0,0,0,0
0,(i) Investments,427,427,-,_
0,(ii) Loans,289,326,294,331
0,(iii) Other Financial Assets,109,583,109,583
0,(g) Prepayments,1280,1368,1280,1368
0,(h) Other non-current assets,2267,3143,2267,3144
Sub-Total-Non-Current Assets,Sub-Total-Non-Current Assets,101693,106284,102369,106916
2.,Current Assets,0,0,0,0
0,(a) Inventories,246161,201864,246272,201996
0,(b) Financial Assets,0,0,0,0
0,(i) Investments,899,1011,899,1011
0,(ii) Trade receivables,24413,23107,24411,23002
0,(iii) Derivative Instruments,2,-,2,-
0,(iv) Cash and Cash equivalents,3869,266,3952,435
0,(v) Bank balances other than (iv) above,3030,41,3030,41
0,(vi) Loans,25,11,25,11
0,(vii) Other Financial Assets,1348,2641,1348,2641
0,(c) Prepayments,1077,1258,1077,1258
0,(d) Other Current Assets,975,2081,1002,4913
Sub-Total-Current Assets,Sub-Total-Current Assets,281799,232280,282018,235308
TOTAL ASSETS,TOTAL ASSETS,383492,338564,384387,342224
B.,EQUITY AND LIABILITIES,0,0,0,0
1.,Equity,0,0,0,0
0,(a) Equity Share Capital,2354,2354,2354,2354
0,(b) Other Equity,0,0,0,0
0,(i) Equity attributable to the owners of the parent,225576,184808,226436,188378
0,(ii) Non-controlling interest,-,-,88,88
Sub-Total-Shareholder's Fund,Sub-Total-Shareholder's Fund,227930,187162,228878,190820
0,Liabilities,0,0,0,0
2.,Non-current Liabilities,0,0,0,0
0,(a) Financial Liabilities,0,0,0,0
0,(i) Borrowings,5195,8732,5195,8732
0,(b) Provisions,591,485,590,486
0,(c) Deferred Tax Liabilities (Net),13202,11378,13202,11378
Sub-Total-Non-Current Liabilities,Sub-Total-Non-Current Liabilities,18988,20595,18987,20596
3.,Current Liabilities,0,0,0,0
0,(a) Financial Liabilities,0,0,0,0
0,(i) Borrowings,116414,96505,116415,96505
0,(ii) Trade payables,10018,25417,9960,25417
0,(iii) Other financial liabilities,3326,4292,3326,4292
0,(b) Other current liabilities,5197,2898,5202,2899
0,(c) Provisions,868,949,868,949
0,(d) Current Tax Liabilities (Net),751,746,751,746
Sub-Total-Current-Liabilities,Sub-Total-Current-Liabilities,136574,130807,136522,130808
TOTAL EQUITY AND LIABILITIES,TOTAL EQUITY AND LIABILITIES,383492,338564,384387,342224
