0,1,2,3,4,5
0,0,0,As on,As on,As on
S.NO.,PARTICULARS,0,31.03.2018,31.03.2018,31.03.2017
0,0,0,(AUDITED),(AUDITED),(AUDITED)
A.,ASSETS,0,0,0,0
1,Non-current assets,0,0,0,0
(a),Property plant and equipment,0,0,95286.84,6038165
(b),Capital work-in-progress,0,0,22682.20,28723 43
(c),Goodwill,0,0,2060.71,1773 58
(d),Other intangible assets,0,0,6683.20,4759.77
(e),Intangible assets under development,0,0,358.49,427 49
(f),Financial assets,0,0,0,0
0,i. Investment in associate / joint venture,0,0,22.51,0
0,ii. Other investments,0,0,12.01,17 49
0,iii Loans,0,0,19.87,24 14
0,iv Other financial assets,0,0,1420.38,1068 88
(g),Deferred tax assets (net),0,0,955.71,629.26
(h),Other non-current assets,0,0,3040.94,4 973 50
0,Total non-current assets,0,0,132542.86,102779.19
2.,Current assets,0,0,0,0
(a),Inventories,0,0,29453.51,26455.26
(b),Financial assets,0,0,0,0
0,i. Investments,0,0,13390.47,3944.44
0,ii. Trade receivables,0,0,14350.30,11274.96
0,iii.Cash and cash equivalents,0,0,5931.17,3308 94
0,iv Bank balances other than (iii) above,0,0,60.72,60 23
0,v. Loans,0,0,17.08,38 94
0,vi. Other financial assets,0,0,740.41,497.86
(c),Other current assets,0,0,5045.93,4601.36
0,Total current assets,0,68989.59,68989.59,50181.99
0,Total assets (1+2),Total assets (1+2),201532.45,201532.45,152961.18
B.,EQUITY AND LIABILITIES,0,0,0,0
1.,Equity,0,0,0,0
(a),Equity share capital,0,0,572.05,509 02
(b),Other equity,0,0,97194.67,72.390 52
0,Total equity,0,0,97766.72,72899.54
0,LIABILITIES,0,0,0,0
2.,Non-current liabilities,0,0,0,0
(a),Financial liabilities i Borrowings,0,0,37002.20,21559.04
0,ii Other financial liabilities,0,0,689.02,600.03
(b),Provisions,0,0,764.71,678.21
(c),Deferred tax liabilities (net),0,0,8388.62,7435.40
(d),Other non-current liabilities,0,0,7301.22,5217 17
0,Total non-current liabilities,0,0,54145.77,35489.85
3.,Current liabilities,0,0,0,0
(a),Financial liabilities,0,0,0,0
0,i. Borrowings,0,0,7454.48,10886.27
0,ii.Trade payables,0,0,24470.78,17317.56
0,III. Other financial liabilities,0,0,8864.33,9032.75
(b) (c),Other current liabilities Provisions,"fif I ""s//",0,4379.44 3381.28,2553.23 3708.21
<d),Current tax liabilities (net),"fif I ""s//",vA,1069.65,1.073.77
0,Total current liabilities,is,\*a\,49619.96,44571.79
0,0,v3a,/£>/,0,0
0,TOTAL EQUITY AND LIABILITIES (1+2+3),0,AW,201532.45,152961.18
