0,1,2,3
0,0,As on,As on
0,PARTICULARS,March 31 2018,March 31 2017
0,0,(AUDITED),(AUDITED)
A,ASSETS,0,0
1,Non-current assets,0,0
(a),Property plant and equipment,56793.23,47709.47
(b),Capital work-in-progress,6717.86,6214.76
(c),Intangible assets,345.45,242.20
(d),Financial assets i. Investments,16393.76,10048.62
0,ii. Loans,19.87,17.11
0,iii Other financial assets,1239.53,919.12
(e),Other non-current assets,1146.86,1718.89
0,Total non-current assets,82656.56,66870.17
2,Current assets,0,0
(a),Inventories,17214.91,17293.98
(b),Financial assets,0,0
0,i. Investments,13390.47,3944.44
0,ii. Trade receivables,5501.46,3864.92
0,iii Cash and cash equivalents,2544 51,1340.88
0,Iv. Bank balances other than (iii) above,60.72,52.93
0,v. Loans,5761.64,1755.15
0,vi. Other financial assets,384.81,342.49
(c),Other current assets,3910.70,3295.17
0,Total current assets,48769.22,31889.96
0,Total assets,131425.78,98760.13
A,EQUITY AND LIABILITIES,0,0
1.,Equity,0,0
(a),Equity share capital,572.05,509.02
(b),Other equity,72034 06,52802.87
0,Total equity,72606.11,53311.89
2.,Non-current liabilities,0,0
(a),Financial liabilities,0,0
0,i. Borrowings,18643.88,8340.25
0,ii. Other financial liabilities,131.60,142.64
(b),Provisions,450.73,391.71
(c),Deferred tax liabilities (Net),5443.36,4927.34
(d),Other non-current liabilities,3433.39,2884.35
0,Total non-current liabilities,28102.96,16686.29
3.,Current liabilities,0,0
(a),Financial liabilities,0,0
0,i. Borrowings,6474.24,7840.04
0,ii.Trade payables,15125.72,10407.54
0,iii Other financial liabilities,3193.21,4961.49
(b),Other current liabilities,2341.96,1293.96
(c) (d),Provisions Current tax liabilities (net) 0/ Total current liabilities \M( Vj\,2651.16 930.42,3229.94 1028.98
0,Provisions Current tax liabilities (net) 0/ Total current liabilities \M( Vj\,30716.71,28761.95
0,\o\ Iff) Total equity and liabilities,131425.78,98760.13
