0,1,2,3,4,5
(? in crores),(? in crores),(? in crores),(? in crores),(? in crores),(? in crores)
Standalone Audited Balance Sheet,Standalone Audited Balance Sheet,Standalone Audited Balance Sheet,Standalone Audited Balance Sheet,Standalone Audited Balance Sheet,Standalone Audited Balance Sheet
Particulars,Particulars,Particulars,0,Audited,Audited
Particulars,Particulars,Particulars,As at 31.03.2018,As at 31.03.2018,As at 31.03.2017
ASSETS Non-Current assets Property Plant and Equipment,0,0,0,2477.44,2512.01
Capital work in progress,0,0,0,1391.84,219.76
Goodwill,0,0,0,35.36,35.36
Other Intangible Assets,0,0,0,55.73,57.31
Financial Assets,0,0,0,0,-
Investments,0,0,0,1547.33,1598.20
Loans,0,0,0,79.08,70.27
Other Financial Assets,0,0,0,144.75,198.05
Current tax assets (net),0,0,0,49.50,36.48
Other Non-Current Assets,0,0,0,305.81,200.39
0,0,0,6086.84,6086.84,4927.83
Current assets Inventories Financial Assets,0,0,0,2178.43,2194.09
Investments,0,0,0,1030.01,1315.40
Trade Receivables,0,0,0,1138.20,994.63
Cash and Cash Equivalents,0,0,0,106.70,62.01
Other Balances with Banks,0,0,0,14.14,143.93
Loans,0,0,0,12.17,13.55
Other Financial Assets,0,0,0,627.23,474.07
Assets Classified as Held For Sale,0,0,0,0.92,0.57
Other Current Assets,0,0,0,393.29,231.95
0,0,0,5501.09,5501.09,5430.20
TOTAL ASSETS,TOTAL ASSETS,TOTAL ASSETS,11587.93,11587.93,10358.03
EQUITY AND LIABILITIES Equity Equity Share Capital,0,0,0,95.92,95.92
Other Equity,0,0,0,7702.24,6998.83
0,0,0,7798.16,7798.16,7094.75
LIABILITIES Non-Current Liabilities Financial Liabilities,0,0,0,0,0
Borrowings,0,0,0,9.87,10.38
Other Financial Liabilities,0,0,0,0.65,2.31
Provisions,0,0,0,107.35,109.84
Deferred Tax Laibilities (net),0,0,0,270.33,261.17
Other Non-Current Liabilities,0,0,0,2.61,3.65
0,0,0,390.81,390.81,387.35
Current Liabilities Financial Liabilties,0,0,0,0,0
Borrowings,0,0,0,-,26.84
Trade Payables,0,0,0,1851.50,1671.26
Other Financial Liabilities,0,0,0,1208.56,879.99
Other Current liabilities,0,0,0,244.99,206.32
Provisions,0,0,0,42.85,36.20
Current Tax Liabilities (net),0,0,0,51.06,55.32
0,0,0,3398.96,3398.96,2875.93
0,mf x,A\,0,0,0
TOTAL EQUITY AND LIABILITIES,|(S[ MUMfJAl,0,11587.93,11587.93,10358.03
-— ^ ZM a,-— ^ ZM a,-— ^ ZM a,-— ^ ZM a,-— ^ ZM a,-— ^ ZM a
