0,1,2
0,As at 31 March,As at 31 March
0,2018,2017
0,(Audited),(Audited)
A ASSETS,0,0
1 Non-current assets,0,0
(a) Properly plan! & equipment,5287.7,5076.4
(b) Capital wortc-in--progress,267.8,232.3
(c) Intangible assets,101. D,115.0
(d) Financial assets,0,0
(i) Investments,717.4,662.2
(ii) Other bank balances,6.0,6.0
(iii Loans,3.9,5.7
(iv) Other financial assets,77.9,91.1
(e) Other non-current assets,559.9,633.4
Sub total * Non-currentassets,7021.6,0822.1
2 Current assets,0,0
(a) Inventories,3508 1,4054.3
(b) Financial assets,0,0
(i) Investments,5015.9,2693.1
(ii) Trade receivables,3952.9,4120.5
(iii) Cash & cash equivalents,688.8,175.2
(iv) Bank balances other than (iii) above,179.3,173.0
(v) Loans,6.8,13.2
(vi) Other financial assets,156.3,112.8
(c) Other current assets,1.329.0,680.9
(d) Current tax assets (net),467.1,-
Sub totat - Current assets,15304.2,12023.0
TOTAL - ASSETS,22325.8,18845.1
