0,1,2
0,As at 31 March,As at 31 March
0,2018,2017
0,{Audited),(Audited)
A ASSETS,0,0
1 Non-current assets,0,0
{a) Property plant & equipment,5207.6,5076.4
{b) Capital work-in progress,267.6,232.3
{c) Intangible assets,100.9,115.0
<d) Financial assets,0,0
{i) Investments,717.1,662.6
{ii) Other bank balances,6.0,6.0
Cii Loans,3.4,4.0
{iv) Other financial assets,77.7,90.0
{e) Other non-current assets,559.2,632.5
Sub total - Non-current assets,7019.5,6820.4
2 Current assets,0,0
{a) Inventories,3508.1,4054.3
{b) Financial assets,0,0
{i) Investments,5015.0,2693.1
{ii) Trade receivables,3952 9,4120.5
{iii) Cash & cash equivalents,662.3,167.4
{rv) Bank balances other than {iii) above,179.3,173.0
{v) Loans,6.7,13.2
{vi) Other financial assets,172.3,112.0
{c) Other current assets,1320.7,600.5
{d) Current tax assets {net),467.1,*
Sub total - Current assets,15.293.2,12.014.8
TOTAL - ASSETS,22312.7,18835.2
