0,1,2,3,4,5
Sr. No.,Particulars,Standalone,Standalone,Consolidated,Consolidated
Sr. No.,Particulars,31-03-2018,31-03-2017,31-03-2018,31-03-2017
Sr. No.,Particulars,(Audited),(Audited),(Audited),(Audited)
0,ASSETS,0,0,0,0
1,Non-Current Assets,0,0,0,0
(a),Property. Plant & Equipment,623.61,511.96,7149.38,10263.86
(b),Capital Work-in-Progress,413.90,621.60,5525.87,7731.49
(c),Investment Properties,9.37,9.37,35.70,36.62
(d),Goodwill,-,0,79.66,79.66
(e),Other Intangible Assets,629.79,650.05,3290.45,3.287.84
(f),Financial Assets,0,0,0,0
0,(i) Investments,3.007.97,3090.20,1.389.03,944.99
0,(ii) Loans,18.69,87.75,1420.87,975.94
0,(iii) Other Financial Assets,252.78,83.11,1185.55,822.22
(9),Income Tax Assets (net),177.25,144.38,255.31,202.13
(h),Deferred Tax Assets (net),214.01,246.57,317.05,487.63
(i),Other Non-Current Assets,266.24,271.94,469.97,698.35
0,0,5613.61,5716.93,21118.84,25530.73
II,Current Assets,0,0,0,0
(a),Inventories,1.294.42,594.56,2342.56,1651.90
(b),Financial Assets,0,0,0,0
0,(i) Investments,1.00,1.00,71.69,96.76
0,(ii) Trade Receivables,2.63537,2923.44,12098.77,12741.75
0,(iii) Cash & Cash Equivalents,272.95,259.93,1.159.03,996.35
0,(iv) Other Balances with Banks,251.71,104.28,725.22,718.74
0,(v) Loans,3.168.19,3.782.93,4145.77,3935.07
0,(vi) Other Financial Assets,79.39,179.06,573.80,480.50
(c),Other Current Assets,481.72,1096.15,1378.73,1537.60
(d),Assets held for distribution to Owners,1612.30,0,13374.25,0
0,0,9797.05,8941.35,35869.82,22158.67
0,Total Assets,15410.66,14658.28,56988.66,47689.40
0,EQUITY AND LIABILITIES,0,0,0,0
0,EQUITY,0,0,0,0
(a),Equity Share Capital,109.98,109.98,109.98,109.98
(b),Other Equity,3798.42,3657.20,14979.19,14025.99
0,Equity attributable to owners of the Company,3908.40,3767.18,15089.17,14135.97
(c),Non-Controlling Interests,-,0,499.25,562.25
0,Total Equity,3908.40,3767.18,15588.42,14698.22
0,LIABILITIES,0,0,0,0
1,Non-Current Liabilities,0,0,0,0
(a),Financial Liabilities,0,0,0,0
0,(i) Borrowings,1596.99,1857.82,4551.59,917333
0,(ii) Other Financial Liabilities,105.54,7816,1494.74,135160
(b),Provisions,17.99,16.36,46.13,43.90
(c),Deferred Tax Liabilities (net),0,0,89.37,77.93
(d),Other Non-Current Liabilities,0,0,819.17,11747
0,0,1720.52,1952.34,7001.00,10764.23
II,Current Liabilities,0,0,0,0
(a),Financial Liabilities,0,0,0,0
0,(i) Borrowings,4971.34,4905.4 0,12599.38,10679.88
0,(ii) Trade Payables,369318,3217.95,9186.87,855501
0,(iii) Other Financial Liabilities,238.38,624.93,96144,1799.14
(b),Other Current Liabilities,160.36,163.21,1121.10,1122.34
(c),Provisions,27.45,27.27,3847,3799
(d),Current Tax Liabilities (net),0,0,40.24,32.59
(e),Liabilities associated with assets held for distribution to Owners,69103,0,1045174,0
0,0,9781.74,8938.76,34399.24,22226.95
0,Total Equity and Liabilities,15410.66,14658.28,56988.66,47689.40
