0,1,2
0,Audited,Audited
Particulars,As at 31.03.2018,As at 31.03.2017
ASSETS Non-Current assets Property Plant and Equipment,3118.47,2956.65
Capital work in progress Goodwill,1405.11 327.26,257.54 193.48
Other Intangible assets Financial Assets,286.51,153.61
Investments,0,0
Investment in Associate,365.88,319.83
Other Investments,718.15,980.82
Loans,81.47,72.62
Trade Receivables,6.43,-
Other financial assets,151.28,199.42
Deferred Tax Assets (net),19.60,16.16
Current tax assets (net),68.30,84.01
Other Non-Current assets,320.54,221.53
0,6869.00,5455.67
Current assets Inventories Financial Assets,2658.31,2626.94
Investments,1056.67,1351.34
Trade Receivables,1730.63,1446.60
Cash and Cash Equivalents,312.12,582.08
Other Balances with Banks,92.53,219.13
Loans,12.81,17.88
Other financial assets,580.78,421.66
Assets classified as held for sale,15.00,14.99
Other current assets,455.23,285.06
0,6914.08,6965.68
TOTAL ASSETS,13783.08,12421.35
EQUITY AND LIABILITIES EQUITY Equity Share Capital Other Equity,95.92,95.92
Equity attributable to equity holders of the parent,8314.31,7507.97
Non-controlling interests,327.65,375.45
0,8737.88,7979.34
LIABILITIES Non-Current Liabilities Financial Liabilities,0,0
Borrowings,28.33,41.07
Other financial liabilities,4.99,7.20
Provisions,140.12,146.03
Deferred tax liabilities (net),417.12,359.19
Other Non-current liabilities,3.57,3.65
0,594.13,557.14
Current Liabilities Financial Liabilities,0,0
Borrowings,492.42,504.43
Trade Payables,2159.96,1922.83
Other financial liabilities,1363.73,1039.79
Other Current liabilities Provisions Current tax liabilities (net),282.89 56.60 95.47,227.14 49.13 141.55
0,4451.07,3884.87
TOTAL EQUITY AND LIABILITIES NVVv //-Sv \v>\\,13783.08,12421.35
f/jw \r*\\ ----4Hn—MUMBAI—fMl-,0,0
