0,1,2,3
Balance sheet,Balance sheet,(Re. In crores),(Re. In crores)
0,0,Standalone,Standalone
0,Particulars,As At,As At
0,0,31-Mar-18,31-Mar-17
0,0,(Audited),(Audited)
A,ASSETS,0,0
1,Non-current assets,0,0
0,Property Plant and Equipment,1247.90,1191.67
0,Capital work in progress,24.05,11.91
0,Investment Property,53.79,55.92
0,Goodwill,310.47,-
0,Other intangible assets,1173.00,18.16
0,Investment in subsidiaries Financial assets,41.70,227.41
0,i) Investments,-,161.66
0,ii) Other financial assets,17.21,13.55
0,iii) Other bank balance,0.41,-
0,Other non-current assets,40.15,88.59
0,0,2.908.68,1.768.87
2,Current assets,0,0
0,Inventories,1621.65,928.43
0,Financial Assets,0,0
0,i) Trade receivables,325.40,228.50
0,ii) Cash and cash equivalent,301.20,554.96
0,iii) Other bank balances,1224.97,1382.57
0,iv) Other financial assets,7.97,6.02
0,Other current assets,135.21,74.37
0,0,3.616.40,3174.85
3,Assets classified as held for sale,16.33,16.27
0,Total Assets,6541.41,4959.99
B,EQUITY AND LIABILITIES,0,0
1,Equity Equity Share Capital,62.51,62.49
0,Other Equity,3676.64,3211.09
0,0,3739.15,3.273.58
2,Liabilities Non-current liabilities Financial Liabilities i) Borrowings,81.00,0
0,ii) Other financial liabilities,5.48,2.93
0,Provisions,23 88,9.08
0,Deferred tax liabilities (Net),206.95,113.76
0,Other non-current liabilities,17.71,1.64
0,0,335.02,127.41
0,Current liabilities Financial Liabilities,0,0
0,i) Borrowings,27.00,198.05
0,ii) Trade payables,1633.99,629.56
0,iii) Other financial liabilities,513.29,444.29
0,Other Current liabilities,107.55,110.53
0,Provisions,154.09,110.19
0,Current Tax Liabilities (Net),31.32,66.38
0,0,2467.24,1559.00
0,Total Equity and Liabilities,6541.41,4959.99
