0,1,2,3
0,Particulars,As at,As at
0,Particulars,March 31 2018,March 31 2017
0,Particulars,Audited,Audited
A,ASSETS,0,0
1,Non-current assets,0,0
0,(a) Property Plant and Equipment,2180.07,2509.24
0,(b) Capital work-in-progress,25.86,8.16
0,(c) Investment property,102.00,102.00
0,(d) Goodwill,6086.63,6086.63
0,(e) Investment in an associate,-,-
0,(0 Financial assets,525.96,577.02
0,(g) Deferred tax assets (net),1227.65,1346.28
0,(h) Income tax assets (net),5968.95,5858.54
0,(i) Other non-current assets,672.82,714.59
0,0,16789.94,17202.46
2,Current assets,0,0
0,(a) Financial assets,0,0
0,(i) Trade receivables,10074.80,7180.14
0,(ii) Cash and bank balances,8060.99,25914.71
0,(iii) Other bank balances,18399.68,4402.24
0,(iv) Other current financial assets,5388.90,4916.81
0,(b) Income tax assets (net),72.22,78.03
0,(c) Other current assets,545.08,513.97
0,0,42541.67,43005.90
0,TOTAL - ASSETS,59331.61,60208.36
