0,1,2,3,4,5
SL. No.,Particulars,Standalone as at,Standalone as at,Consolid,ated as at
SL. No.,Particulars,31.03.2018 (Audited),31.03.2017 (Audited),31.03.2018 (Audited),31.03.2017 (Audited)
A. (1),ASSETS Non-Current Assets a) Property Plant and Equipment b) Capital Work-in-progress c) Goodwill d) Other Intangible assets e) Intangible Assets underdevelopment f) Investment in Joint Venture g) Financial Assets i. Investments ii. Loans iii. Other financial assets h) Deferred tax assets (net) i) Income tax assets (net) j) Other Non-Current Assets,116537.55 412857.92 399.45 12.60 29125.25 93.78 305.53 5598.68 4779.62,109508.25 170587.91 376.10 95.88 29125.25 123.61 350.71 5100.12 6987.92,116629.12 412857.92 3407.13 3351.35 604.95 20705.60 2.48 93.78 804.88 128.62 5598.68 4834.98,109569.72 170587.91 3390.14 3242.49 631.88 17355.22 2.48 123.61 828.97 35.19 5667.74 7291.55
A. (1),Total Non-Current Assets,569710.38,322255.75,569019.49,318726.90
(2),Current Assets a) Inventories b) Financial Assets i. Trade Receivables ii. Cash and Cash Equivalents iii. Bank balances other than (ii) above iv. Loans v. Other financial assets c) Income tax assets (net) d) Other Current Assets e) Assets classified as held for sale,79510.48 251569.52 5481.64 1440.44 23.92 23023.82 1966.51 12469.70 40.35,84935.25 302314.64 8529.03 1877.97 32.27 12697.77 2247.25 8492.29 61366.51,79510.48 253469.27 6291.94 1472.56 30.94 23462.49 1967.24 12690.16 40.35,84935.25 303619.88 10944.07 2269.66 32.27 12833.43 2247.40 8738.51 61366.51
(2),Total Current Assets,375526.38,482492.98,378935.43,486986.98
(2),Total Assets,945236.76,804748.73,947954.92,805713.88
B (1),EQUITY AND LIABILITIES Equity a) Equity Share Capital b) Other Equity,41620.79 248221.15,41620.79 211903.40,41620.79 208934.73,41620.79 170732.77
B (1),Total Equity attributable to the Equity Holders of the Parent Company,289841.94,253524.19,250555.52,212353.56
0,Non-Controlling Interest,-,-,(8735.83),(8256.85)
0,Total Equity ffnf Y|K \%Vt,289841.94,253524.19,241819.69,204096.71
