0,1,2
Statement of assets and liabilities,Statement of assets and liabilities,Statement of assets and liabilities
Particulars,Asa,As at
0,March 31. 201S,March 31. 2017
0,(Audited,(Audited
ASSETS,0,0
Non-current assets,0,0
Property plant and equipment,47538,48704
Capital work-in-progress,3571,4918
Intangible assets,15,39
Intangible assets under development Financial assets,254,849
i. Loans,1628,3057
ii. Other financial assets,2171,2171
Deferred tax assets (net),11545,12780
Income tax assets (net),17791,8170
Other non-current assets,553,867
Total non-current assets,85066,81555
Current assets,0,0
Inventories Financial assets,40942,46115
i. Trade receivables,27872,32100
ii. Cash and cash equivalents,61410,70091
iii. Bank balances other than (ii) above,297109,238646
iv. Loans,1480,1168
v. Other financial assets,17766,14875
Employee Benefits,1583,729
Other current assets,8038,10189
Total current assets,456200,413913
Total assets,541266,495468
EQUITY AND LIABILITIES,0,0
Equity,0,0
Equity share capital,4206,4206
Other equity,344306,308061
Total equity,348512,312267
LIABILITIES Non-current liabilities,0,0
Provisions,12541,17162
Employee benefit obligations,5954,6477
Total non-current liabilities,18495,23639
Current liabilities,0,0
Financial Liabilities,0,0
(i) Trade payables,103473,87566
(ii) Other financial liabilities,31109,32684
Provisions,27759,26416
Employee benefit obligations,3679,4063
Other current liabilities,8239,8833
Total current liabilities,174259,159562
Total liabilities,192754,183201
T§jfpJytcJStfy and liabilities,541266,495468
