0,1,2,3,4
Particulars,Standalone as at 31st March,Standalone as at 31st March,Consolidated as at 31st March,Consolidated as at 31st March
Particulars,2018,2017,2018,2017
0,(Audited),(Audited),(Audited),(Audited)
ASSETS Non - current Assets (a) Property Plant and Equipment,64261,61552,70019,66554
(b) Capital Work-in-progress,812,3206,812,3206
(c) Goodwill,-,-,63,63
(d) Other Intangible Assets,67,109,75,122
(e) Financial Assets (i) Investments,20826,9849,17498,6558
(ii) Loans,787,832,787,832
(iii) Other Financial Assets,8,6,8,6
(f) Deferred Tax Assets (Net),-,-,4943,293
(g) Other Non - current Assets,1239,1404,1411,1836
Total Non-current Assets,88000,76958,95616,79470
Current Assets (a) Inventories,66994,51263,78644,60209
(b) Financial Assets (i) Investments,103284,56543,103284,56543
(ii) Trade Receivables,75882,40681,82352,44146
(iii) Cash and Cash Equivalents,1608,88,4054,1136
(iv) Bank Balances other than (iii) above,1504,4018,1504,4018
(v) Loans,356,329,356,329
(vi) Other Financial Assets,1385,378,1323,386
(c) Current Tax Assets (Net),2478,1978,2492,1993
(d) Other Current Assets,8105,8038,8404,8098
Total Current Assets,261596,163316,282413,176858
Total Assets,349596,240274,378029,256328
EQUITY AND LIABILITIES EQUITY (a) Equity Share Capital,3908,3908,3908,3908
(b) Other Equity,256271,181278,269274,181848
Total Equity,260179,185186,273182,185756
LIABILITIES Non - current Liabilities (a) Financial Liabilities (i) Trade Payables,3,178,3,178
(ii) Other Financial Liabilities,1,2,1,2
(b) Provisions,-,-,307,280
(c) Deferred Tax Liabilities (Net),9450,8403,9450,8501
Total Non - current Liabilities,9454,8583,9761,8961
Current Liabilities (a) Financial Liabilities (i) Borrowings,15529,12682,27218,25923
(ii) Trade Payables,39482,21084,41190,21662
(iii) Other Financial Liabilities,5161,3515,5685,4526
(b) Provisions,3090,3419,3096,3424
(c) Current Tax Liabilities (Net),5247,2056,6061,2056
(d) Other Current Liabilities,11454,3749,11836,4020
Total Current Liabilities,79963,46505,95086,61611
Total Equity and Liabilities,349596,240274,378029,256328
