0,1,2,3
0,Particulars,As at,As at
0,Particulars,March 31 2018,March 31 2017
0,Particulars,Audited,Audited
B,EQUITY AND LIABILITIES,0,0
1,Equity,0,0
0,(a) Equity share capital,426.73,424.70
0,(b) Other equity,46647.20,32221.16
0,0,47073.93,32645.86
2,Non- current liabilities,0,0
0,(a) Financial liabilities,35.45,23.90
0,(b) Other non-current liabilities,190.53,244.77
0,(c) Employee benefit obligations,926.34,784.21
0,(d) Deferred tax liability (net),5.30,6.57
0,(e) Income tax liabilities (net),144.34,261.33
0,0,1301.96,1320.78
3,Current liabilities,0,0
0,(a) Financial liabilities,0,0
0,(i) Trade payables,646.43,108.37
0,(ii) Other current financial liabilities,3230.23,19733.03
0,(b) Other current liabilities,4838.40,4136.93
0,(c) Employee benefit obligations,1378.29,1317.73
0,(d) Income tax liabilities (net),862.37,945.66
0,0,10955.72,26241.72
0,TOTAL-EQUITY AND LIABILITIES,59331.61,60208.36
