0,1,2,3,4,5,6
0,Particulars,Particulars,Particulars,Particulars,As at,As at
0,Particulars,Particulars,Particulars,Particulars,March 312018,March 31 2017
0,Particulars,Particulars,Particulars,Particulars,Audited,Audited
B,EQUITY AND LIABILITIES,0,0,0,0,0
1,Equity,0,0,0,0,0
0,(a) Equity share capital,0,0,0,427.08,425.53
0,(b) Other equity,0,0,0,37643.95,26333.67
0,0,0,0,0,38071.03,26759.20
2,Non-current liabilities,0,0,0,0,0
0,(a) Financial liabilities,0,0,0,31.74,21.14
0,(b) Other non-current liabilities,0,0,0,133.20,136.86
0,(c) Employee benefit obligations,0,0,0,888.17,744.83
0,0,0,0,0,1053.11,902.83
3,Current liabilities,0,0,0,0,0
0,(a) Financial liabilities,0,0,0,0,0
0,(i) Trade payables,0,0,0,555.40,75.49
0,(ii) Other current financial liabilities,0,0,0,4319.65,20574.82
0,(b) Other current liabilities,0,0,0,906.58,1090.85
0,(c) Employee benefit obligations,0,0,0,1228.95,1153.48
0,(d) Income tax liabilities (net),0,0,0,372.27,466.53
0,0,0,0,0,7382.85,23361.17
0,TOTAL - EQUITY AND LIABILITIES,0,0,0,46506.99,51023.20
Reporting segmentwise revenue results assets and liabilities,Reporting segmentwise revenue results assets and liabilities,0,0,0,0,(? in million )
0,0,Three month period ended,Three month period ended,Three month period ended,Year ended,Year ended
0,Particulars,March 31 2018,December 31 2017,March 312017,March 31 2018,March 312017
0,0,Audited (*),Unaudited,Audited (*),Audited,Audited
0,(a) Segment revenue,0,0,0,0,0
0,Product licenses and related activities,8043.76,7824.94,7294.90,33509.25,31678.70
0,IT solutions and consulting services,1249.68,1233.17,1352.23,5108.02,5684.42
0,0,9293.44,9058.11,8647.13,38617.27,37363.12
0,(b) Segment results,0,0,0,0,0
0,Product licenses and related activities [Refer Note 9(a)],3159.33,3360.34,2861.79,14741.71,12666.81
0,IT solutions and consulting services,49.99,128.73,170.94,408.22,721.94
0,0,3209.32,3489.07,3032.73,15149.93,13388.75
0,Finance Income,274.70,187.56,343.26,722.62,1420.83
0,Other un-allocable income (expenses) net,(370.71),(254.33),(582.20),(1003.41),(774.49)
0,Exceptional item [Refer note 9(b)],-,-,882.81,-,2790.84
0,Profit before taxes,3113.31,3422.30,3676.60,14869.14,16825.93
0,(c) Segment assets,0,0,0,0,0
0,Product licenses and related activities,9438.73,10648.51,9054.47,9438.73,9054.47
0,IT solutions and consulting services,2335.93,2259.15,1973.51,2335.93,1973.51
0,Unallocable,34732.33,31120.53,39995.22,34732.33,39995.22
0,0,46506.99,44028.19,51023.20,46506.99,51023.20
0,(d) Segment liabilities,0,0,0,0,0
0,Product licenses and related activities,6654.15,6242.07,5300.61,6654.15,5300.61
0,IT solutions and consulting services,1139.82,1103.27,1005.66,1139.82,1005.66
0,Unallocable,641.99,617.34,17957.73,641.99,17957.73
0,0,8435.96,7962.68,24264.00,8.435.96,24264.00
(*) Keter note 3,(*) Keter note 3,(*) Keter note 3,(*) Keter note 3,(*) Keter note 3,(*) Keter note 3,0
