0,1,2,3
0,Particulars,As at,As at
0,Particulars,March 31 2018,March 31 2017
0,Particulars,Audited,Audited
A,ASSETS,0,0
1,Non-current assets,0,0
0,(a) Property plant and equipment,2109.81,2428.13
0,(b) Capital work-in-progress,24.48,6.55
0,(c) Investment property,102.00,102.00
0,(d) Financial assets,0,0
0,(i) Investments in subsidiaries and associate,7780.49,7549.57
0,(ii) Other non-current financial assets,523.17,550.17
0,(e) Deferred tax assets (net),1053.11,1102.19
0,(f) Income tax assets (net),5794.41,5680.53
0,(g) Other non-current assets,672.81,713.52
0,0,18060.28,18132.66
2,Current assets,0,0
0,(a) Financial assets,0,0
0,(i) Trade receivables,6317.93,5075.12
0,(ii) Cash and cash equivalents,2111.89,20990.75
0,(iii) Other bank balances,16689.01,3385.97
0,(iv) Other current financial assets,2971.79,3069.48
0,(b) Other current assets,356.09,369.22
0,0,28446.71,32890.54
0,TOTAL - ASSETS,46506.99,51023.20
