0,1,2,3
Consolidated Balance sheet,Consolidated Balance sheet,^Rs.in crores},^Rs.in crores}
0,0,Consolidated,Consolidated
Particulars,Particulars,(Audited),(Audited)
0,0,As At,As At
0,0,31-Mar-18,31-Mar-17
A,ASSETS,0,0
1,Non-current assets,0,0
0,Property plant and equipment,1254.02,1198.68
0,Capital work in progress,24.05,11.94
0,Investment property,53.79,55.92
0,Goodwill,324.15,13.68
0,Other intangible assets,1186.66,31.87
0,Financial assets,0,0
0,(i) Investments,-,161.66
0,(ii) Other financial assets,17.62,14.00
0,(ili) Other bank balances,0.41,-
0,Deferred tax assets(net),-,1.55
0,Other non-current assets,40.15,88.76
0,0,2900.85,1578.06
2,Current assets,0,0
0,Inventories,1633.03,945.34
0,Financial assets,0,0
0,(i) Trade receivables,327.75,230.68
0,(ii) Cash and cash equivalents,336.46,591.88
0,(iii) Other bank balances,1225.11,1382.59
0,(iv) Other financial assets,28.36,6.32
0,Other current assets,138 85,77.62
0,0,3689.56,3234.43
3,Assets classified as held for sale,17.10,356.79
0,Total Assets,6607.51,5169.28
B,EQUITY AND LIABILITIES,0,0
1,Equity,0,0
0,Equity share capital,62.51,62.49
0,Other equity,3666.65,3214.33
0,Equity attributable to equity holders of the parent,3729.16,3276.82
0,Non-controlling interest,7.65,9.05
2,Liabilities,0,0
0,Non-current liabilities,0,0
0,Financial liabilities,0,0
0,(i) Borrowings,81.00,-
0,(ii) Other financial liabilities,5.48,2.93
0,Provisions,24.72,9.96
0,Deferred tax liabilities (Net),211.68,118.43
0,Other non-current liabilities,17.71,1.64
0,0,340.59,132.96
0,Current liabilities,0,0
0,Financial liabilities,0,0
0,(i) Borrowings,34.38,208.33
0,(ii) Trade payables,1.640.01,633.45
0,(iii) Other financial liabilities,561.96,445.40
0,Other current liabilities,107.81,111.20
0,Provisions,154.50,110.41
0,Current tax liabilities (Net),31.32,66.38
0,0,2529.98,1575.17
3,Liabilities directly associated with assets classified as held for sale,0.13,175.28
0,Total Equity and Liabilities,6607.51,5169.28
