0,1,2,3,4,5
(2) (1),LIABILITIES Non-Current Liabilities a) Financial Liabilities i. Borrowings ii. Other financial liabilities b) Provisions c) Deferred Tax Liabilities (net) d) Other non-current liabilities,315648.47 365.34 21314.25 282.17,107422.36 190.25 523.56 18334.44 249.76,351603.77 18.74 376.33 21314.25 282.17,143198.38 190.25 523.56 18334.44 249.76
0,Total Non - Current Liabilities,337610.23,126720.37,373595.26,162496.39
(ID,Current Liabilities a) Financial Liabilities i. Borrowings,245218.47,307758.94,256299.07,318589.73
0,ii. Trade Payables,31058.79,22735.56,31973.35,24057.41
0,iii. Other financial liabilities,36331.13,36836.37,36978.73,36857.97
0,b) Other Current Liabilities,2190.94,2856.80,4084.49,4651.34
0,c) Provisions,2985.26,2682.32,3086.82,2745.40
0,d) Income Tax Liabilities (net),-,-,117.51,584.75
0,e) Liabilities directly associated with assets classified as held for sale,0,51634.18,.,51634.18
0,Total Current Liabilities,317784.59,424504.17,332539.97,439120.78
0,Total Liabilities,655394.82,551224.54,706135.23,601617.17
0,Total Equity and Liabilities,945236.76,804748.73,947954.92,805713.88
