0,1,2,3
0,Gujarat Gas Limited,0,0
0,(Formerly known as GSPC Distribution Networks Limited),(Formerly known as GSPC Distribution Networks Limited),0
0,3rd Floor Block No. 15 Udyog Bhavan Sector-11 Gandhinagar - 382011 District: Gandhinagar Gujarat,3rd Floor Block No. 15 Udyog Bhavan Sector-11 Gandhinagar - 382011 District: Gandhinagar Gujarat,3rd Floor Block No. 15 Udyog Bhavan Sector-11 Gandhinagar - 382011 District: Gandhinagar Gujarat
0,web site: www.gujaratgas.com CIN : L40200GJ2012SGC069118,web site: www.gujaratgas.com CIN : L40200GJ2012SGC069118,0
0,AUDITED CONSOLIDATED STATEMENT OF ASSETS AND LIABILITIES AS AT 31ST MARCH 2018,AUDITED CONSOLIDATED STATEMENT OF ASSETS AND LIABILITIES AS AT 31ST MARCH 2018,AUDITED CONSOLIDATED STATEMENT OF ASSETS AND LIABILITIES AS AT 31ST MARCH 2018
0,0,0,(Rs. in Crores)
Particulars,Particulars,As at 31-03-2018,As at 31-03-2017
1.,ASSETS,0,0
1,Non-current assets (a) Property plant and equipment,4.793.14,4631.69
0,(b) Capital work in progress,478.33,504.90
0,(c) Investment property,1.30,1.30
0,(d) Intangible assets,299.57,269 99
0,(e) Intangible assets under development,-,0.82
0,(f) Investment in equity accounted investee (g) Financial assets,24 68,23.39
0,(i) Investments,1606,68 25
0,(ii) Loans,69 50,65.36
0,(iii) Other financial assets,0.02,0.03
0,(h) Other non-current assets,273.02,282 57
0,Total Non-Current Assets,5955.62,5848.30
2,Current assets (a) Inventories (b) Financial Assets,5678,41.65
0,(i) Trade receivables,391.71,347.51
0,(ii) Cash and cash equivalents,96 94,21.16
0,(iii) Bank balances other than (ii) above,43.18,43.34
0,(iv) Loans,1.50,1.43
0,(v) Others Financial Assets,47.03,46.53
0,(c) Other current assets,69.02,25.48
0,Total Current Assets,706.16,527.10
0,TOTAL ASSETS (1+2),6661.78,6375.40
II.,EQUITY AND LIABILITIES,0,0
1,Equity (a) Equity share capital,137.68,137.68
0,(b) Other Equity,1728.70,1526.04
0,Total equity,1866.38,1663.72
2,Liabilities Non-Current Liabilities (a) Financial Liabilities,0,0
0,(i) Borrowings,2.212.99,2291.41
0,(b) Provisions,33.40,30.80
0,(c) Deferred tax liabilities (Net),1050 56,989.65
0,Total Non-Current Liabilities,3296.95,3311.86
0,Current liabilities (a) Financial Liabilities,0,0
0,(i) Borrowings,1.28,7.28
0,(ii) Trade payables,296.53,317.41
0,(iii) Other Financial Liabilities,1154.85,989.63
0,(b) Other current liabilities,38.23,59.50
0,(c) Provisions,4.90,9.14
0,(d) Current Tax Liabilities (Net),2.66,16.86
0,Total Current Liabilities,1498.45,1399.82
0,Total liabilities,4795.40,4711.68
0,TOTAL EQUITY AND LIABILITIES (1+2),6.661.78,6.375.40
Place: Gandhinagar,Place: Gandhinagar,For and on behalf of Board of Directors,For and on behalf of Board of Directors
Date: 11th May 2018,Date: 11th May 2018,Gujarat^,as Limited
0,0,Dr. J. N.,Sf£g*trTAS
0,0,CJM1,fmVIAN
