0,1,2,3,4,5
0,0,Standalone,Standalone,Consolidated,Consolidated
Sr. No.,Particulars,As At 31st Mar 2018,As At 31st Mar 2017,As At 31st Mar 2018,As At 31st Mar 2017
A,ASSETS,0,0,0,0
i,Non-Current Assets,0,0,0,0
0,(a) Property Plant and Equipment,184298,156487,199617,169488
0,(b) Capital work-in-progress,43118,26679,43623,26952
0,(c) Goodwill,-,-,42,42
0,(d) Other Intangible assets (c) Financial Assets,130,170,130,170
0,(i) Investments,5590,6170,4722,4696
0,(f) Other Non-Current Assets,21701,16726,22518,16837
0,Total Non-Current Assets,254837,206232,270652,218185
2,Current Assets (a) Inventories (b) Financial Assets,68675,54659,74730,57141
0,(i) Trade Receivables,63923,54737,59075,52467
0,(ii) Cash and Cash Equivalents,48,54,54,62
0,(iii) Bank Balances other than (ii) above,2345,2110,3156,2788
0,(iv) Loans & Advances,19476,14246,22480,16870
0,(c) Other Current Assets,2446,2051,2599,2391
0,Total Current Assets,156913,127857,162094,131719
0,TOTAL ASSETS,411750,334089,432746,349904
5,EQUITY AND LIABILITIES,0,0,0,0
i,Equity (a) Equity Share Capital,4065,4106,4065,4106
0,(b) Other Equity,147452,126904,153778,132141
0,(c) Non Controlling Interest,0,0,7702,6385
0,Total Equity,151517,131010,165545,142632
2,Liabilities Non-Current Liabilities (a) Financial Liabilities,0,0,0,0
0,(i) Borrowings,89743,59560,90827,59643
0,(b) Deferred Tax Liabilities (Net),15936,14195,17741,15544
0,(c) Other Non-Current Liabilities,NIL,NIL,NIL,45
0,Total Non-Current Liabilities,105679,73755,108568,75232
0,Current Liabilities,0,0,0,0
0,(a) rindiiudi UdUiiiues,0,0,0,0
0,(i) Borrowings,98683,82234,101248,83928
0,(ii) Trade Payables,34660,29487,35749,29972
0,(b) Other Current Liabilities,18462,15225,18532,15356
0,(c) Provisions,2749,2378,3104,2784
0,Total Current Liabilities,154554,129324,158633,132040
0,TOTAL EQUITY AND LIABILITIES,411750,334089,432746,349904
