0,1,2,3,4
Particulars,Particulars,Particulars,As at 31-03-2018,As at 31-03-2017
1.,ASSETS,ASSETS,0,0
1,Non-current assets,Non-current assets,0,0
0,(a),Property plant and equipment,4793.14,4.631 69
0,(b),Capital work in progress,478 33,504.90
0,(c),Investment property,1.30,1.30
0,(d),Intangible assets,29957,269 99
0,(e),Intangible assets under development,-,082
0,(f),Investment in associate,0.03,0.03
0,(g),Financial assets,0,0
0,('),Investments,1606,68.25
0,(ii),Loans,69 50,65 36
0,(iii),Other financial assets,0.02,0.03
0,(h),Other non-current assets,273.02,282.57
0,0,Total Non-Current Assets,5930.97,5824.94
2,Current assets,Current assets,0,0
0,(a),Inventories,5678,41.65
0,(b),Financial Assets (i) Trade receivables,391.71,347.51
0,0,(ii) Cash and cash equivalents,93.12,17.48
0,0,(iii) Bank balances other than (ii) above,43 18,43.34
0,0,(iv) Loans,1.50,1.43
0,0,(v) Others Financial Assets,47.03,46 53
0,(c),Other current assets,69.02,2548
0,0,Total Current Assets,702.34,523.42
0,TOTAL ASSETS (1+2),TOTAL ASSETS (1+2),6633.31,6348.36
II.,EQUITY AND LIABILITIES,EQUITY AND LIABILITIES,0,0
1,Equity,Equity,0,0
0,(a),Equity share capital,137.68,137.68
0,(b),Other Equity,1708.73,1507.20
0,0,Total equity,1846.41,1644.88
2,Liabilities Non-Current Liabilities,Liabilities Non-Current Liabilities,0,0
0,(a),Financial Liabilities (i) Borrowings,2212.99,2291.41
0,(b),Provisions,33.40,30.80
0,(c),Deferred tax liabilities (Net),1045.50,984.89
0,0,Total Non-Current Liabilities,3291.89,3307.10
0,Current liabilities,Current liabilities,0,0
0,(a),Financial Liabilities (i) Borrowings,1.28,728
0,0,(ii) Trade payables,293.09,313.97
0,0,(iii) Other Financial Liabilities,1154.85,989.63
0,(b),Other current liabilities,38.23,59.50
0,(c),Provisions,4.90,9.14
0,(d),Current Tax Liabilities (Net),2.66,16.86
0,0,Total Current Liabilities,1495.01,1396.38
0,0,Total liabilities,4786.90,4703.48
0,TOTAL EQUITY AND LIABILITIES (1+2),TOTAL EQUITY AND LIABILITIES (1+2),6633.31,6348.36
