0,1,2,3,4,5
0.0,EQUITY AND LIABILITIES,0,0,0,0
1.0,Equity:,0,0,0,0
0.0,Equity Share Capital,6992.72,6992.72,6.992.72,6992.72
0.0,Other Equity,207.741.79,180159.57,190.494.10,164.075.B3
0.0,Non Controlling Interests,0,0,0,398.74
0.0,Sub Total Equity:,214734.51,187152.29,197486.82,171467.29
2.0,Non Current Liabilities:,0,0,0,0
0.0,(a) Financial Liabilities,0,0,0,0
0.0,(i) Borrowings,206970.78,228236.67,257410.51,287014.50
0.0,(ii) Other Financial Liabilities,20.678.88,17671.71,20678.88,17671.71
0.0,(b) Long TermProvisions,2507.55,2237.99,2.737.12,2237.99
0.0,(c) Deferred tax liabilities (Net),26.718.99,26.280.63,26.696.66,25986.52
0.0,(d) Other Non Current Liabilities,9232.02,8633.01,9232.02,8633.01
0.0,Sub Total: Non Current Liabilities,266108.22,283060.01,316755.19,341543.73
3.0,Current Liabilities:,0,0,0,0
0.0,(a) Financial Liabilities,0,0,0,0
0.0,(i)Borrowings,11351.76,16729.17,15646.93,22593.28
0.0,(ii)Trade Payables,41355.94,37773.54,43.571.66,42712.98
0.0,(iii)Other Financial Liabilities,43752.10,43145.55,50585.13,45931.78
0.0,(b) Other Current Liabilities,19011.45,15591.89,19091.31,15638.19
0.0,(c) Short Term Provisions,1884.43,706.33,2.282.23,1051.29
0.0,(d) Current Tax Liability (Net),0,149.00,0,0
0.0,Sub Total: Current Liabilities,117.355.68,114095.48,131177.26,127927.52
0.0,TOTAL-EQUITY AND LIABILITIES,598198.41,584307.78,645419.27,640938.54
