0,1,2,3,4,5
0,0,STANDALONE,STANDALONE,CONSOLIDATED,CONSOLIDATED
Statement of Assets and Liabilities,Statement of Assets and Liabilities,As at 31st March 2018,As at 31st March 2017,As at 31st March 2018,As at 31st March 2017
A,ASSETS,0,0,0,0
1,Non-current assets,0,0,0,0
0,Property plant and equipment,3776,3654,4080,3968
0,Capital work-in-progress,430,203,461,229
0,Goodwill,0,0,0,0
0,Other intangible assets,366,370,367,370
0,Goodwill on consolidation,-,-,81,81
0,Investments in subsidiaries associates and joint ventures Financial assets,254,254,0,0
0,- Investments,2,6,2,6
0,- Loans,404,352,184,168
0,- Other financial assets,6,6,6,6
0,Non-current tax assets (net),439,311,635,461
0,Deferred tax assets (net),255,160,302,170
0,Other non-current assets,78,70,84,75
0,Total Non-current assets,6010,5386,6.202,5534
2,Current assets Inventories Financial assets,2359,2362,2513,2541
0,- Investments,2855,3519,2871,3788
0,- Loans,-,-,4,-
0,- Trade receivables,1147,928,1310,1085
0,- Cash and cash equivalents,573,572,649,628
0,- Bank balances other than cash and cash equivalents mentioned above,2800,1099,2836,1200
0,- Other financial assets,829,306,805,331
0,Other current assets,560,507,656,552
0,Assets held for sale,16,72,16,47
0,Total - Current assets,11139,9365,11660,10172
0,TOTAL - ASSETS,17149,14751,17862,15706
B,EQUITY AND LIABILITIES,0,0,0,0
1,EQUITY,0,0,0,0
0,Equity share capital,216,216,216,216
0,Other equity,6859,6274,7065,6528
0,Non-controlling interest,-,-,20,22
0,Total - Equity,7075,6490,7301,6766
2,LIABILITIES,0,0,0,0
0,Non-current liabilities Financial liabilities,0,0,0,0
0,- Otlper financial liabilities,115,71,119,73
0,Provisions,772,485,800,514
0,Non-current tax liabilities (net),384,296,558,432
0,Other non-current liabilities,167,207,197,207
0,Total - Non-current liabilities,1438,1059,1674,1226
0,Current liabilities Financial liabilities,0,0,0,0
0,- Borrowings,-,-,-,277
0,- Trade payables,7013,6006,7170,6186
0,- Other financial liabilities,203,181,214,195
0,Other current liabilities,769,628,815,664
0,Provisions,651,387,688,392
0,Total - Current liabilities,8636,7202,8887,7714
0,TOTAL - EQUITY AND LIABILITIES,17149,f\ 1475]/,17862,15706
