1,2,3,4,5
0,BALANCE SHEET AS AT MARCH 31 2018,BALANCE SHEET AS AT MARCH 31 2018,(Rs. In Lakhs),(Rs. In Lakhs)
Sr.,Particulars,Audited,Audited,0
No.,0,As at,As at,0
0,0,March 312018,March 31 2017,0
0,Assets,0,0,0
1,Non-current assets,0,0,0
0,(a) Property plant and equipment,8382,7857,0
0,(b) Capital work in progress,110,269,0
0,(c) Other Intangible assets,10,24,0
0,(d) Financial assets,0,0,0
0,(i) Trade receivables,854,418,0
0,(il) Other financial assets,2108,2710,0
0,(e) Income tax assets (net),7162,5100,0
0,(f) Deferred tax assets (net),7666,6844,0
0,(g) Other non-current assets,9461,7294,0
0,Total non current assets,35753,30516,0
2,Current assets,0,0,0
0,(a) Inventories,7977,9691,0
0,(b) Financial assets,0,0,0
0,(i) Investments,7777,8275,0
0,(ii) Trade receivables,59112,50032,0
0,(iii) Cash and cash equivalents,65878,49075,0
0,(iv) Bank balances other than (iii) above,18265,8772,0
0,(v) Other financial assets,2893,2023,0
0,(c) Other current assets,45535,36764,0
0,Total current assets,207437,164632,0
0,Total Assets,243190,195148,0
1,Equity and Liabilities,0,0,0
0,Equity,0,0,0
0,(a) Equity share capital,884,884,0
0,(b) Other equity,140984,117144,0
0,Total Equity,141868,118028,0
0,Liabilities,0,0,0
2,Non-current liabilities,0,0,0
0,(a) Financial liabilities,0,0,0
0,(i) Trade payables,179,76,0
0,(b) Provisions,1224,1268,0
0,Total non-current liabilities,1403,1344,0
0,Current liabilities,0,0,0
0,(a) Financial liabilities,0,0,0
0,(i) Trade payables,77078,57244,0
0,(ii) Other financial liabilities,688,181,0
0,(b) Other current liabilities,13324,11259,0
0,(c) Provisions,8829,7092,0
0,Total current liabilities,99919,75776,0
0,Total Equity and Liabilities,243190,195148,0
