0,1,2,3
0,0,CONSOLIDATED,CONSOLIDATED
Sr. No.,PARTICULARS,AS AT (AUDITED),AS AT {AUDITED)
0,0,31.3.18,31.3.17
A,ASSETS 1. Non-Current Assets (a) Property Plant & Equipment,274.00,244.04
0,(b) Capital Work in Progress,18.38,21.51
0,(c) Investment Property,61.87,68.34
0,(d) Intangible Assets,56.13,43.73
0,(e) Intangible Assets under development,6.97,12.09
0,(f) Investment in Joint Ventures,13.24,10.97
0,(g) Financial Assets -Trade Receivable,24.71,30.32
0,-Loans,18.17,17.31
0,-Other Financial Assets,3.96,3.61
0,(h) Income tax Asset (Net),45.61,3941
0,(i) Deferred Tax Assets (Net),93.97,107.66
0,(j) Other Non Current Assets,33.32,2974
0,Total - Non Current Assets,650.33,628.73
0,2. Current Assets (a) Inventories,833.10,595.58
0,(b) Financial Assets -Loans,9.36,4.01
0,-Trade Receivables,1100.35,938.98
0,-Cash & cash Equivalents,80.88,96.57
0,-Other Financial Assets,283.56,247.06
0,(c) Other Current Assets,220.33,137.48
0,Asset held for sale,5.22,1.77
0,Total - Current Assets,2532.80,2021.45
0,TOTAL - ASSETS,3.183.13,2650.18
B,EQUITY AND LIABILITIES 1. Equity (a) Equity Share Capital,19.20,19.11
0,(b) Other Equity,812.08,738.02
0,Equity attributable to equity holders of the company,831.28,757.13
0,2. Non Controlling Interest,1.53,1.22
0,Total Equity,832.81,758.35
0,3. Non-Current Liabilities (a) Financial Liabilities -Other Financial Liabilities,3.32,0
0,-Borrowings,25.90,20.20
0,(b) Long term Provisions,12.54,11.17
0,(c) Government Grant,2.95,3.49
0,(d) Income Tax Liabilities (Net) Total > Non-current liabilities,0.75,0.59
0,(d) Income Tax Liabilities (Net) Total > Non-current liabilities,45.46,35.45
0,4. Current Liabilities (a) Financial Liabilities -Borrowings,344.78,195.92
0,-Trade Payables,154737,1175.56
0,-Other Payables,1.31,1.67
0,-Other Financial Liabilities,12.48,17.68
0,(b) Government Grants,0.54,0.65
0,(c) Provisions,40.19,39.85
0,(d) Other Current Liabilities,35819,425.05
0,Total - Current liabilities,2304.86,1856.38
0,TOTAL - EQUITY AND LIABILITIES,3183.13,2650.18
