0,1,2,3,4,5,6,7
0,0,Standalone,Standalone,Standalone,Consolidated,Consolidated,Consolidated
0,Particulars,As on,As on,As on,As on,As on,As on
0,Particulars,31.03.2018,31.03.2017,1.04.2016,31.03.2018,31.03.2017,1.04.2016
0,0,(Audited),(Audited),(Audited),(Audited),(Audited),(Audited)
A,ASSETS,0,0,0,0,0,0
1,Non-current assets (a) Property Plant and Equipment,552.17,567.76,584.62,552.17,567.76,584.62
0,(b) Capital work-in-progress,74.04,74.67,72.41,74.04,74.67,72.41
0,(c) investment Property,3.68,3.75,3.82,3.68,3.75,3.82
0,(d) Intangible assets,0.11,0.61,1.87,0.11,0.61,1.87
0,(e) Investment in Assciate and Joint Venture (f) Financial Assets,0.90,0.90,2.49,1.13,0.36,0.31
0,(i) Investments,949.34,772.43,494.50,949.34,772.43,494.50
0,(ii) Loans,0.13,0.14,20.25,0.13,0.14,0.17
0,{iii) Others,42.26,836.05,521.37,42.26,836.05,521.37
0,(g) Deferred tax assets (net),-,-,-,-,-,-
0,(h) Other non-current assets,6.32,8.41,7.02,6.32,8.41,7.02
0,Sub-total-N on-current assets,1628.95,2264.72,1708.35,1629.18,2264.18,1686.09
2,Current assets (a) Inventories (b) Financial Assets,409.00,420.82,323.55,409.00,420.82,323.55
0,(i) Trade receivables,212.36,137.87,238.15,212.36,137.87,238.15
0,(ii) Cash and cash equivalents,14.15,60.84,25.18,14.15,60.84,25.18
0,(iii) Bank Balances other than (ii) above,119.23,101.46,95.02,119.23,101.46,95.02
0,(iv) Loans,1.86,243.39,25.69,1.86,243.39,25.69
0,(v) Others,1512.20,87.30,188.66,1512.20,87.30,188.66
0,(c) Current Tax Assets (Net),54.85,17.75,37.24,54.85,17.75,37.24
0,(d) Other current assets,103.36,92.80,109.68,103.36,92.80,109.68
0,(e) Assets classified as held for sale,0,210.74,222.73,-,210.74,222.73
0,Sub-total-Current assets,2427.01,1372.97,1265.90,2427.01,1372.97,1265.90
0,Total - Assets,4055.96,3637.69,2974.25,4056.19,3637.15,2951.99
B,EQUITY AND LIABILITIES,0,0,0,0,0,0
1,EQUITY (a) Equity Share capital,41.31,41.31,41.31,41.31,41.31,41.31
0,(b) Other Equity,595.34,293.57,(150.49),595.57,293.03,(172.75)
0,Sub-total-shareholder's Fund,636.65,334.88,(109.18),636.88,334.34,(131.44)
2,LIABILITIES Non-current liabilities (a) Financial Liabilities,0,0,0,0,0,0
0,(i) Borrowings,2230.32,940.89,1207.06,2230.32,940.89,1207.06
0,(ii) Other financial liabilities,15.16,14.46,10.42,15.16,14.46,10.42
0,(b) Provisions,16.22,16.61,14.92,16.22,16.61,14.92
0,Sub-total-Non-current liabilities,2261.70,971.96,1232.40,2261.70,971.96,1232.40
0,Current liabilities (a) Financial Liabilities,0,0,0,0,0,0
0,(i) Borrowings,490.72,1603.67,1230.27,490.72,1603.67,1230.27
0,(ii) Trade payables,351.11,357.74,309.10,351.11,357.74,309.10
0,(iii) Other financial liabilities,17.22,19.51,12.58,17.22,19.51,12.58
0,(b) Other current liabilities,251.79,298.35,269.99,251.79,298.35,269.99
0,(c) Provisions,46.77,51.58,29.09,46.77,51.58,29.09
0,(d) Current Tax liabilities (net),-,-,-,-,-,-
0,Sub-total-Current liabilities,1157.61,2330.85,1851.03,1157.61,2330.85,1851.03
0,Total - Equity and Liabilities,4055.96,3637.69,2974.25,4056.19,3637.15,2951.99
