1,2,3
0,As at March 11. 2018,Aset March 312017
0,Audited,Audited
ASSETS,0,0
Non-current assets,0,0
Property plant and equipment,745*,10765
Capital wor*-«'n-pro|rejs,2 If,114
Other intangible assets,IM,195
intangible undef development,•,113
Finandal assets,0,0
Loans,IS 01,556
Other financial assets,a. n,2U9
Deferred tax assets (net!,M60,1238
Other no*-ctvT<nt ao«ts,H.84,1778
Total Noxajrrerit assets,15072,17271
Current assets,0,0
inventories,585.13,50063
Elnandil assets,0,0
Trade receivable*,26344,17622
Cash and cash equivalents,3768,202.24
Sank balances other than cash and cash equivalents,99367,888166
Loan*,20588,192
Other financial assets,4021,3876
Current tax assets (net),15.73,13.19
Other Current Asset*,8959,7148
0,US 1.13,im<n
Asset held for sale (Refer Note 5),3434,0
Total current nuts,226547,199302
TOTAL ASSETS,241619,206580
EQUITY AND LIABILITIES,0,0
Equity,0,0
Equity Share capital,2125,2145
Other equity,167151,136569
Total equity,169276,139644
Non-current BabUKJe*,0,0
Provisions,5535,4722
Total Non-current lUbHUet,5545,4742
Current OabUMes,0,0
financial llabiltoes,0,0
Trade Payables,0,0
Due to micro and small enterprises,544,341
Due to others,47479,47149
Other financial llablttBes,4898,41.06
Other current (labKttles,32.82,3663
Pro virions,7747,7019
Current tax liabilities (net),2316,866
Total current liabilities,6304*,63164
TOTAL EQUITY AND UABIUT1ES,241619,206530
