0,1,2,3
Particulars,Particulars,As at 31/03/2018 (Audited),As at 31/03/2017 (Audited)
A. 1.,ASSETS Non-Current Assets a. Property Plant and Equipment b. Capital Work-in-Progress c. Intangible assets d. Intangible assets underdevelopment e. Financial Assets (i) Non-Current Investments - In Subsidiaries - In Others (ii) Non-Current Loans (iii) Other Non-Current Financial Assets f. Non-Current Tax Assets (Net) g. Other Non-Current Assets,30.272.3 8499.9 3.134.3 3.210.5 51.247.3 55.3 616.9 3.2 1.464.3 1.131.5,29.929.8 4807.6 195.4 47.963.9 55.3 535.2 12.4 307.7 2167.4
0,Sub-total • Non-Current Assets,99635.5,85974.7
2.,Current Assets a. Inventories b. Financial Assets (i) Current Investments (ii) Trade Receivables (iii) Cash and Cash Equivalents (iv) Other Bank Balances (v) Current Loans (vi) Other Current Financial Assets c. Current Tax Assets (Net) d. Other Current Assets e. Assets Classified as Held for Sale,21800.2 2325.9 49463.1 1.056.7 52.9 176.3 4.044.8 8168.6 86.0,21256.6 21120.0 39024.5 1580.1 148.3 150.0 3985.4 267.0 4975.8
0,Sub-total - Current Assets,87174.5,92.507:7
0,TOTAL-ASSETS,186810.0,178.482.4
B. 1.,EQUITY AND LIABILITIES Equity a. Equity Share Capital b. Other Equity,904.2 156945.4,903.2 146.899.2
0,Sub-total - Equity,157849.6,147802.4
2.,Liabilities Non-Current Liabilities a. Financial Liabilities (i) Non-Current Borrowings (ii) Trade Payables (iii) Other Non-Current Financial Liabilities b. Non-Current Provisions c. Deferred Tax Liabilities (net) d. Other Non-Current Liabilities,40.8 .31.6 48.3 2062.9 2583.3 831.4,88.9 45.4 56.4 1678.6 2102.1 1052.5
0,Sub-total - Non-Current Liabilities,5598.3,5023.9
3,Current Liabilities a. Financial Liabilities (i) Current Borrowings (ii) ^Jrade:Eayables (in)^Othgr GQrr^nftRjnancial Liabilities b. >Cthe Current'Ij a bilftfes c/^urrent RrovisionsX^\ Curreht'Tax4iiabilities (Net),82.1 14278.7 6.031.3 1231.9 1.470.4 267.7,5796.2 14784.9 2653.8 597.2 1404.7 419.3
0,II ★ /Ap0!l0Mllls Compound.) . \\ Sub-total - Current Liabilities 1 M. M Joshi Marg. ! W,0,0
II ★ /Ap0!l0Mllls Compound.) . \\ Sub-total - Current Liabilities 1 M. M Joshi Marg. ! W,0,0,0
II ★ /Ap0!l0Mllls Compound.) . \\ Sub-total - Current Liabilities 1 M. M Joshi Marg. ! W,0,0,0
