0,1,2,3,4
Balance sheet,Balance sheet,Balance sheet,Balance sheet,Balance sheet
0,(Rs. in Crores),(Rs. in Crores),(Rs. in Crores),(Rs. in Crores)
0,0,0,As at,As at
S.No.,PARTICULARS,0,31.03.2018,31.03.2017
0,0,0,(Audited),(Audited)
0,ASSETS,0,0,0
1,Non-current assets,0,0,0
0,(a) Property plant and equipment,0,1194.44,1005.29
0,(b) Capital work-in-progress,0,202.82,30.0/
0,(c) Investment property,0,14.99,15.25
0,(d) Goodwill,0,128.20,127.84
0,(e) Other intangible assets,0,7.97,11.61
0,(f) Investment in associates (g) Financial assets,0,2.01,2.19
0,(i) Investments,0,220.47,309.81
0,(ii) Loans,0,134.24,45.92
0,(iii) Others financial assets,0,0,12.12
0,(h) Deferred tax assets (net),0,22.57,23.11
0,(i) Income tax assets (net),0,22.32,25.36
0,(J) Other non-current assets,0,86.61,160.99
0,Total non-current assets,0,2036.64,1769.56
2,Current assets (a) Inventories (b) Financial assets,0,652.79,661.45
0,(i) Investments,0,856.80,174.85
0,(ii) Trade receivables,0,304.60,179.16
0,(iii) Cash and cash equivalents,0,129.91,56.16
0,(iv) Bank balances other than (iii) above,0,56.51,64.60
0,(v) Loans,0,844.34,829.10
0,(vi) Other financial assets,0,100.74,81.06
0,(c) Other current assets,0,205.59,292.86
0,Total current assets,0,3151.28,2339.24
0,Total assets,0,5187.92,4108.80
0,EQUITY AND LIABIUTIES Equity (a) Equity share capital,0,24.01,24.00
0,(b) Other equity,0,3382.22,2672.42
0,Equity attributable to equity holders of the parent,0,3406.23,2696.42
0,Non-controlling interests,0,13.14,2.60
0,Total equity,0,3419.37,2699.02
0,Liabilities,0,0,0
1,Non-current liabilities,0,0,0
0,(a) Financial liabilities,0,0,0
0,(i) Borrowings,0,84.57,31.40
0,(ii) Other financial liabilities,0,25.20,23.09
0,(b) Government grant,0,1.94,2.27
0,(c) Provisions,0,8.87,7.62
0,Total non-current liabilities,0,120.58,64.38
2,Current liabilities,0,0,0
0,(a) Financial liabilities,0,0,0
0,(i) Borrowings,0,93.65,84.31
0,(ii) Trade payables,0,994.09,757.31
0,(iii) Other financial liabilities,0,234.77,185.37
0,(b) Other current liabilities,0,88.89,91.57
0,(c) Government grant,0,1.36,1.96
0,(d) Provisions,0,178.97,182.46
0,(e) Current tax liabilities (net),0,56.24,42.42
0,Total current liabilities,0,1647.97,1345.40
0,Total equity and liabilities,0,5187.92,4108.80
