0,1,2,3
S.No.,PARTICULARS,As at,As at
S.No.,PARTICULARS,31.03.2018,31.03.2017
S.No.,PARTICULARS,(Audited),(Audited)
0,ASSETS,0,0
1,Non-current assets,0,0
0,(a) Property plant and equipment,1008.31,812.47
0,(b) Capital work-in-progress,200.28,29.77
0,(c) Investment property,14.99,15.25
0,(d) Intangible assets,7.97,11.60
0,(e) Financial assets,0,0
0,(i) Investments,450.65,514.18
0,(ii) Loans,86.74,116.52
0,(iii) Other financial assets,-,12.12
0,(f) Deferred tax assets (net),8.68,6.43
0,(g) Income tax assets (net),14.07,16.58
0,(h) Other non-current assets,68.09,156.34
0,Total non-current assets,1859.78,1691.26
2,Current assets,0,0
0,(a) Inventories,594.58,602.61
0,(b) Financial assets,0,0
0,(i) Investments,735.48,85.73
0,(ii) Trade receivables,230.32,126.41
0,(iii) Cash and cash equivalents,88.91,21.23
0,(iv) Bank balances other than (iii) above,8.34,32.32
0,(v) Loans,820.41,791.94
0,(vi) Other financial assets,98.51,78.28
0,(c) Other current assets,190.97,266.36
0,Total current assets,2767.52,2004.88
0,Total assets,4627.30,3696.14
0,EQUITY AND LIABILITIES,0,0
0,Equity,0,0
0,(a) tquity share capital,24.01,24.00
0,(b) Other equity,3211.27,2557.98
0,Total equity,3235.28,2581.98
0,Liabilities,0,0
1,Non-current liabilities,0,0
0,(a) Financial liabilities,0,0
0,(i) Borrowings,0.30,0.44
0,(ii) Other financial liabilities,24.97,22.86
0,(b) Government grant,0.72,1.44
0,Total non-current liabilities,25.99,24.74
2,Current liabilities,0,0
0,(a) Financial liabilities,0,0
0,(i) Borrowings,9.01,-
0,(ii) Trade payables,866.36,643.82
0,(iii) Other financial liabilities,182.62,142.93
0,(b) Other current liabilities,82.05,85.62
0,(c) Government grant,0.71,0.71
0,(d) Provisions,171.05,174.48
0,(e) Current tax liabilities (net),54.23,41.86
0,Total current liabilities,1366.03,1089.42
0,Total Equity and Liabilities,4627.30,3696.14
