0,1,2,3
Particulars,Particulars,STAN,DALONE
0,0,As at,As at
0,0,31-03-2018,31-03-2017
0,0,Audited,Audited
1,ASSETS,0,0
1,Non-current assets,0,0
0,a) Property plant and equipment,812.04,797.71
0,b) Capital work-in-progress,16.18,29.20
0,c) Goodwill,1039.38,1127.84
0,e) Other Intangible assets,1.41,1.53
0,f) Intangible assets under development,31.71,11.35
0,g) Financial Assets,0,0
0,i) Investments,2842.75,2593.82
0,ii) Loans,38.06,40.23
0,iii) Others,3.42,0.46
0,h) Current tax assets(net),91.00,72.94
0,i) Other non-current assets,177.76,165.19
0,0,5053.71,4840.27
2,Current assets,0,0
0,a) Inventories,169.09,151.80
0,b) Financial Assets,0,0
0,i) Investments,94.35,167.37
0,ii) Trade receivables,140.02,71.18
0,iii) Cash and cash equivalents,17.75,29.86
0,iv) Bank balances other than (iii) above,3.54,10.45
0,v)Loans,14.69,35.27
0,vi) Others,65.34,55.80
0,c) Other current assets,248.66,174.86
0,0,753.44,696.58
0,0,5807.15,5536.85
II,EQUITY AND LIABILITIES,0,0
1,EQUITY,0,0
0,(a) Share capital,32.28,-
0,(b) Other equity,4759.30,4770.74
0,0,4791.58,4770.74
2,LIABILITIES,0,0
0,Non-current liabilities,0,0
0,a) Financial liabilities,0,0
0,i) Borrowings,279.38,144.62
0,b) Provisions,9.27,6.59
0,c) Deferred tax liabilities (Net),122.28,95.68
0,d) Other non-current liabilities,83.77,118.06
0,0,494.70,364.95
0,Current liabilities,0,0
0,a) Financial liabilities,0,0
0,i) Borrowings,256.97,256.31
0,ii) Trade payables,88.15,58.14
0,iii) Other financial liabilities,117.85,50.59
0,b) Other current liabilities,56.06,34.86
0,c) Provisions,1.84,1.26
0,0,520.87,401.16
0,0,5807.15,5536.85
