0,1,2,3,4
0,Standalone,Standalone,Consolidated,Consolidated
Particulars,As at March,As at March,As at March,As at March
Particulars,312018,312017,312018,312017
0,Audited,Audited,Audited,Audited
Assets Non-Current Assets Property plant and equipment,25882,28228,29779,30572
Capital work in progress,1527,803,1531,877
Goodwill,10288,10288,78633,78633
Other Intangible assets Financial assets,12758,15649,658,497
Investment in subsidiaries,716,665,-,-
Other investments,13447,13348,3,3
Trade receivables,670,569,670,569
Loans,759,698,876,902
Other financial assets,34,605,55,637
Deferred tax assets (net),6283,7021,9024,11148
Income Tax assets ( net),955,2354,1172,2574
Other non-current assets,9206,10751,9217,10787
0,82525,90979,131618,137199
Current assets Inventories Financial assets,18696,19521,18835,19637
Investments,10393,1408,11315,2846
Trade receivables,15608,11195,16075,11712
Cash and cash equivalent,5500,3413,6293,4012
Other bank balances,7220,6133,7374,6332
Loans,-,-,181,79
Other financial assets,786,259,786,259
Other current assets,5101,3033,5351,3166
Assets held for sale,68,68,68,68
0,63372,45030,66278,48111
Total Assets,145897,136009,197896,185310
