0,1,2
0,As at,As at
Particulars,31 March 2018,31 March 2017
0,(audited),(audited)
ASSETS,0,0
(1) Non- current assets,0,0
(a) Property plant and equipment,64429.50,64305.44
(b) Capital work-in-progress,9514.07,4243.32
(c) Goodwill,460.69,460.69
(d) Other intangible assets,228.66,216.56
(e) Financial assets,0,0
(i) Investments,1578.37,1590.03
(ii) Trade receivables,115.49,123.23
(iii) Loans,656.08,560.52
(f) Other tax assets (net),2251.11,1535.57
(g) Other non-current assets,5163.13,4315.31
(2) Current assets,0,0
(a) Inventories,34496.30,29911.15
(b) Financial assets,0,0
(i) Investments,103162.78,92505.82
(ii) Trade receivables,70299.22,66100.52
(iii) Cash and cash equivalents,3028.93,1718.38
(iv) Bank balances other than (iii) above,8191.44,614.60
(v) Loans,251.65,263.86
(vi) Derivatives,-,1153.22
(vi) Other financial assets,4508.23,3082.99
(c) Other current assets,12291.40,11207.13
Total assets,320627.05,283908.34
EQUITY AND LIABILITIES,0,0
EQUITY,0,0
(a) Equity share capital,1886.41,1886.41
(b) Other equity,274140.87,240321.55
LIABILITIES,0,0
(1) Non-current liabilities,0,0
(a) Financial liabilities,0,0
(i) Borrowings,19.85,33.57
(b) Provisions,556.24,504.56
(c) Deferred tax liabilities (Net),8182.29,8708.06
(II) Current liabilities,0,0
(a) Financial liabilities,0,0
(i) Borrowings,11794.31,11545.64
(ii) Trade payables,12218.83,11677.34
(iii) Derivatives,229.34,3.66
(iv) Other financial liabilities,7656.40,2548.72
(b) Other current liabilities,2398.08,4815.00
(c) Provisions,456.22,416.06
(d) Current tax liabilities (net),1088.21,1447.77
Total Equity and Liabilities -—-:—-,320627.05,283908.34
