0,1,2,3,4,5
0,0,Standalone,Standalone,Consolidated,Consolidated
Particulars,Particulars,( ? in,Lacs),( ? in,Lacs)
0,0,31.03.2018,31.03.2017,31.03.2018,31.03.2017
0,0,(Audited),(Audited),(Audited),(Audited)
(A),ASSETS,0,0,0,0
0,Non Current Assets,0,0,0,0
0,Property Plant and Equipment,54122.80,24869.39,64747.09,30412.64
0,Capital Work-in-Progress,11976.31,28394.57,12613.62,29883.30
0,Investment Property,0,0,610.16,610.16
0,Goodwill on Consolidation,0,0,28.09,28.09
0,Other Intangible Assets,48.23,71.43,118.85,155.11
0,Intangible Assets under development,29.41,27.68,29.41,24.57
0,0,9602.24,9602.24,0,0
0,0,75778.99,62965.31,78147.22,61113.87
0,Financial Assets,0,0,0,0
0,Investments,2.02,0.05,2.02,0.05
0,Loans and Advances,1170.96,1000.38,1207.68,1026.08
0,Other Financial Assets,1031.02,998.49,32.53,0
0,Deferred Tax Assets (Net),6902.78,6886.91,6902.78,6886.91
0,Other non-current assets,1567.18,2435.11,1675.19,2435.61
0,0,10673.96,11320.94,9820.20,10348.65
0,Current Assets,0,0,0,0
0,Inventories,33820.60,26383.06,38275.72,30062.48
0,Financial Assets,0,0,0,0
0,Trade Receivables,31445.71,33527.36,35.720.14,34.217.52
0,Cash and cash equivalents,1568.34,5299.28,2028.83,6637.07
0,Bank balances other than above,82.92,85.14,82.92,85.14
0,Loans and Advances,1390.19,461.19,1329.75,389.28
0,Current Tax Assets,516.95,0,525.02,0
0,Other Financial Assets,5.408.89,8252.04,1124.18,7662.28
0,Other current assets,5241.05,7177.93,5489.00,7973.06
0,0,79474.65,81186.00,84575.56,87026.83
0,TOTAL ASSETS,165927.60,155472.25,172542.98,158489.35
(B),EQUITY AND LIABILITIES,0,0,0,0
0,EQUITY *,0,0,0,0
0,Equity Share Capital,2225.27,2225.27,2225.27,2225.27
0,Other Equity,81.569.71,68637.43,82930.13,69265.45
0,Non Controlling Interest,0,0,1839.36,1199.24
0,0,83794.98,70862.70,86994.76,72689.96
0,LIABILITIES,0,0,0,0
0,Non Current Liabilities,0,0,0,0
0,Financial Liabilities,0,0,0,0
0,Borrowings,16693.81,14674.86,16.693.81,14.674.86
0,Other Financial Liabilities,69.69,22.91,0,9.00
0,Other non-current liabilities,0,0,91.69,52.91
0,Deferred tax liabilities (Net),0,-,229.20,138.01
0,Provisions,1008.80,1037.72,1008.80,1.037.72
0,0,17772.30,15735.49,18023.50,15912.50
0,Current Liabilities,0,0,0,0
0,Financial Liabilities,0,0,0,0
0,Borrowings,33528.43,41033.90,36767.61,41955.61
0,Trade Payables,17643.13,14109.72,17528.27,14098.19
0,Other Financial Liabilities,10186.86,9109.70,10236.84,9111.79
0,Other Current Liabilities,2848.11,3804.87,2796.00,3887.52
0,Provisions,153.79,114.99,188.32,114.99
0,Current tax liabilities (Net),-,700.88,7.68,718.79
0,0,64360.32,68874.06,67524.72,69886.89
0,TOTAL EQUITY AND LIABILITIES,165927.60,155472.25,172542.98,158489.35
