0,1,2,3
Particulars,Particulars,CONSOL,IDATED
0,0,As at,As at
0,0,31-03-2018,31-03-2017
0,0,Audited,Audited
1,ASSETS,0,0
1,Non-current assets,0,0
0,a) Property plant and equipment,1503.33,1343.36
0,b) Capital work-in-progress,119.00,121.53
0,c) Investment property,5.17,4.63
0,d) Goodwill,3532.95,3455.13
0,e) Other Intangible assets,24.42,48.76
0,f) Intangible assets underdevelopment,31.71,11.35
0,g) Financial Assets,0,0
0,i) Investments,101.43,39.62
0,ii) Loans,38.06,35.01
0,iii) Others,4.61,2.77
0,h) Deferred tax assets(net),7.47,19.13
0,i) Other non-current assets,86.21,87.64
0,j) Current tax assets,175.97,179.09
0,0,5630.33,5348.02
2,Current assets,0,0
0,a) Inventories,484.56,426.58
0,b) Financial Assets,0,0
0,i) Investments,94.35,-
0,ii) Trade receivables,444.40,285.55
0,iii) Cash and cash equivalents,65.52,58.61
0,iv) Bank balances other than (iii) above,3.54,28.78
0,v) Loans,75.51,95.82
0,vi) Others,24.43,145.35
0,c) Current Tax Assets (Net),.,-
0,d) Other current assets,353.84,204.72
0,0,1546.15,1245.41
0,0,7176.48,6593.43
II,EQUITY AND LIABILITIES,0,0
1,EQUITY,0,0
0,(a) Share capital,32.28,-
0,(b) Other equity,5075.05,4813.98
0,0,5107.33,4813.98
2,LIABILITIES,0,0
0,Non-current liabilities,0,0
0,a) Financial liabilities,0,0
0,i) Borrowings,524.98,460.12
0,b) Provisions,234.34,221.40
0,c) Deferred tax liabilities (Net),132.11,99.41
0,d) Other non-current liabilities,-,4.86
0,0,891.43,785.79
0,Current liabilities,0,0
0,a) Financial liabilities,0,0
0,i) Borrowings,393.31,384.95
0,ii) Trade payables,185.92,85.64
0,iii) Other financial liabilities,287.05,166.09
0,b) Other current liabilities,228.83,291.10
0,c) Provisions,22.01,19.00
0,d) Current tax liabilities(Net),60.61,46.88
0,0,1177.72,993.66
0,0,7176.48,6593.43
