0,1,2
0,As at,As at
Particulars,31st March 2018,31st March 2017
0,(audited),(audited)
ASSETS,0,0
(1) Non-current assets,0,0
(a) Property plant and equipment,64918.28,64818.61
(b) Capital work-in-progress,9675.16,4259.05
(c) Goodwill,460.69,460.69
(d) Goodwill on consolidation,1502.95,1501.84
(e) Other intangible assets,229.53,218.41
(f) Financial assets,0,0
(i) Investments,85.64,99.59
(ii) Trade receivables,115.49,123.23
(iii) Loans,1088.72,986.06
(g) Other tax assets (net),2712.37,1116.44
(h) Other non-current assets,5353.68,4509.45
(II) Current assets,0,0
(a) Inventories,55338.97,53405.96
(b) Financial assets,0,0
(i) Investments,109100.18,95862.37
(ii) Trade receivables,60020.12,49482.78
(iii) Cash and cash equivalents,18115.60,24160.06
(iv) Bank balances other than (iii) above,8383.56,619.29
(v) Loans,451.20,409.22
(vi) Derivatives,-,1149.56
(vii) Other financial assets,4622.66,3156.61
(c) Other current assets,13677.46,12670.20
Total assets,355852.26,319009.42
EQUITY AND LIABILITIES,0,0
EQUITY,0,0
(a) Equity share capital,1886.41,1886.41
(b) Other equity,299044.23,269838.90
Equity attributable to owners of the Company,300930.64,271725.31
(c) Non Controlling Interest,891.32,801.98
LIABILITIES,0,0
(1) Non-current liabilities,0,0
(a) Financial liabilities,0,0
(i) Borrowings,19.85,33.57
(b) Provisions,730.19,783.97
(c) Deferred tax liabilities (net),7347.32,7123.32
(II) Current liabilities,0,0
(a) Financial liabilities,0,0
(i) Borrowings,12294.31,11545.64
(ii) Trade payables,16457.03,13746.46
(iii) Other financial liabilities,7661.25,2553.41
(iv) Derivatives,229.34,-
(b) Other current liabilities,6358.14,6585.94
(c) Provisions,1647.58,3211.49
(c) Current tax liabilities (net) * _ ■*,1285.29,898.33
Total equity and liabilities,355852.26,319009.42
