0,1,2,3,4,5
0,0,0,0,As at,As at
0,0,0,Particulars,31.03.2018,31.03.2017
0,0,0,0,Audited,Audited
0,A,A,ASSETS,0,0
0,1,1,Non-current assets,0,0
0,0,0,(a) Property plant and equipment,49503,50215
0,0,0,(b) Capital work-in-progress,3071,2745
0,0,0,(c) Intangible assets,65,51
0,0,0,(d) Intangible assets under development,321,282
0,0,0,(e) Investments in subsidiaries associates and joint ventures,3848,3772
0,0,0,(f) Financial assets,0,0
0,0,0,(i) Investments,1030,978
0,0,0,(ii) Loans,5165,2771
0,0,0,(iiij Others financial assets,746,648
0,0,0,(g) Current tax assets (net),250,303
0,0,0,(h) Other non-current assets,2299,1396
0,0,0,Total Non-current assets,66298,63161
0,2,2,Current assets,0,0
0,0,0,(a) Inventories,10082,9270
0,0,0,(b) Financial Assets,0,0
0,0,0,(i) Investments,-,300
0,0,0,(ii) Trade receivables,4692,3948
0,0,0,(iii) Cash and cash equivalents,451,712
0,0,0,(iv) Bank balances other than (iii) above,150,315
0,0,0,(v) Loans,158,121
0,0,0,(vi) Derivative Assets,147,434
0,0,0,(vii) Others financial assets,503,328
0,0,0,(c) Other current assets,3070,2370
0,0,0,Total Current assets,19253,17798
0,0,0,TOTAL ASSETS,85551,80959
0,B,B,EQUITY AND LIABILITIES,0,0
0,1,1,Equity,0,0
0,0,0,(a) Equity share capital,302,301
0,0,0,(b) Other equity,27605,23797
0,0,0,Total Equity,27907,24098
0,2,2,Non-current liabilities,0,0
0,0,0,(a) Financial liabilities,0,0
0,0,0,(i) Borrowings,29551,28358
0,0,0,(ii) Other financial liabilities,698,969
0,0,0,(b) Provisions,115,74
0,0,0,(c) Deferred tax liabilities (Net),2071,1329
0,0,0,(d) Other non-current liabilities,4,3
0,0,0,Total Non-current liabilities,32439,30733
0,3,3,Current Liabilities,0,0
0,0,0,(a) Financial liabilities,0,0
0,0,0,(i) Borrowings,2172,4875
0,0,0,(ii) Trade payables,13988,11604
0,0,0,(iii) Derivative liabilities,90,382
0,0,0,(iv) Other financial liabilities,7111,8112
0,0,0,(b) Other current liabilities,1381,989
0,0,0,(c) Provisions,111,132
SIGNED FOR IDENTIFICATIO,N,0,(d) Current tax liabilities (Net),352,34
CD -<,0,0,Total Current liabilities,25205,26128
CD -<,0,0,TOTAL EQUITY AND LIABILITIES,85551,80959
„ SRBC&CO LLP,„ SRBC&CO LLP,0,0,0,0
MUMBAI,MUMBAI,0,0,0,0
