0,1,2,3
SI.,Particulars,STANDALONE,STANDALONE
No.,No.,As at,As at
0,0,31.03.2018,31.03.2017
0,0,Audited,Audited
A,ASSETS,0,0
1,Non-Current Assets (a) Property Plant and Equipment,2791.20,2824.00
0,(b) Capital Work-In-Progress,226.14,205.08
0,(c) Investment Property,0.61,0.66
0,(d) Goodwill,-,-
0,(e) Other Intangible Assets,1.71,1.68
0,(f) Intangible Assets Under Development (g) Investment in an Associate (h) Financial Assets,1.94,0
0,(i) Investments,353.89,309.49
0,(ii) Loans,61.94,54.26
0,(iii) Others,0.11,0.10
0,(i) Deferred Tax Assets (Net),19.98,8.65
0,(j) Other Non-Current Assets,26.18,50.62
0,Sub - Total Non-Current Assets,3483.70,3454.54
2,Current Assets (a) Inventories (b) Financial Assets,317.03,277.64
0,(i) Investments,1 440.24,499.70
0,(ii) Trade Receivables,96.94,89.50
0,(iii) Cash and Cash Equivalents,3.55,2.06
0,(iv) Bank Balance other than (iii) above,8.04,6.92
0,(v) Others,9.45,10.46
0,(c) Current Tax Assets (Net),-,-
0,(d) Other Current Assets,129.84,182.88
0,Sub - Total Current Assets,1005.09,1069.16
0,TOTAL ASSETS (1 + 2 ),4488.79,4523.70
B,EQUITY AND LIABILITIES,0,0
1,EQUITY (a) Equity Share Capital,58.85,58.85
0,(b) Other Equity,1394.36,1322.84
0,(c) Non Controlling Interest,-,-
0,Sub - Total Equity,1453.21,1381.69
2,LIABILITIES,0,0
2,Non-Current Liabilities (a) Financial Liabilities,0,0
0,(i) Borrowings,1398.42,1590.06
0,(ii) Trade Payable,-,-
0,(iii) Other Financial Liabilities,140.08,140.27
0,(b) Provisions,10.80,10.77
0,(c) Deferred Tax Liabilities (Net),-,-
0,(d) Other Non-Current Liabilities,160.57,156.83
0,Sub - Total Non-Current Liabilities,1709.87,1897.93
2,Current Liabilities (a) Financial Liabilities,0,0
0,(i) Borrowings,412.96,376.25
0,(ii) Trade Payable,318.62,264.78
0,(iii) Other Financial Liabilities,372.50,371.93
0,(b) Other Current Liabilities,208.72,211.52
0,(c) Provisions,10.23,7.46
0,(d) Current Tax Liabilities (Net),2.68,12.14
0,Sub - Total Current Liabilities,1325.71,1244.08
0,TOTAL EQUITY AND LIABILITIES (1 + 2 ),4488.79,4523.70
