0,1,2,3
2015 forthe year ended 31 March 2018-,2015 forthe year ended 31 March 2018-,0,(Rs.in Lakh)
Particulars,Particulars,Year ended,Year ended
0,0,31-03-2018,31-03-2017
0,0,(Audited),(Audited)
A.,Assets,0,0
1.,Non-current assets,0,0
0,(a) Property plant and equipment,1253,705
0,(b) Capital work-in-progress,-,-
0,(c) Financial assets,0,0
0,Investments,811558,646242
0,Loans,12,17
0,Other financial assets,-,867
0,(d) Income tax assets (net),1038,933
0,(e) Other non-currenl assets,30,29
0,Sub-total - Non-current assets,813691,648793
2.,Current assets,0,0
0,(a) Inventories,120,118
0,(b) Financial assets,0,0
0,Investments .,8054,4866
0,Trade receivables,345,221
0,Cash and cash equivalents,45,21
0,Other bank balances,1287,2739
0,Loans,5,5
0,Other financial assets,291,299
0,(c) Current tax assets (net),143,132
0,(d) Other current assets,130,38
0,Sub-total - Current assets,10420,8439
0,Total - Assets,824311,657232
B,Equity and liabilities,0,0
1.,Equity,0,0
0,(a) Equity share capital,1143,1143
0,(b) Other equity,821384,654106
0,Sub-total - Equity,822527,655249
2.,Non-current liabilities,0,0
0,(a) Deferred lax liabilities (net),48,26
0,(b) Other non-current liabilities,717,1045
0,Sub-totat • Non-current liabilities,765,1071
3.,Current liabilities,0,0
0,(a) Financial liabilities,0,0
0,Trade payables,84,42
0,Other financial liabilities,477,405
0,(b) Other current liabilities,377,388
0,(c) Provisions,81,77
0,Sub-total • Current liabilities,1019,912
0,Total - Equity and liabilities,824311,657232
