0,1,2,3
0,(? in lacs),(? in lacs),(? in lacs)
0,Statement of Assets and Liabilities,Standalone as at,Standalone as at
0,4,31.03.2018,31.03.2017
0,0,(Audited),(Audited)
A,ASSETS,0,0
1,NON-CURRENT ASSETS,0,0
0,lal Prooerty Plant and Equipment,3.04175,200757
0,(b| Capital Work-in Progress,9485,5867
0,(c) Investment Property,18,18
0,(d) Intangible Assets,913,368
0,(e) Intangible Assets under Development,236,392
0,(f) Biological Assets other than Bearer Plants,92,82
0,(g) Investment in Subsidiaries & Associates,228125,2.26252
0,(h) Financial Assets,0,0
0,(i) Investments,36.684,33144
0,(ii) Loans,301,346
0,(ill) Other Financial Assets,2671,3394
0,(i) Non Current Tax Asset (Net),3259,5342
0,(j) Other Non Current Assets,5766,5520
0,Sub-Total-Non Current Assets,S91725,481282
2,CURRENT ASSETS,0,0
0,(a) Inventories,52841,49033
0,(b) Financial Assets,0,0
0,(i) Investments,41275,33237
0,(ii) Trade Receivables,15895,8949
0,(tii) Cash and Cash Equivalents,8910,7747
0,(iv) Bank Balances other than Cash and Cash Equivalent,11098,22325
0,(v) Loans,135,154
0,tvi) Other Financial Assets,20096,19275
0,(c) Current Tax Asset (Net),5335,-
0,(cl) Othpf Current Assets,19191,19591
0,(e) Non Current Assets classified as Held for Sale,42,128
0,Sub-Total- Current Assets,174818,160439
0,Total Assets,766543,641721
B,EQUITY AND LIABILITIES,0,0
1,EQUITY,0,0
0,(a) Equity Share Capital,7701,7701
0,(b) Olhet Equity,405144,309.712
0,Sub-Total Equity,412845,317413
0,LIABILITIES,0,0
2,NON-CURRENT LIABILITIES,0,0
0,(a) Financial Liabilities,0,0
0,(i) Borrowings,171215,183533
0,(ii) Other Financial Liabilities,30156,22881
0,(bi Provisions,2813,2928
0,(c) Deferred Tax Liabilities (Net),33428,16024
0,tdl Non Current Tax Liabilities (Net),56,764
0,(e) Other Non Current Liabilities,18250,19178
0,Sub-Total-Non Current Liabilities,255918,245308
3,CURRENT LIABILITIES,0,0
0,(a) Financial Liabilities,0,0
0,(i) Borrowings,3676,2138
0,(ii) Trade Payables,30925,19355
0,(iii) Other Financial Liabilities,44405,39925
0,(b) Other Current Liabilities,17319,14705
0,(c) Provisions,1040,1691
0,(cl) Current Tax Liabilities (Net),415,1186
0,Sub-Total- Current Liabilities,97780,79000
0,Total Equity and Liabilities,766543,641721
