0,1,2,3,4,5
0,0,As at,As at,As at,As at
0,0,Standalone,Standalone,Consolidated,Consolidated
Sr.,Particulars,31/03/2018,31/03/2017,31/03/2018,31/03/2017
No.,0,Audited,Audited,Audited,Audited
A,ASSETS,0,0,0,0
1,Non-current assets (a) Property Plant and Equipment,210107,201236,210402,201509
0,(b) Capital work-in-progress,76133,27168,76308,27302
0,(c) Other Intangible assets (d) Financial Assets,377,660,394,689
0,(i) Investments,274046,247868,278951,252961
0,(II) Other financial assets,4369,4231,4373,4231
0,(e) Income tax assets (net),13635,8619,13672,8663
0,(f) Other non-current assets,32563,38452,32568,38457
0,Sub-total- Non-current assets,611230,528234,616668,533812
2,Current assets (a) Inventories (b) Financial Assets,80641,70321,87308,70458
0,(i) Trade receivable,96708,79988,93501,79988
0,(II) Government subsidies receivable,174189,192593,171879,192593
0,(iii) Cash and cash equivalents,5033,4358,5534,4825
0,(iv) Other bank balances,1182,1009,1446,1029
0,(v) Loans,16010,14905,16105,14906
0,(vi) Other financial assets,1821,2412,1821,2412
0,(c) Other current assets,36483,8723,36.490,8723
0,Sub-total- Current assets,412067,374309,414084,374934
3,Asset classified as held for disposal,704,308,704,308
0,TOTAL-ASSETS,1024001,902851,1031456,909054
B,EQUITY AND LIABILITIES,0,0,0,0
0,EQUITY (a) Equity Share capital,7970,7970,7.970,7970
0,(b) Other Equity,718225,649546,722371,653925
0,(c) Non Controlling Interest,0,-,124,0
0,Sub-total-Equity,726195,657516,730.465,661895
0,LIABILITIES,0,0,0,0
1,Non-current liabilities (a) Financial Liabilities,0,0,0,0
0,(i) Borrowings,20000,5187,20000,5187
0,(b) Provisions,46854,49438,46855,49438
0,(c) Deferred tax liabilities (Net),604b,7651,6.367,0
0,Sub-total-Non-current liabilities,71900,62276,73222,63.509
2,Current liabilities (a) Financial Liabilities,0,0,0,0
0,(I) Borrowings,84090,70150,84090,70450
0,(ii) Trade payables,82380,59993,83116,60420 29985 5274 9248
0,(iii) Other financial Liabilities,44041,29819,45083,60420 29985 5274 9248
0,(b) Other current liabilities,3029,5269,3115,60420 29985 5274 9248
0,(c) Provisions,9892,9.248,9892,60420 29985 5274 9248
0,(d) Current tax liabilities (Net),2474,8.580,2.474,60420 29985 5274 9248
0,Sub-total- Current liabilities,225906,. 1.83059,2.27.770,0
0,TOTAL-EQUITY AND LIABILITIES,1024001,902.851,103L456~,909.054
