0,1,2,3,4
0,Standalone,Standalone,Consolidated,Consolidated
Particulars,As at March,As at March,As at March,As at March
Particulars,312018,31 2017,312018,312017
0,Audited,Audited,Audited,Audited
Equity Equity Share Capital,1818,1817,1818,1817
Other Equity,66528,63548,112604,107084
Equity attributable to owners of Jyothy Laboratories Limited,68346,65365,114422,108901
Non-controlling interests,-,-,(1395),(665)
Total equity,68346,65365,113027,108236
Liabilities Non-Current liabilities Financial Liabilities,0,0,0,0
Borrowings,-,-,377,552
Provisions,2652,2140,2.780,2296
Other non-current liabilities,425,-,425,-
0,3077,2140,3582,2848
Current liabilities Financial Liabilities,0,0,0,0
Borrowings,27680,4919,27680,4919
Trade payables,16.716,14481,17203,14899
Other financial liabilities,21040,41272,27235,46425
Provisions,3198,3101,3294,3219
Other current liabilities,5288,4432,5323,4465
Current Tax liabilities (net),552,299,552,299
0,74474,68504,81287,74226
Total liabilities,77551,70644,84869,77074
Total equity and liabilities,145897,136009,197896,185310
