0,1,2,3,4
0,Particulars,Particulars,As at 31.03.2018,As at 31.03.2017
0,Particulars,Particulars,Audited,Audited
0,A,ASSETS,0,0
0,1,Non-current assets,0,0
0,0,(a) Property plant and equipment,57054,57786
0,0,(b) Capital work-in-progress,5629,4081
0,0,(c) Goodwill,707,872
0,0,(d) Intangible assets,87,72
0,0,(e) Intangible assets under development,321,282
0,0,(f) Investments in joint ventures,360,252
0,0,(g) Financial assets,0,0
0,0,(i) Investments,797,814
0,0,(ii) Loans,378,121
0,0,(iii) Others financial assets,293,252
0,0,(h) Current tax assets (net),271,305
0,0,(i) Deferred tax assets (net),48,84
0,0,(j) Other non-current assets,2881,1892
0,0,Total Non-current assets,68826,66813
0,2,Current assets,0,0
0,0,(a) Inventories,12594,11395
0,0,(b) Financial assets,0,0
0,0,(i) Investments,312,300
0,0,(ii) Trade receivables,4704,4149
0,0,(iii) Cash and cash equivalents,582,917
0,0,(iv) Bank balances other than (iii) above,481,568
0,0,(v) Loans,230,174
0,0,(vi) Derivative assets,151,491
0,0,(vii) Other financial assets,530,285
0,0,(c) Current tax assets,6,18
0,0,(d) Other current assets,3599,2968
0,0,(e) Assets held for sale,3,11
0,0,Total Current assets,23192,21276
0,0,TOTAL ASSETS,92018,88.089
0,B,EQUITY AND LIABILITIES,0,0
0,1,Equity,0,0
0,0,(a) Equity share capital,302,301
0,0,(b) Other equity,27696,22346
0,0,Equity attributable to owners of the Company,27998,22647
0,0,Non controlling interest,(464),(246)
0,0,Total Equity,27534,22401
0,2,Non-current liabilities,0,0
0,0,(a) Financial liabilities,0,0
0,0,(i) Borrowings,31723,32416
0,0,(ii) Other financial liabilities,919,486
0,0,(b) Provisions,138,97
0,0,(c) Deferred tax liabilities (net),2604,3074
0,0,(d) Other non-current liabilities,136,55
0,0,Total Non-current liabilities,35520,36128
0,3,Current liabilities,0,0
0,0,(a) Financial liabilities,0,0
0,0,(i) Borrowings,2177,4881
0,0,(ii) Trade payables,15944,13348
SIGNED FOR IDENTIFICA1,ION,(iv) Other financial liabilities,8615,9457
BY \W,0,(b) Other current liabilities,1564,1209
\r,0,(c) Provisions,184,202
0,0,(d) Current tax liabilities (net),384,45
0,0,Total Current liabilities,28964,29560
S R B C & CO LLP,0,0,0,0
MUMBAI,0,TOTAL EQUITY AND LIABILITIES,92018,88089
