0,1,2,3
0,Particulars,Asat 31.03.2018 [Audited 1,Asat 31.03.2017 [Auditcdl
A,ASSETS,0,0
1,Mon-Current Assets,0,0
0,» Property plant and equipment,80.840,43.903
0,b) Capital work in progress,212074,155.530
0,(c) Investment property,08.211,97699
0,(d) Goodwill on consolidation,430,430
0,’c) Other Intangible assets,1.001,1033
0,'f) Intangible assets under development,838,838
0,(g) Financial assets,0,0
0,(i) Investments,5.457,5401
0,(ii) Loans,28228,21341
0,(iii) Other non-current financial assets,8.466,6.061
0,(h) Deferred tax assets (net),1213,206
0,(i) Assets for current tax (net),2374,1648
0,(j) Other non-current assets,32.579,21.114
0,Sub-total - Non Current Assets,471.711,355.204
2,Current Assets,0,0
0,(a) Inventories,217.947,226391
0,(b) Financial assets,0,0
0,(i) Investments,18.129,-
0,(ii) Loans,768,674
0,(iii) Trade receivables,17526,3737
0,(iv) Cash and cash equivalents,11.770,10.829
0,(v) Bank balances other than (iii) above,2888,2804
0,(vi) Other current financial assets,22.246,23346
0,(c) Other current assets,18.334,12216
0,Sub-total - Current Assets,309608,279.997
0,TOTAL ASSETS,781.319,635201
B,EQUITY,0,0
0,(a) Equity share capital,13607,11366
0,(b) Other equity attributable to:,0,0
0,(i) owners of the parent company,215.095,158.125
0,(ii) Non-controlling interests,22.306,22.744
0,Sub-total - Equity,2SL0081,192.235
C,LIABILITIES,0,0
1,Non-Current Liabilities,0,0
0,(a) Financial liabilities,0,0
0,(i) Borrowings,263.308,158847
0,(ii) Other non-current financial liabilities,8.869,5316
0,(b) Provisions,142,73
0,(c) Deferred tax liabilities (net),3.807,6399
0,(d) Other non-current liabilities,8.242,5.881
0,Sub-total - Non Current Liabilities,284.368,176.516
2,Current Liabilities,0,0
0,(a) Financial liabilities,0,0
0,(i) Borrowings,24.497,22858
0,(ii) Trade payables,51778,51.612
0,(iii) Other current financial liabilities,79914,97453
0,(b) Other current liabilities,87100,91770
0,(c) Provisions,672,701
0,(d) Liabilities for current tax (net),1.982,2.056
0,Sub-total - Current Liabilities,245943,266450
0,TOTAL EQUITY AND LIABILITIES,781.319,635.201
