0,1,2,3
0,0,As at 31.03 2018,As at 31.03.2017
0,Particulars,(Audited],[Audited]
A,ASSETS,0,0
1,Non-Currcn! Assets,0,0
0,(a) Properly plant and equipment,3185,2913
0,(b) Capital work in progress,43227,24.979
0,(e) Investment property,98211,94.495
0,(d) Other Intangible assets,103,134
0,(e) Financial assets,0,0
0,(1) Investments,118683,82707
0,(ii) Loans,36871,25158
0,(iii) Other non current financial assets,36003,29050
0,(0 Other non-current assets,19334,22650
0,(g) Assets for current tax (net),768,768
0,Sub-total - Non Current Assets,356385,282854
2,Current Assets,0,0
0,(a) Inventories,147593,152.574
0,(b) Financial assets,0,0
0,(i) Investments,16569,0
0,(ii) Loans,2187,876
0,(iii) Trade receivables,14638,5.555
0,(iv) Cash and cash equivalents,4.432,4271
0,(v) Bank balances other than (iv> above,14,_
0,(vi) Other current financial assets,23.702,21141
0,(c) Other current assets,9960,4874
0,Sub-total - Current Assets,219095,189.291
0,TOTAL ASSETS,575.480,472145
B,EQUITY,0,0
0,(a) Equity share capital,13.607,11366
0,(b) Other equity,219203,158061
0,Sub-total - Equity,232.810,169427
C,LIABILITIES,0,0
1,Non-Current Liabilities,0,0
0,(a) Financial liabilities,0,0
0,(i) Borrowings,131882,85862
0,(ii) Other non current financial liabilities,2851,2734
0,(b) Deferred tax liabilities (net),10.166,8668
0,(c) Other non-current liabilities,1651,1449
0,Sub-total - Non Current Liabilities,146550,98713
2,Current Liabilities,0,0
0,(a) Financial liabilities,0,0
0,(1) Borrowings,23791,9930
0,(ii) Trade payables,40.167,34.402
0,(iii) Other current financial liabilities,61.141,87691
0,(b) Other current liabilities,68.636,70594
0,(c) Provisions,504,518
0,(d) Liabilities for current tax (net),1881,870
0,Sub-total - Current Liabilities,196120,204005
0,TOTAL EQUITY AND LIABILITIES,575480,472145
