0,1,2
0,As at,As at
Statement of Consolidated Assets and Liabilities as at 31st March 2018,31-03-2018,31-03-2017
0,Audited,Audited
ASSETS Non-Current Assets,0,0
(a) Property Plant and equipment,4039.50,4024.75
(b! Capital work-in -progress,229.81,31.54
(c) Other Intangible assets (d! Financial Assets,30/91,27.26
(i) Investments,29.99,29.13
(ii) Loans,40.67,33.10
(iii) Others,2.60,36.62
(e) Other non-current assets,118.79,1399
Total Non-Current Assets,4491.67,4196.39
Current Assets,0,0
(a> Inventories (b) Financial Assets,5555.88,4989.24
(t) Trade Receivables,10228.40,8245.76
(ii) Cash and cash equivalents,502.83,321.32
(iii) Other Bank Balances,168.78,12.06
(iv) Loans,13.89,10.10
(C) Other current assets,1137.55,1183.12
Total Current Assets,17707.33,14701.60
Total Assets,22199.00,18957.99
EQUITY AND LIABILITIES,0,0
Equity,0,0
(a) Equity Share Capital,156.72,155.59
(b) Other Equity,5.890.23,4455.19
Total Equity,6046.95,4610.78
Liabtlties Non-Current Liabilities,0,0
(a) Financial liabilities,0,0
(i) Borrowing,1.456.62,763.51
(b) Provisions,67.21,50.63
(c) Deferred Tax Liabilities (Net),397.20,353.18
Total Non-Current Liabilities,1921.03,1167.32
Current Liabilities,0,0
(a) Financial Liabilities,0,0
(i) Borrowing,6041.69,6.159.51
(ii) T rade payables,6284.66,4.805.42
(iii) Other Financial Utilities,941.35,1.232.59
(b) Other current liabilities,817.60,881.38
(C) Provisions,111.29,86.86
(d) Current Tax liability (Net),34.43,14.13
Total Current Liabilities,14231.02,13*179.89
Total Equity and Liabilities,22199.00,18957.99
