0,1,2,3,4,5,6
Bajaj Finance Limited Statement of Standalone and Consolidated Audited Financial Results for the Quarter and Financial Year ended 31 March 2018,Bajaj Finance Limited Statement of Standalone and Consolidated Audited Financial Results for the Quarter and Financial Year ended 31 March 2018,Bajaj Finance Limited Statement of Standalone and Consolidated Audited Financial Results for the Quarter and Financial Year ended 31 March 2018,Bajaj Finance Limited Statement of Standalone and Consolidated Audited Financial Results for the Quarter and Financial Year ended 31 March 2018,Bajaj Finance Limited Statement of Standalone and Consolidated Audited Financial Results for the Quarter and Financial Year ended 31 March 2018,Bajaj Finance Limited Statement of Standalone and Consolidated Audited Financial Results for the Quarter and Financial Year ended 31 March 2018,Bajaj Finance Limited Statement of Standalone and Consolidated Audited Financial Results for the Quarter and Financial Year ended 31 March 2018
Notes :,0,0,0,0,0,0
1,The consolidated finandal results include results of the following companies,The consolidated finandal results include results of the following companies,0,0,0,0
0,Name of the Company,0,% Shareholding and voting power of,% Shareholding and voting power of,Consolidated,0
0,0,0,Bajaj Finance Limited,Bajaj Finance Limited,as,0
0,Bajaj Housing Finance Limited,Bajaj Housing Finance Limited,100.00%,100.00%,Subsidiary,0
* The consolidated financial results of Bajaj Housing Finance Limited indude 100% interest in Bajaj Financial Securities Limited as a subsidiary1.,* The consolidated financial results of Bajaj Housing Finance Limited indude 100% interest in Bajaj Financial Securities Limited as a subsidiary1.,* The consolidated financial results of Bajaj Housing Finance Limited indude 100% interest in Bajaj Financial Securities Limited as a subsidiary1.,* The consolidated financial results of Bajaj Housing Finance Limited indude 100% interest in Bajaj Financial Securities Limited as a subsidiary1.,* The consolidated financial results of Bajaj Housing Finance Limited indude 100% interest in Bajaj Financial Securities Limited as a subsidiary1.,* The consolidated financial results of Bajaj Housing Finance Limited indude 100% interest in Bajaj Financial Securities Limited as a subsidiary1.,0
2 Balance Sheet as at 31 March 2018,2 Balance Sheet as at 31 March 2018,0,0,0,0,0
0,0,0,0,0,0,in Crore)
0,Particulars,0,Standalone,Standalone,Consolidated,Consolidated
0,0,0,As at,As at,As at,As at
0,0,0,31.03.2018,31.03.2017,31.03.2018,31.03.2017
0,0,0,(Audited),(Audited),(Audited),(Audited)
A,EQUITY AND LIABILITIES,0,0,0,0,0
1.,Shareholders* funds,0,0,0,0,0
0,(a) Share Capital,0,115.03,109.37,115.03,109.37
0,(b) Reserves and surplus,0,16403.26,949094,16430.62,9490.89
0,0,Sub-total - Shareholders' funds,16518.29,9600.31,16545.65,9600.26
2.,Non-current liabilities,0,0,0,0,0
0,(a} Long-term borrowings,0,43167.89,33115.96,45896.31,33115.96
0,(b) Other long-term liabiiites,0,487.53,484.87,500.21,484.87
0,(c) Long-term provisions,0,1121.68,1085.62,1136.34,1085.62
0,0,Sub-total- Non-current liabilities,44777.10,34686.45,47532.86,34686.45
3.,Current liabilities,0,0,0,0,0
0,(a) Short-term borrowings,0,10571.31,8922.42,10757.11,8922.42
0,(b) Trade payables,0,0,0,0,0
0,- Total outstanding dues of micro enterprises and small enterprises,- Total outstanding dues of micro enterprises and small enterprises,0.43,0.18,0.45,0.18
0,- Total outstanding dues of creditors other than micro enterprises and,- Total outstanding dues of creditors other than micro enterprises and,453.56,308.86,460.34,309.09
0,smali enterprises,0,0,0,0,0
0,(c) Other current liabiiites - Current maturities of long-term borrowings,(c) Other current liabiiites - Current maturities of long-term borrowings,7827.83,7211.27,7827.83,7211.16
0,(d) Other current liabiiites - Others,0,3292.07,2791.63,3509.10,2791.63
0,(e) Short-term provisions,0,188.43,209.32,191.00,209.32
0,0,Sub-total- Current liabilities,22333.63,19443.68,22745.83,19443.80
0,TOTAL - EQUITY AND LIABILITIES,TOTAL - EQUITY AND LIABILITIES,83629.02,63730.44,86824.34,63730.51
B,ASSETS,0,0,0,0,0
1.,Non-current assets,0,0,0,0,0
0,(a) Fixed Assets,0,0,0,0,0
0,- Property Plant and Equipment,0,343.87,285.90,346.15,287.51
0,- Intangible assets,0,120.79,75.23,120.84,75.23
0,(b) Goodwill on consolidation,0,-,-,3.27,3.27
0,(c) Non-current investments,0,2365-58,1090.30,837.58,762.30
0,(d) Deferred tax assets (net),0,386.41,369.07,386.41,369.07
0,(e) Receivables under finandng activity,0,43807.32,32028.10,47267.92,32028.15
0,(f) Long-term loans and advances,0,79.91,59.86,81.55,59.90
0,0,Sub-total- Non-current assets,47103.88,33908.46,49043.72,33585.43
2.,Current assets,0,0,0,0,0
0,(a) Current investments,0,1294.88,2984.40,2308.39,3307.21
0,(b) Receivables under financing activity,0,34203.92,25654.78,34332.18,25654.78
0,{c) Cash and bank balances,0,228.73,325.80,339.46,326.09
0,(d> Short-term loans and advances,0,256.64,501.17,261.66,501.17
0,(e) Other current assets,0,540.97,355.83,538.93,355.83
0,0,Sub-total- Current assets,36525.14,29821.98,37780.62,30145.08
0,TOTAL - ASSETS,TOTAL - ASSETS,83629.02,63730.44,86824.34,63730.51
"---------------------- .„■»■;<»!........ ........... 11 ""■ "" ' ------------ —...........»...........","---------------------- .„■»■;<»!........ ........... 11 ""■ "" ' ------------ —...........»...........","---------------------- .„■»■;<»!........ ........... 11 ""■ "" ' ------------ —...........»...........","---------------------- .„■»■;<»!........ ........... 11 ""■ "" ' ------------ —...........»...........","---------------------- .„■»■;<»!........ ........... 11 ""■ "" ' ------------ —...........»...........","---------------------- .„■»■;<»!........ ........... 11 ""■ "" ' ------------ —...........»...........","---------------------- .„■»■;<»!........ ........... 11 ""■ "" ' ------------ —...........»..........."
