0,1,2,3,4
Pa rticula rs,0,0,Consolidated,Consolidated
Pa rticula rs,Audited,Audited,Audited,Audited
Pa rticula rs,0,As .11,As at,As at
Pa rticula rs,31-03-2018,31-03-2017,31-03-2018,31-03-2017
ASSETS 1 Non -cu rrent assets a) Property plant and equipment b) Capital work-in-progress c) Investment property d) Intangible assets e) Intangible assets under development f) Investments accounted for using equity method g) Einancial assets (i) Investments (ii) Loans (ii) Other financial assets h) Deferred tax assets (net) i) Income tax assets (net) j) Other non-current assets Total non-current assets 2 Current assets a) 1 nvento ri es b) Einancial assets (i) Investments (ii) Trade receivables (ill) Cash and cash equivalents (iv) Bank balances other than (iii) above (v) Loans (vi) Other financial assets c) Other current assets Total current assets 3 Non-current assets classified as field for sale Total assets EQUITY AND LIABILITIES 1 Ecfiaity a) Equ ity share capital b) Other equity Total of equity ofthe owner of the parent,1 52. 1 95. 1 9 4678.61 2322.89 3586.55 1 726.95 40943.96 441.46 1 678.07 7925.99,1 51049. 19 2656. 17 2337.96 4388.88 814.15 41 865.74 416.97 4704.21 1 .335. 50,152800. 1 7 4845.48 2 322.89 3 657.23 1726.95 64.60 4965.84 916.69 848.86 80.77 1773.21 8.046.61,151343.32 2656. 1 7 2337.96 4433. 1 7 814. 15 1 07.09 3792. 1 3 811.11 1 029.32 5 150.27 80. 66 1 .341.06
ASSETS 1 Non -cu rrent assets a) Property plant and equipment b) Capital work-in-progress c) Investment property d) Intangible assets e) Intangible assets under development f) Investments accounted for using equity method g) Einancial assets (i) Investments (ii) Loans (ii) Other financial assets h) Deferred tax assets (net) i) Income tax assets (net) j) Other non-current assets Total non-current assets 2 Current assets a) 1 nvento ri es b) Einancial assets (i) Investments (ii) Trade receivables (ill) Cash and cash equivalents (iv) Bank balances other than (iii) above (v) Loans (vi) Other financial assets c) Other current assets Total current assets 3 Non-current assets classified as field for sale Total assets EQUITY AND LIABILITIES 1 Ecfiaity a) Equ ity share capital b) Other equity Total of equity ofthe owner of the parent,2.15.499.68,2.09.568.77,1.82.049.30,1.73.896.41
ASSETS 1 Non -cu rrent assets a) Property plant and equipment b) Capital work-in-progress c) Investment property d) Intangible assets e) Intangible assets under development f) Investments accounted for using equity method g) Einancial assets (i) Investments (ii) Loans (ii) Other financial assets h) Deferred tax assets (net) i) Income tax assets (net) j) Other non-current assets Total non-current assets 2 Current assets a) 1 nvento ri es b) Einancial assets (i) Investments (ii) Trade receivables (ill) Cash and cash equivalents (iv) Bank balances other than (iii) above (v) Loans (vi) Other financial assets c) Other current assets Total current assets 3 Non-current assets classified as field for sale Total assets EQUITY AND LIABILITIES 1 Ecfiaity a) Equ ity share capital b) Other equity Total of equity ofthe owner of the parent,54 1 06.08 48489.33 59998.25 1 4873. 76 16316.21 593.68 1213.96 1 4.957. 56,42948.36 16880. 72 45801.63 5450.56 17389.25 450. 1 2 1  1 06.97 10.232.77,56573.31 49874.38 59 199.55 1 5412.65 16316.21 604.07 1274.91 15. 130.04,45030.07 1 7334.87 45645.49 6922. 1 1 1 7488.35 498.65 1 366.81 10.253.59
ASSETS 1 Non -cu rrent assets a) Property plant and equipment b) Capital work-in-progress c) Investment property d) Intangible assets e) Intangible assets under development f) Investments accounted for using equity method g) Einancial assets (i) Investments (ii) Loans (ii) Other financial assets h) Deferred tax assets (net) i) Income tax assets (net) j) Other non-current assets Total non-current assets 2 Current assets a) 1 nvento ri es b) Einancial assets (i) Investments (ii) Trade receivables (ill) Cash and cash equivalents (iv) Bank balances other than (iii) above (v) Loans (vi) Other financial assets c) Other current assets Total current assets 3 Non-current assets classified as field for sale Total assets EQUITY AND LIABILITIES 1 Ecfiaity a) Equ ity share capital b) Other equity Total of equity ofthe owner of the parent,21 05-48.83,1.40.260.38,2.14.385.12,1.44.539.94
ASSETS 1 Non -cu rrent assets a) Property plant and equipment b) Capital work-in-progress c) Investment property d) Intangible assets e) Intangible assets under development f) Investments accounted for using equity method g) Einancial assets (i) Investments (ii) Loans (ii) Other financial assets h) Deferred tax assets (net) i) Income tax assets (net) j) Other non-current assets Total non-current assets 2 Current assets a) 1 nvento ri es b) Einancial assets (i) Investments (ii) Trade receivables (ill) Cash and cash equivalents (iv) Bank balances other than (iii) above (v) Loans (vi) Other financial assets c) Other current assets Total current assets 3 Non-current assets classified as field for sale Total assets EQUITY AND LIABILITIES 1 Ecfiaity a) Equ ity share capital b) Other equity Total of equity ofthe owner of the parent,900.00,1.486.05,900.00,1.486.05
ASSETS 1 Non -cu rrent assets a) Property plant and equipment b) Capital work-in-progress c) Investment property d) Intangible assets e) Intangible assets under development f) Investments accounted for using equity method g) Einancial assets (i) Investments (ii) Loans (ii) Other financial assets h) Deferred tax assets (net) i) Income tax assets (net) j) Other non-current assets Total non-current assets 2 Current assets a) 1 nvento ri es b) Einancial assets (i) Investments (ii) Trade receivables (ill) Cash and cash equivalents (iv) Bank balances other than (iii) above (v) Loans (vi) Other financial assets c) Other current assets Total current assets 3 Non-current assets classified as field for sale Total assets EQUITY AND LIABILITIES 1 Ecfiaity a) Equ ity share capital b) Other equity Total of equity ofthe owner of the parent,4.26.948.51,3.51.315.20,3.97334.42,3.19.922.40
ASSETS 1 Non -cu rrent assets a) Property plant and equipment b) Capital work-in-progress c) Investment property d) Intangible assets e) Intangible assets under development f) Investments accounted for using equity method g) Einancial assets (i) Investments (ii) Loans (ii) Other financial assets h) Deferred tax assets (net) i) Income tax assets (net) j) Other non-current assets Total non-current assets 2 Current assets a) 1 nvento ri es b) Einancial assets (i) Investments (ii) Trade receivables (ill) Cash and cash equivalents (iv) Bank balances other than (iii) above (v) Loans (vi) Other financial assets c) Other current assets Total current assets 3 Non-current assets classified as field for sale Total assets EQUITY AND LIABILITIES 1 Ecfiaity a) Equ ity share capital b) Other equity Total of equity ofthe owner of the parent,1 2257.69 2.42.552.98,12257.69 1 .86.857.90,1 2257.69 2.09.255.96,1 2257.69 1 .49.835 53
ASSETS 1 Non -cu rrent assets a) Property plant and equipment b) Capital work-in-progress c) Investment property d) Intangible assets e) Intangible assets under development f) Investments accounted for using equity method g) Einancial assets (i) Investments (ii) Loans (ii) Other financial assets h) Deferred tax assets (net) i) Income tax assets (net) j) Other non-current assets Total non-current assets 2 Current assets a) 1 nvento ri es b) Einancial assets (i) Investments (ii) Trade receivables (ill) Cash and cash equivalents (iv) Bank balances other than (iii) above (v) Loans (vi) Other financial assets c) Other current assets Total current assets 3 Non-current assets classified as field for sale Total assets EQUITY AND LIABILITIES 1 Ecfiaity a) Equ ity share capital b) Other equity Total of equity ofthe owner of the parent,254810.67,199115.59,221513.65 (40. 35),162093.22 1 74.04
Tota 1 equ ity,2.54.810.67,1.99.115.59,2.21.473.30,1.62.267.26
2 Non-current liabilities a) Einancial liabilities (i) Borrowings (ii) Other financial liabilities b) R ro vi s i o n s c) Deferred tax liabilities (net),1 367.71 1 408.87 1531 .64 1971 Ol 940.54,5624.77 1292.05 1936. 17 1.691.39,1471.24 1408.87 1661.93 1970.33 940.55,5859. 1 4 1 305. 43 2072.95 1 .706.70
Total non-current liabilities,7.219.77,10.544.38,7.452.97,10.944.22
3 Current liabilities a) Einancial liabilities (i) Borrowings (ii) Trade payables (iii) Other financial liabilities fc») Other current liabilities c) Provisions d) Ourrent tax liabilities (net),122547. 1 9 1 4844. 45 12490.63 13282.95 1.752.85,15902.03 89378.48 1 1202.34 1 1 653.67 13 1 45.57 373. 1 4,1 23449.31 1 7 387.42 1 251 7. 1 O 13 291.74 1.762.58,1 5930.07 91 013.98 1 4347.50 1 1766. 47 13151.42 501.48
Total current liabilities,164918.07,1.41.655.23,1.68.408.15,1.46.710.92
Total equity and liabilities,426948.51,3.51.315.20,3.97.334.42,3.19.922.40
