0,1,2
0,As at,AS at
Statement of Assets and Liabilities as at 31st March2018,31-03-2018,31-03-2017
0,Audited,Audited
ASSETS Non-Current Assets,0,0
(a) Property. Plant and equipment,4.039.50,4024.75
(b) Capital woik-in-progress,229.81,31.54
(c) Other Intangible assets (d) Financial Assets,30.31,27.26
(i) Investments,28.30,2728
(ii) Loans,40.67,S3.10
(Hi) Others,2.60,36.62
(e) Other non-current assets,118.79,13.99
Total Non-Current Assets,4489.98,4194.54
Current Assets,0,0
(a) Inventories (b) Financial Assets,5555.88,4989.24
(i) Trade Receivables,10205.86,8245.76
(ii) Cash and cash equivalents,594.50,321.03
(iii) Other Bank Balances,168.78,12.06
(iv) Loans,13.89,10.10
(c) Other current assets,1137.24,1183.41
Total Current Assets,17.676.15,14761.60
Total Assets,22186.13,18986.14
EQUITY AND LIABILITIES,0,0
Equity,0,0
la) Equity Share Capital,156.72,155.59
(b) Other Equity,5888.60,4453.54
Total Equity,6.045.32,4609.13
Llabilties Non-Current Liabilities,0,0
(a) Financial Liabilities,0,0
(i) Borrowing,1.45662,763.51
(b} Provisions,87.21,5063
(c) Data rad Tax liabilities (Net),398.44,353.18
Total Non-Current Liabilities,1922.27,1167.32
Current Liabilities,0,0
(a) Financial Liabilities,0,0
(i) Borrowing,6041.69,6159.51
(ii) Trade payables,6272.00,4805.22
(iii) Other Financial libilitios,941.35,1.232.59
(b) Other current liabilities,798.70,881.38
(c) Provisions,111.29,86.86
(d) Current Tax liability (Not),33.51,1413
Total Current Liabilities,14198.54,13179 69
Total Equity and Liabilities,22166.13,18956.14
