0,1,2,3,4,5
0,0,0,0,Rs. Lakhs,Rs. Lakhs
0,Particulars,STANDALONE,STANDALONE,CONSO,LIDATED
0,Particulars,As at March 31 2018,As at March 312017,As at March 312018,As at March 31 2017
0,Particulars,0,0,0,0
0,Particulars,Audited,Audited,Aud,ited
A,ASSETS,0,0,0,0
1,Non-current assets,0,0,0,0
0,(a) Property plant and equipment,46876366,465609.63,506947.05,507222.98
0,(b) Capital work-in-progress,21292.95,15759.50,25111.33,19592.19
0,(c) Goodwill (on consolidation),0,0,110773.98,110773.98
0,(d) Other intangible assets,28658.60,31471.18,41893.13,41081.71
0,(e) Intangible assets under development,18831.03,4826.58,18831.03,4826.58
0,(f) Financial assets,0,0,0,0
0,(i) Investments,274746.83,200168.31,96683.84,84521.11
0,(ii) Trade receivables,2.55,17.95,2.55,17.95
0,(iii) Loans,3354.11,4557.13,993569.20,670185.59
0,(iv) Other financial assets,2440.58,13652.06,18043.89,17801.91
0,(g) Deferred tax assets (net),-,0,14178.04,11347.95
0,(h) Advance tax assets (net),5999.32,11105.68,13182.55,13739.46
0,(i) Other non-current assets,47537.59,46826.76,70426.87,69423.14
0,(i) Other non-current assets,871627.22,793994.78,1909643.46,1550534.55
2,Current assets,0,0,0,0
0,(a) Inventories,170987.51,263102.72,220768.91,290102.92
0,(b) Financial assets,0,0,0,0
0,0,305515.85,87717.23,341574.33,108810.57
0,(ii) Trade receivables,98048.01,106438.64,117550.10,123840.33
0,(iii) Cash and cash equivalents,99371.91,86861.11,121803.92,101313.56
0,(iv) Bank balances other than (iii) above,1068.53,4336.37,1246.66,5047.60
0,(v) Loans,2410.16,2147.44,511798.64,413299.21
0,(vi) Other financial assets,37757.13,18942.68,45813.01,29388.44
0,(c) Other current assets,71821.90,28166.22,81600.33,32161.18
0,0,786981.00,597712.41,1442155.90,1103963.81
3,Assets classified as held for sale,-,12300.00,-,12334.07
0,TOTAL ASSETS,1658608.22,1404007.19,3351799.36,2666832.43
B,EQUITY AND LIABILITIES,0,0,0,0
1,Equity,0,0,0,0
0,(a) Equity share capital,29271.08,28458.80,29271.08,28458.80
0,0,687208.67,584147.96,712788.21,610835.52
0,Equity attributable to owners of the Company,716479.75,612606.76,742059.29,639294.32
2,0,0,0,82.532.95,58899.10
0,Total Equity,716479.75,612606.76,824592.24,698193.42
0,Liabilities,0,0,0,0
3,Non-Current liabilities,0,0,0,0
0,(a) Financial liabilities,0,0,0,0
0,(i) Borrowings,41568.72,114632.19,1022809.06,887642.06
0,(ii) Other financial liabilities,143.83,4721.68,2996.62,4865.16
0,(b) Provisions,25504.63,13255.38,31332.33,18915.93
0,(c) Deferred tax liabilities (net),29838.86,12690.21,29850.63,12692.92
0,(d) Other non-current liabilities,20374.22,3926.36,21070.28,4591.23
0,(d) Other non-current liabilities,117430.26,149225.82,1108058.92,928707.30
4,Current liabilities,0,0,0,0
0,(a) Financial liabilities,0,0,0,0
0,(i) Borrowings,10000.00,19863.78,191919.84,103471.10
0,(5) Trade payables,465861.62,311699.13,507464.74,345014.92
0,(iii) Other financial liabilities,164794.41,197373.43,529133.23,484116.80
0,(b) Other current liabilities,121259.74,61392.30,128107.63,71803.96
0,(c) Provisions,61623.43,51830.97,61288.85,34934.70
0,(d) Current tax liabilities (net),1159.01,-,1233.91,575.23
0,(d) Current tax liabilities (net),824698.21,642159.61,1419148.20,1039916.71
5,Liabilities directly associated with assets classified as held for sale,-,15.00,-,15.00
0,TOTAL EQUITY AND LIABILITIES,1658608.22,1404007.19,3351799.36,2666832.43
