0,1,2
Particulars,As at 31/03/2018,As at 31/03/2017
0,Audited,Audited
I.ASSETS (1) Non-current assets,0,0
(a) Property Plant & Equipment,258 408,247868
(b) Capital work-in-progress,14929,10159
(c) Investment Property,3.559,2771
(d) Goodwill,-,-
(e) Intangible assets,-,-
(f) Intangible assets under development,-,-
(g) Biological Assets other than bearer plants,-,-
(h) Financial Assets,0,0
(i) Investments,3767,4078
(ii) Trade receivables,588,-
(iii) Loans,18,26
(iv) Others,-,-
(i) Deferred Tax Assets (net),-,-
(j) Other non current assets,-■,-
TOTAL,281270,264902
(2) Current assets,0,0
(a) Inventories,15590,14229
(b) Financial Assets,0,0
(i) Investments,-,-
(i) Trade receivables,312374,219595
(iii) Cash and cash equivalents,4126,2440
(iv) Bank Balances other than (iii) above,28349,14191
(v) Loans,38548,33348
(vi) Unbilled Revenue,19344,3667
(vii) Others,-,-
(c) Current Tax Assets (Net),-,-
(d) Other current assets,4883,2948
TOTAL,423212,290418
TOTAL,704482,555321
II. EQUITY AND LIABILITIES Equity,0,0
(a) Equity Share Capital,76000,56000
(b) Other Equity,90511,53973
TOTAL,166511,109973
Liabilities (1) Non-Current Liabilities,0,0
(a) Government Grants,11909,12289
(b) Financial Liabilities,0,0
(i) Borrowings,30000,30000
(ii) Trade Payables,-,-
(iii) Others,1815,1444
(c) Provisions,6800,5831
(d) Deferred Tax Liabilities (Net),-,-
(e) Other Non-Current Liabilities,-,-
TOTAL,50524,49565
(2) Current Liabilities (a) Financial Liabilities,0,0
(i) Borrowings,92632,87917
(ii) Trade payables,226165,197600
(iii) Others,82414,72359
(b) Provisions,12006,14837
(c) Current Tax Liabilities (Net),-,-
(d) Other current liabilities,74229,23070
TOTAL,487447,395783
TOTAL,704482,555321
