0,1,2,3,4
Particulars,Particulars,As at 31st March 2018,As at 31st March 2018,As at 31st March 2017
Particulars,Particulars,Audited,Audited,Audited
A,Assets,0,0,0
1,Non-Current Assets,0,0,0
0,(a) Property Plant and Equipment,771.06,771.06,606.28
0,(b) Capital work-in-progress,S4.30,S4.30,158.65
0,(c) Intangible assets,0.69,0.69,0.85
0,(d) Financial Assets,0,0,0
0,(i) Investments,42.62,42.62,47.13
0,(ii) Other Financial Assets,5.27,5.27,4.54
0,(e) Non-current tax assets (Net),-,-,0.70
0,(f) Other assets,9.39,9.39,17.13
0,Total Non-Current Assets,883.33,883.33,835.28
0,Current Assets,0,0,0
0,(a) Inventories,723.73,723.73,624.35
0,(b) Financial assets,0,0,0
0,(i) Trade receivables,229.31,229.31,207.78
0,(ii) Cash and cash equivalents,2.OS,2.OS,1.94
0,(iii) Bank Balances other than (ii) above,4.89,4.89,3.85
0,(iv) Other Financial assets,6.94,6.94,6.92
0,(c) Other current assets,44.53,44.53,28.71
0,Total Current Assets,1011.45,1011.45,873.55
0,Total Assets,1894.78,1894.78,1708.83
B,Equity and Liabilities,0,0,0
0,Equity,0,0,0
0,(a) Equity Share capital,22.93,22.93,22.93
0,(b) Other equity,999.42,999.42,830.17
0,Total Equity,1022.35,1022.35,853.10
0,Liabilities,0,0,0
1,Non-Current Liabilities,0,0,0
0,(a) Financial Liabilities,0,0,0
0,i Borrowings,7.24,7.24,1448
0,(b) Provisions,4.38,4.38,4.07
0,(c) 1 Deferred Tax liabilities (net),38.53,38.53,36.40
0,(d) Other Liabilities,0.61,0.61,0.90
0,(e) Government grant,8.19,8.19,7.78
0,Total non-current liabilities,58.95,58.95,63.63
2,EPS ?-(Not Annualised),0,0,0
0,(a) Financial Liabilities,0,0,0
0,i Borrowings,632.39,632.39,613.90
0,ii Trade Payables,122.83,122.83,10151
0,iii Other Financial Liabilities,24.32,24.32,24.91
0,(b) Other Current Liabilities,20.38,20.38,39.83
0,c) Government grant,2.08,2.08,3.26
0,d) Provisions,6.23,6.23,6.72
0,e)1 Current tax liabilities (net),5.25,5.25,1.97
0,rotal Current Liabilities,813.48,813.48,792.10
0,fotai Equity and Liabilities,0,1894.78,1708.83
