0,1,2
Particulars,As at,As at
0,March 31 2018,March 31 2017
0,(Audited),(Audited)
ASSETS,0,0
(1) Non-current Assets,0,0
(a) Property Plant and Equipment,114591,110811
(b) Capital Work-in-progress,15858,16659
(c) Financial Assets,0,0
i. Investments,3116,3116
ii. Loans,306,267
iii. Others,2306,2348
(d) Other Non-current Assets,3921,4157
(e) Current Tax Assets (Net),10216,8145
Total Non-current assets,150314,145503
(2) Current assets,0,0
(a) Inventories,22671,29255
(b) Financial Assets,0,0
i. Trade Receivables,20103,12990
ii. Cash and Cash Equivalents,30539,19856
iii. Bank Balances [other than (ii) above],15077,9574
iv. Loans,9058,6295
v. Others,670,646
(c) Other Current Assets,7954,6946
Total Current Assets,106072,85562
Total Assets,256386,231065
EQUITY AND LIABILITIES,0,0
Equity,0,0
(a) Equity Share Capital,2720,2720
(b) Other Equity,149741,124660
Total Equity,152461,127380
LIABILITIES,0,0
(1) Non-current Liabilities,0,0
(a) Financial Liabilities,0,0
i. Other Financial Liabilities,133,114
(b) Provisions,1910,2513
(c) Deferred Tax Liabilities (Net),3552,2748
(d) Other Non-Current Liabilities,51,55
Total Non-current Liabilities,5646,5430
