0,1,2,3
0,STATEMENT OF STANDALONE AUDITED ASSETS AND LIABILITIES:,STATEMENT OF STANDALONE AUDITED ASSETS AND LIABILITIES:,(Rs. in Lakhs)
0,0,Stand,alone
0,0,As at,As at
Sr. No,Particulars,31.03.2018,31.03.2017
0,0,(Audited),(Audited)
A,ASSETS,0,0
1,Non Current Assets,0,0
0,a) Property. Plant & Equipment,2.97304 34,3.02.858 68
0,b) Capital Work in Proaess,89591 60,68637 33
0,c) Other Intanqible Assets,1411285,13709 32
0,d) Investment in Subsidiary. Associate and Joint Venture,0,0
0,e) Financial Assets,414630 61,7306514
0,(i) Investments,3.505 36,3.48441
0,(ii) Loans,1166 61,1.182 96
0,(iii) Others,1.315.51,1.801 37
0,0 Other Non-current Assets,10.150 75,10.86801
0,Total Non Current Assets,8.31.777.63,4.75607.22
2,Current Assets,0,0
0,a) Inventones,12.346 45,11233 96
0,b) Financial Assets,0,0
0,(i) Investments,-,-
0,(ii) Trade Receivables,12351.51,11893 26
0,(iii) Cash and Cash Equivalents,2250 76,1.517.61
0,(iv) Bank Balances Other than (iii) above,34201 88,78745.92
0,(v) Loans,14904,17380
0,(vi) Others,550 52,800 43
0,c) Other Current Assets,1.224 90,3364 96
0,Total Current Assets,63075.06,107.729.93
0,Total Assets,894852.69,5.83337.15
B,EQUITY AND LIABILITIES,0,0
1,Equity,0,0
0,a) Equity Share Capital,56383 36,56358 77
0,b) Other Equity,450.120 66,3.93.238.56
0,Total Equity,506.504.02,449597.33
2,Non-current Liabilities,0,0
0,a) Financial Liabilities,0,0
0,(i) Borrowmqs,175948 10,50.118.08
0,(ii) Other Financial Liabilities,1499 62,1394 95
0,b) Provisions,1277 08,1127 36
0,c) Deferred Tax Liabilities(net),49.842 22,47189 10
0,d) Other Non-current Liabilities,1485 76,1.549 01
0,Total Non-current Liabilities,2.30.052.78,101378.51
3,Current Liabilities,0,0
0,a) Financial Liabilities,0,0
0,(i) Trade Payables,1854 78,1378.66
0,(ii) Other Financial Liabilities,144439 74,22545 58
0,b) Other Current Liabilities,11.898 15,832550
0,c) Provisions,103.22,111.57
0,d) Current Tax Liability(net),.,.
0,Total Current Liabilities,1.58.295.89,32361.31
0,TotalEquity and Liabilities_,8.94852.69,583337.15
