0,1,2,3
0,STATEMENT OF CONSOLIDATED AUDITED ASSETS AND LIABILITIES:,0,(Rs. in Lakhs)
0,0,Consolidated,Consolidated
0,0,As at,As at
Sr. No,Particulars,31.03.2018,31.03.2017
0,0,(Audited),(Audited)
A,ASSETS,0,0
1,Non Current Assets,0,0
0,a) Property Plant & Equipment,776618 34,766.02867
0,b) Capital Work in Progess,137423 54,1.19124 68
0,c) Investment Property,130 00,130 00
0,d) Intangible Assets,44069 85,40708 33
0,e) Intangible Assets under Development,-,82 00
0,f) Investment in Equity accounted Investees,53879 87,36.577.21
0,g) Financial Assets,0,0
0,(i) Investments,5111 41,10.309 46
0,(ii) Loans,1249 61,131596
0,(iii) Other Financial Assets,7993 02,8037 86
0,h) Other Non-current Assets,37452 75,39125 01
0,Total Non Current Assets,10.63.928.39,1021439.18
2,Current Assets,0,0
0,a) Inventories,18024 45,15398 96
0,b) Financial Assets,0,0
0,(i) Trade Receivables,50183 60,4561341
0,(ii) Cash and Cash Equivalents,11.944 76,363361
0,(iii) Bank Balances Other than (iii) above,3851988,83079.92
0,(iv) Loans,299 04,31680
0,(v) Other Financial Assets,5237 02,5429 82
0,c) Other Current Assets,8 126 90,5.912 96
0,Total Current Assets,132335.65,1.59.385.47
0,Total Assets,1196264.04,1160824.66
B,EQUITY AND LIABILITIES,0,0
1,Equity,0,0
0,a) Equity Share Capital,56383 36,56358 77
0,b) Other Equity,186 459 02,3.96.194 36
0,Equity attribuatbale to owners of the Company,2.42.842.38,452553.13
0,Non-Controlling Interests,85.543 03,1.23.511 41
0,Total Equity,3.28.385.41,576064.54
2,Non-current Liabilities,0,0
0,a) Financial Liabilities,0,0
0,(i) Borrowings,397247 10,2.79.259 08
0,(ii) Other Financial Liabilities,1 499 62,1394 95
0,b) Provisions,4.617 08,4207.35
0,c) Deferred Tax Liabilities(net),156.435 09,1.47230.38
0,d) Other Non-current Liabilities,1485 76,1549 01
0,Total Non-current Liabilities,561.284.65,433640.77
3,Current Liabilities,0,0
0,a) Financial Liabilities,0,0
0,(i) Borrowings,128 00,728 00
0,(ii) Trade Payables,30.168 87,32088 80
0,(iii) Other Financial Liabilities,2.59.71674,12131547
0,b) Other Current Liabilities,15.721 15,1427550
0,c) Provisions,593 22,1025 57
0,d) Current Tax Liability(net),266 00,1 686 00
0,Total Current Liabilities,3.06.593.98,171119.35
0,Total Equity and Liabilities_,1196264.04,1180824.66
