0,1,2,3
Sr. No.,Particulars,As at 31/03/2018,As at 31/03/2017
Sr. No.,0,Audited,Audited
(A) (1),ASSETS Non-current assets (a) Property plant and equipment (b) Capital work-in-progress (c) Investment property (d) Other intangible assets (e) Intangible assets under development (f) Investment in subsidiaries and associates (g) Financial assets (i) Investments (ii) Loans [in] Others (h) Deferred tax assets (Net) (i) Income tax assets (Net) (j) Other non-current assets,10848.29 438.02 14.12 43.54 19.17 27113.11 285.88 286.13 298.77 923.82 476.61 344.23,11309.58 313.55 14.69 41.98 27101.28 313.10 318.89 324.56 415.00 501.78 253.05
0,Total - Non current assets,41091.69,40907.46
(2),Current assets (a) Inventories (b) Biological assets other than bearer plants (c) Financial assets (i) Investments (ii) Trade receivables (iii) Cash and cash equivalents (iv) Bank balances other than (iii) above (v) Loans (vi) Others,6327.52 170.90 1313.88 3974.27 1367.80 115.15 12441.84 1784.30,6079.68 228.67 1313.88 3.518.60 2721.66 109.36 12801.18 1.745.61
0,(d) Other current assets,1357.10,1224.60
0,Total - Current assets,28852.76,29743.24
0,Total Assets,69944.45,70650.70
(B),PniITTV Awn T f ARIT ITIF^,0,0
(B),Uj U 1 1 1 VJ LiI/lUl JLjJL x iuj Equity (a) Equity share capital (b) Other equity,1396.27 27689.92,1396.27 31317.66
0,Total - Equity,29086.19,32713.93
(1),Liabilities Non-current liabilities (a) Financial liabilities (i) Borrowings (ii) Other financial liabilities (b) Provisions,16665.29 56.23 196.91,6052.13 50.52 154.37
0,Total - Non-Current Liabilities,16918.43,6257.02
(2),Current liabilities (a) Financial liabilities (i) Borrowings (ii) Trade payables (iii) Other financial liabilities (b) Other current liabilities (c) Provisions,18176.10 1944.42 3202.85 433.19 183.27,24400.74 1537.53 5458.58 190.02 92.88
0,Total - Current Liabilities,23939.83,31679.75
0,Total - Equity and Liabilities,69944.45,70650.70
