0,1,2
Particulars,Audited Standalone Results - Year Ended,Audited Standalone Results - Year Ended
Particulars,31.03.2018,31.03.2017
ASSETS,0,0
1 Non-Current Assets,0,0
(a) Property Plant and Equipment,37519.03,35711.00
(b) Capital Work-in-Progress,3985.39,1810.48
(c) Other Intangible Assets,452.68,420.88
(d) Financial Assets,0,0
(1) Investment in Subsidiaries Joint Ventures and Associates,5352.40,5052.28
(ii) Other Investments,753.32,757.58
jili) loans,461.61,456.43
(g) Other Non - Current Assets,1409.08,1.338.88
0,49933.51,45547.53
2 Current assets,0,0
(a) Inventories,18420.22,18576.28
(b) Financial Assets,0,0
(i) Investments,4999.38,5108.74
(ii) Trade Receivables,5572.91,406421
(III) Cash and Cash Equivalents,10.67,8.85
(Iv) Bank Balances other than above,1183.44,24.82
(v) loons,89.34,163.21
(vi) Other Financial Assets,5918.94,4324.44
(c) Other Current Assets,675.32,647.81
0,36870.22,32.918.36
(d) Assets classified os held for Sale / Disposal,3.49,3.96
0,36873.71,32922.32
Total Assets,86807.22,78469.85
EQUITY AND LIABILITIES,0,0
3 Equity,0,0
(a) Equity Share Capitol,1524.21,1016.27
(b) Other Equity,22424.01,19331.14
0,23948.22,20347.41
Liabilities,0,0
4 Non Current Liabilities,0,0
(a) Financial Liabilities,0,0
(1) Borrowings,8830.78,6278.15
(II) Other Financial Liabilities,047,0.44
(b) Provisions,77.22,182.32
(c) Deferred Tax Liabilities (Net),6569.19,5895.59
(d) Other Non-Current Liabilities,3.99,7.67
0,15481.65,12364.17
5 Current Liabilities,0,0
(a) Financial Liabilities,0,0
(1) Borrowings,10762.18,10892.41
(li) Trade Payables,15703.87,12664.56
(iii) Other Financinl 1 labilities,14504.84,15751.98
(b) Other Current Liabilities,3602.05,3968.21
(c) Provisions,2508.25,2408.50
(U) Current Tax Liabilities (Net),296.16,72.61
0,47377.35,45.758.27
Total Equity and Liabilities,86807.22,78469.85
