0,1,2,3,4
0,STANDALONE,STANDALONE,CONSOLIDATED,CONSOLIDATED
0,March 31,March 31,March 31,March 31
Particulars,2018,2017,2018,2017
0,(Audited),(Audited),(Audited),(Audited)
A ASSETS,0,0,0,0
1 Non-current assets,0,0,0,0
(a) Property plant and equipment,2514.61,2360.92,3439.34,3220.89
(b) Capital work-in-progress,302.40,374.26,343.78,399.73
(c) Investment property,0.29,0.29,0.29,0.29
(d) Goodwill,-,-,42.91,42.42
(e) Intangible assets under development,-,-,-,53.45
(f) Intangible assets,13.01,12.40,17.16,13.48
(g) Investment in subsidiaries associates & joint ventures (h) Financial assets,576.19,579.95,16.01,0.00
Investments,1100.33,368.74,1101.12,368.38
Loans,20.96,3.76,2.61,3.76
Trade receivables,23.38,0.55,23.38,0.80
Derivative instruments,47.66,156.49,47.66,156.49
Other non-current financial assets,113.23,61.58,114.40,65.83
(i) Deferred tax assets (net),-,-,39.66,42.56
(j) Income tax assets (net),7.78,26.05,11.47,31.78
(k) Other non-current assets,194.64,227.91,235.76,263.38
Sub total - Non-current assets,4914.48,4172.90,5435.55,4663.24
2 Current assets,0,0,0,0
(a) Inventories (b) Financial assets,538.06,426.49,1359.89,1075.20
Investments,384.00,823.17,384.00,823.17
Loans,2.80,25.25,42.68,39.20
Trade receivables,1790.80,1379.94,1937.14,1341.07
Derivative instruments,124.58,196.20,124.58,196.20
Cash and cash equivalents,134.18,240.79,234.60,288.42
Other bank balances,53.50,37.38,69.46,47.67
Other current financial assets,140.90,187.68,124.59,190.65
(c) Other current assets,282.65,178.80,303.93,216.81
(d) Assets held for sale,-,8.42,-,1.67
Sub total - Current assets,3451.47,3504.12,4580.87,4220.06
TOTAL - ASSETS,8365.95,7677.02,10016.42,8883.30
B EQUITY AND LIABILITIES 1 Equity,0,0,0,0
(a) Equity share capital,93.13,46.57,93.13,46.57
(b) Other equity,4521.15,4185.36,4558.58,4069.80
(c) Non Controlling interest,-,-,29.42,10.04
Total Equity,4614.28,4231.93,4681.13,4126.41
2 Liabilities,0,0,0,0
Non-current liabilities (a) Financial liabilities,0,0,0,0
Borrowings,909.80,790.35,1126.23,1059.07
Other financial liabilities,15.37,0.64,15.37,0.64
(b) Provisions,19.46,26.89,132.09,131.54
(c) Deferred tax liabilities (net),254.46,303.29,254.37,303.18
(d) Other non-current liabilities,-,29.18,53.35,56.30
Sub total - Non-current liabilities,1199.09,1150.35,1581.41,1550.73
Current liabilities (a) Financial liabilities,0,0,0,0
Borrowings,1166.59,907.68,1584.82,1262.18
Trade payables,688.87,463.95,1326.78,846.33
Other current financial liabilities,496.78,787.18,612.73,897.27
(b) Other current liabilities,111.91,87.69,129.41,128.65
(c) Provisions,57.81,33.82,63.21,53.80
(d) Current tax liabilities (net),30.62,14.42,36.93,17.93
Sub total - Current liabilities,2552.58,2294.74,3753.88,3206.16
Total liabilities,3751.67,3445.09,5335.29,4756.89
TOTAL- EQUITY AND LIABILITIES,8365.95,7677.02,10016.42,8883.30
0,III,III,III,III
