0,1,2
Particulars,As at 31-03-2018,As at 31-03-2017
Particulars,Audited,Audited
A. ASSETS,0,0
1. Non-current assets,0,0
(a) Property plant and equipment,5315.35,5008.69
(b) Capital work-in-progress,512.35,719.23
(c) Investment property,1.03,1.74
(d) Goodwill,2814.74,2696.67
(e) Other intangible assets,1819.05,1784.88
(f) Intangible assets under development,468.98,963.75
(g) Investment in associate,9.62,12.40
(h) Financial assets,0,0
(i) Investments,147.01,123.22
(ii) Loans,41.66,39.48
(iii) Other financial assets,159.14,113.77
(i) Advance tax (net),388.60,308.28
(j) Deferred tax assets (net),187.65,168.13
(k) Other non-current assets,181.27,292.20
Total non-current assets,12046.45,12232.44
2. Current asset,0,0
(a) Inventories,4044.70,3485.28
(b) Financial assets,0,0
(i) Investments,1102.21,837.39
(ii) Trade receivables,3102.45,2563.05
(iii) Cash and cash equivalents,853.46,610.35
(iv) Bank balances other than cash and cash equivalents,112.15,13.86
(v) Loans,19.91,9.53
(vi) Other financial assets,574.82,542.10
(c) Other current assets,1004.40,674.01
Total current assets,10814.10,8735.57
3. Assets classified as held for sale (net),-,69.06
Total assets,22860.55,21.037.07
B. EQUITY and LIABILITIES,0,0
1. Equity,0,0
(a) Share capital,161.02,160.90
(b) Other equity,14068.17,12382.76
Equity attributable to owner,14229.19,12543.66
Non-controlling interest,352.44,438.23
Total equity,14581.63,12981.89
2. Share application money pending allotment *,•,0.00
Liabilities,0,0
3. Non-current liabilities,0,0
(a) Financial liabilities,0,0
(i) Borrowings,3662.11,3645.36
(ii) Other financial liabilities,50.11,45.06
(b) Provisions,137.92,140.52
(c) Deferred tax liabilities (net),503.31,756.89
(d) Other non-current liabilities,93.25,93.65
Total non-current Liabilities,4446.70,4681.48
4. Current liabilities,0,0
(a) Financial liabilities,0,0
(i) Borrowings,435.87,467.23
(ii) Trade payables,2119.12,1571.14
(iii) Other financial liabilities,420.19,642.59
(b) Other current liabilities,226.85,266.36
(c) Provisions,627.13,402.37
(d) Current tax liabilities (Net),3.08,24.01
Total current liabilities,3832.22,3373.70
Total equity and liabilities,22.860.55,21037.07
"■ Nil as at 31st March 2018 (7 11172 as at 3l"" March 2017).","■ Nil as at 31st March 2018 (7 11172 as at 3l"" March 2017).","■ Nil as at 31st March 2018 (7 11172 as at 3l"" March 2017)."
