0,1,2,3
0,Particulars,As at 31 March 2018,As at 31 March 2017
0,0,(Audit,sd)
A,Assets,0,0
1,Non-current assets,0,0
0,(a) Property plant and equipment,2711.4,3496.8
0,(b) Capital work-in-progress,90.4,279.4
0,(c) Intangible assets (d) Financial assets,2.5,4.0
0,(i) Investments,26.7,26.7
0,(ii) Non current loans,162.0,173.0
0,(iii) Other non current financial assets,_,1032.4
0,(e) Deferred tax assets (net),1589.1,1121.5
0,(f) Other non-current tax assets,929.9,929.9
0,(g) Other non-current assets,31.5,67.5
0,Total non-current assets,5543.5,7131.2
2,Current assets,0,0
0,(a) Inventories (b) Financial Assets,4660.8,3544.4
0,(i) Trade receivables,9479.3,8450.7
0,(ii) Cash and cash equivalents,1694.8,8486.5
0,(iii) Bank balances other than cash and cash equivalents,8844.0,15.5
0,(iv) Current loans,1014.3,2291.1
0,(v) Other current financial assets,5003.4,6441.8
0,(c) Other current assets,2316.7,2305.4
0,(d) Assets held for sale,571.5,-
0,Total current assets,33584.8,31535.4
0,Total -Assets,39128.3,38666.6
B,Equity and liabilities,0,0
1,Equity,0,0
0,(a) Equity share capital,672.3,672.3
0,(b) Other equity,7610.5,7.601.6
0,Total equity,8282.8,8273.9
2,Liabilities Non-current liabilities,0,0
0,(a) Provisions,952.3,803 9
0,Total non-current liabilities,952.3,803.9
0,Current liabilities,0,0
0,(a) Financial liabilities,0,0
0,(i) Trade payables,13024.6,14310.4
0,(ii) Other current financial liabilities,1118.7,1047.7
0,(b) Other current liabilities,13167.6,11969.3
0,(c) Short term provisions,1761.1,1818.1
0,(d) Current tax liabilities,821.2,443.3
0,Total current liabilities,29893.2,29588.8
0,Total -Equity and Liabilities,39128.3,38666.6
