0,1,2,3,4,5
0,0,Standalone,Standalone,Consolidated,Consolidated
0,0,As at,As at,As at,As at
0,0,31.03.2018,31.03.2017,31.03.2018,31.03.2017
0,0,(Audited),(Audited),(Audited),(Audited)
A,Assets,0,0,0,0
1.,Non-current assets,0,0,0,0
0,Property plant and equipment,114.113,131938,114113,131.938
0,Capital work-in progress,31.319,12.892,31.319,12.892
0,Investment properties,17.642,19.430,17.642,19.430
0,Investments in subsidiary and associate,1.760,1.760,882,852
0,Financial assets,0,0,0,0
0,(i) Investments,429.387,364.090,429387,364.090
0,00 Loans,11.000,11.744,11.000,11.744
0,Deferred tax assets,49.049,46760,49.049,46.760
0,Other non-current assets,5010,1427,5.010,1.427
0,Total non-current assets,659.280,590041,658402,589.133
2.,Current assets,0,0,0,0
0,Inventories,122.580,118.042,122.580,118.042
0,Financial assets,0,0,0,0
0,(i) Investments,92.893,26.814,92.893,26.814
0,00 Trade receivable,161.560,118.623,161.560,118.623
0,Oil) Cash and cash equivalents,36.330,13.117,36.330,13.117
0,(iv) Bank balances other than (iii) above,152.450,158.640,152.460,158.644
0,(v) Loans,36.470,32.047,36.470,32.047
0,(vi) Other financial assets,91.810,79.549,91.810,79.549
0,Other current assets,39.371,43.112,39.371,43.112
0,Total current assets,733464,589944,733.474,589948
0,Total assets (1*2),1.392744,1.179.985,1.391.876,1.179.081
B,Equity and Liabilities,0,0,0,0
1.,Equity,0,0,0,0
0,Equity share capital,3.052,3.052,3.052,3.052
0,Other equity,0,0,0,0
0,0) Reserves and surplus,922980,817.289,922.112,816.385
0,00 Other reserves,72.100,59.623,72.100,59.623
0,Total equity,998.132,879.964,997.264,879060
2.,Liabilities,0,0,0,0
0,Non-current liabilities,0,0,0,0
0,Financial liabilities,0,0,0,0
0,0) Other financial liabilities,660,595,660,595
0,Provisions,42.040,36.423,42.040,36.423
0,Total non-current liabilities,42.700,37.018,42.700,37.018
0,Current liabilities,0,0,0,0
0,Financial liabilities,0,0,0,0
0,0) Trade payables,202.310,133.991,202.310,133.991
0,(ii) Other financial liabilities,42.370,27.481,42.370,27.481
0,Provisions,74.500,75.431,74.500,75.431
0,Current tax liabilities,9.061,6.508,9.061,6.508
0,Other current liabilities,23.671,19592,23.671,19.592
0,Total current liabilities,351.912,263.003,351912,263003
0,Total liabilities,394.612,300.021,394.612,300.021
0,Total equity and liabilities (1*2),1.392.744,1.179.985,1.391.876,1.179.081
