0,1,2
Particulars,Audited Consolidated Results Year Ended,Audited Consolidated Results Year Ended
Particulars,31.03.2018,31.03.2017
ASSETS,0,0
1 Non-Current Assets,0,0
(a) Property Plant and Equipment,38225.68,36438.56
(b) Capital Work-in-Progress,3989.02,1794.54
(c) Goodwill on Consolidation,16.69,16.69
(d) Other Intangible Assets,452.77,421.01
(e) Intangible Assets under development,21.51,72.95
(f) Investment in Joint Ventures and Associates,7306.57,6069.75
(g) Financial Assets,0,0
(i) Other Investments,576.05,594.95
(ii) Loans,444.84,406.05
(h) Other Non - Current Assets,1497.66,1438.46
0,52530.79,47252.96
2 Current assets,0,0
(a) Inventories,18612.23,18629.16
(b) Financial Assets,0,0
(i) Investments,4999.38,5108.73
(ii) Trade Receivables,5587.02,4091.66
(iii) Cash and Cash Equivalents,121.52,111.47
(iv) Bank Balances other than above,1183.66,24.93
(v) Loans,63.87,125.49
(vi) Other Financial Assets,5904.42,4317.23
(c) Other Current Assets,665.37,653.45
0,37137.47,33062.12
(d) Assets classified as held for Sale / Disposal,3.49,3.96
0,37140.96,33066.08
Total Assets,89671.75,80319.04
EQUITY AND LIABILITIES,0,0
3 Equity,0,0
(a) Equity Share Capital,1524.21,1016.27
(b) Other Equity,24008.23,20055.16
0,25532.44,21071.43
Liabilities,0,0
4 Non Current Liabilities,0,0
(a) Financial Liabilities,0,0
(i) Borrowings,9655.94,7117.80
(ii) Other Financial Liabilities,0.47,0.44
(b) Provisions,79.27,183.33
(c) Deferred Tax Liabilities (Net),6804.82,6149.27
(d) Other Non-Current Liabilities,34.36,23.61
0,16574.86,13474.45
5 Current Liabilities,0,0
(a) Financial Liabilities,0,0
(i) Borrowings,10879.42,10914.38
(ii) Trade Payables,15845.91,12699.66
(iil) Other Financial Liabilities,14567.21,15841.54
(b) Other Current Liabilities,3605.44,3974.40
(c) Provisions,2370.31,2270.57
(d) CurrentTax Liabilities (Net),296.16,72.61
0,47564.45,45773.16
Total Equity and Liabilities,89671.75,80319.04
