0,1,2
Particulars,As at,As at
Particulars,31.03.2018,31.03.2017
Particulars,(Audited),(Audited)
ASSETS,0,0
Non-current assets,0,0
Property plant and equipment,39790,40433
Capital work-in-progress,6750,5400
Goodwill,323,323
Other intangible assets,7060,7665
Intangible assets under development,-,-
Financial assets,0,0
Investments,19537,18028
Trade receivables,169,206
Loans,1991,1.932
Other financial assets,437,462
Deferred tax assets net,931,821
Tax assets net,3518,2892
Other non-current assets,112,372
Total non-currcnt assets,80.618,78.534
Current assets,0,0
Inventories,18568,18097
Financial assets,0,0
Investments,16.828,12.991
Trade receivables,42038,44054
Cash and cash equivalents,1207,668
Other financial assets,526,1057
Other current assets,11.218,9.071
Total current assets,90.385,85.938
TOTAL ASSETS,171.003,164.472
EQUITY AND LIABILITIES,0,0
Equity,0,0
Equity share capital,830,829
Other equity,117.248,115177
Total Equity,118078,116.006
Liabilities,0,0
Non-current liabilities,0,0
Financial liabilities,0,0
Borrowings,4880,4852
Provisions,533,623
Other non-current liabilities,313,411
Total non-current liabilities,5.726,5.886
Current liabilities,0,0
Financial liabilities,0,0
Borrowings,21008,18699
Trade payables,10610,7787
Other financial liabilities,11471,11556
Provisions,1734,2084
Other current liabilities,2.376,2.454
Total current liabilities,47.199,42.580
TOTAL EQUITY AND LIABILITIES,171003,164472
