0,1,2
Particulars,As at 31 March 2018,As at 31 March 2017
0,Audited,Audited
ASSETS,0,0
Non-current assets,0,0
Property plant and equipment,2948.71,2665.64
Capital work-in-progress,121.19,242.29
Intangible assets,15.54,13.88
Intangible assets under development,-,56.06
Financial assets,0,0
Investments,-,0.00
Loans,912.60,876.83
Other financial assets,0.92,14.47
Deferred tax assets (net),1054.80,1005.42
Other non-current tax assets,467.11,377.74
Other non-current assets,344.25,359.94
Current assets,0,0
Inventories,7651.72,7137.97
Financial assets,0,0
Trade receivables,893.50,694.08
Cash and cash equivalents,545.11,617.80
Bank balances other than those included in cash and cash,5366.80,4602.57
equivalents,0,0
Loans,37.67,32.37
Others current financial asset,331.90,261.92
Other current assets,722.25,272.40
Total Assets,21414.07,19231.38
EQUITY AND LIABILITIES,0,0
Equity,0,0
Equity share capital,642.64,642.64
Other equity,14104.27,12600.59
Total,14746.91,13243.23
LIABILITIES,0,0
Non-current liabilities,0,0
Financial liabilities,0,0
Trade payables,1037.42,1039.71
Provisions,21.90,-
Current liabilities,0,0
Financial liabilities,0,0
Trade payables,4797.85,4084.47
Other financial liabilities,353.86,401.84
Other current liabilities,173.70,305.05
Provisions,103.19,43.46
Current tax liabilities (net),179.24,113.62
Total Equity and Liabilities,21414.07,19231.38
Gurugram,Ram KuTTTarGupta,RajeeVGopalakrishnan
22.05.2018,DIRECTOR FINANCE,MANAGING DIRECTOR
