0,1,2,3,4
0,Standalone,Standalone,Consolidated,Consolidated
Particulars,Year Ended 31st,Year Ended 31st,Year Ended 31st,Year Ended 31st
0,March 2018,March 2017,March 2018,March 2017
0,(Audited),(Audited),(Audited),(Audited)
EQUITY & LIABILITIES EQUITY,0,0,0,0
Equity share capital,2041,2026,2041,2026
Other Equity,92413,85124,91589,84285
Share application money pending allotment,21,0,21,-
Total Equity,94475,87150,93651,86311
LIABILITIES,0,0,0,0
Non-Current Liabilities,0,0,0,0
Financial Liabilities,0,0,0,0
i) Borrowings,1147,1695,1147,1695
ii)Trade Payables,14,17,14,17
ii)Other Financial Liabilities,372,221,372,221
Provisions,1130,1339,1130,1339
Employee Benefit Obligations,6373,7265,6373,7265
Total Non-Current Liabilties,9036,10537,9036,10537
Current Liabilities,0,0,0,0
Financial Liabilities,0,0,0,0
i) Borrowings ii) Trade Payables,70615,52858,70615,52858
Total Outstanding dues of Micro enterprises & small enterprises Total Outstanding dues of other than Micro enterprises,2689,1529,2689,1529
& small enterprises,82753,62045,82753,62045
iii)Other Financial Liabilities,30478,25914,30478,25914
Provisions,6468,6553,6468,6553
Employee Benefit Obligations,8112,7103,8112,7103
Current Tax Liabilities,2293,1330,2293,1330
Other Current Liabilities,40351,53653,40491,53653
Total Current Liabilities,243759,210985,243899,210985
Total Liabilities,252795,221522,252935,221522
Total Equity & Liabilities,347270,308672,346586,307833
0,0,By Order of the Board of Directors,By Order of the Board of Directors,>/ *
0,0,for Bajaj Electricals Limited,for Bajaj Electricals Limited,>/ *
0,0,<2,0,(
0,0,<2,0,c { •II
0,0,0,0,)$)]
Place: Mumbai Date : May 23 2018,oH,Shekhar Bajaj ^ Chairman and Managing Director,Shekhar Bajaj ^ Chairman and Managing Director,0
