0,1,2,3
Particulars,Particulars,AS AT,AS AT
Particulars,Particulars,51-03-2018,31 -03-2017
Particulars,Particulars,(Auclted),(Audti’d)
A.,ASSETS,0,0
1.,Non-current assets,0,0
0,(n) Property. Plant and Equipment,45.434 02,31375.64
0,(b) Capital Work-in-Progress,2.256.90,1396.34
0,(c) Goodwill,16.191.81,2.994.39
0,(d) Other Intangible Assets,7.631.37,416.16
0,(e) Intangible Assets Under Development,33.12,0.63
0,(0 Financial Assets,0,0
0,(i) Equity - Accounted Investees,13.867.53,2.151.83
0,(li) investments,0,0
0,- Investment oflnsurnncc Business,11.951.36,-
0,- Other Investment,7.212.66,5.049.96
0,<IH) Assets held to cover linked liabilities,21.691.73,-
0,(iv) Loans,37.512.53,198.99
0,(v) Others,64 22,76.26
0,(g) Deferred I ax Assets,21.42,20.44
0,(h) Non - Current Tax Assets (Net),245.78,136.62
0,(i) Other Non-Current Assets (Includes Capital Advances),3.503.90,591.12
0,Sub-total - Non Current Assets,167.618.35,44.308.38
2.,Current Assets,0,0
0,(a) Inventories,5.860.36,4.23 1.42
0,(b) Financial Assets,0,0
0,(i)Equity - Accounted Investees,65.15,4.46
0,(ii) Investments,0,0
0,- Investment of Insurance Business,1.067.81,-
0,- Other Investment,7.121.62,6994.13
0,(IH) Assets held to cover linked liabilities,3017.15,-
0,(iv) Trade Receivables,5.213 14,3.009.56
0,(v)Cash and Cash Equivalents,949.64,93.82
0,(vi) Bank Balance other than (v) above,365.25,2313.19
0,(vll) Loans,13.542.59,181.34
0,(vlil) Others,1050.30,399.71
0,(c) Current Tax Assets (Net),117.95,30.90
0,(d) Other Current Assets,1.831.95,1392.95
0,(c) Assets Held fbrDisposul,45.94,7.98
0,Sub-total - Current Assets,40.248.85,18459.46
0,TOTAL -ASSETS,207867.20,62767.84
B.,EQUITY AND LIABILITIES,0,0
1.,Equity,0,0
0,(u) Equity Share Capital,131.48,93.37
0,<b) Other Equity,57.230.37,31393.71
0,Sub-total - Equity Attributable to owner* of the Company,57.361.85,31.387.08
2.,Non - Controlling Interest,26336.88,9.701.93
0,Total Equity,83.698.73,41.089.01
5.,Non-Current liabilities,0,0
0,(a) Financial Liabilities,0,0
0,(i) Borrowings,40793.44,6.768.71
0,(li) Trade Payables,0,8.70
0,(IH) Other Financial liabilities,194.54,34.81
0,b) Provisions,416.94,297.1 1
0,c) DcfemxJ Tax Liabilities (Net),5.617.75,3.538.82
0,d) Policyholder's Liabilities,34.795.16,0
0,e)Other Non-Ginwu Liabilities,58.71,35.60
0,Suls-total - Non-Current Liabilities,81.876.54,10.683.75
4.,Current liabilities,0,0
0,a) Financial Liabilities,0,0
0,(i) Borrowings,20.519.95,1.157.85
0,(ii) Trade Payables,5.262.41,3.048.19
0,(ih) Other Financial Liabilities tt,9.076.00,2.650.95
0,b) Other Current Liabilities,4.203.50,3.006.56
0,c) Provisions,901.20,327.06
0,d) Policyholder's Liabilities,1.578.19,0
0,e) Current Tax Liabilities (Net),750.68,804.47
0,Sub-total - Current Liabilities,42.291.93,10.995.08
',fOTAL - EQUITY AND LIABILITIES,207.867.20,62.767.84
