0,1,2
"“irticiihrs"" 5 *• '' m IMP",HHmMii srossMM?,0
Assets Non-current assets,0,0
Property plant and equipment (net),84136,88593
Capital work-in-progress,973,3649
Investment property (net),3025,3113
Intangible assets (net),374,315
Intangible assets under development,23,13
Investment in subsidiaries associates and joint ventures Financial assets,40221,45292
Investments,41,4
Loans,1105,1695
Other financial assets,1.069,1038
Deferred tax assets (net),3540,1514
Income tax assets (net),748,358
Other non-current assets,5419,5523
0,140874,151107
Current assets,0,0
Inventories Financial assets,953,943
Current investments,7758,4686
Trade receivables,25342,22357
Cash and cash equivalents,1347,1349
Other Bank balances,93,89
Loans,660,522
Other financial assets,3838,5363
Income tax assets (net),_,972
Other current assets,2354,2474
Assets classified as held for sale,6,2066
0,42351,40.821
Total Assets,183.025,191.928
Equity and liabilities Equity,0,0
Equity share capital,4914,4914
Other equity,126777,129.327
0,131.691,134241
Liabilities Non-current liabilities,0,0
Financial liabilities,0,0
Borrowings,14356,17.499
Other financial liabilities,78,82
Other non-current liabilities,461,355
0,14895,17936
Current liabilities,0,0
Financial liabilities,0,0
Trade payables Other payables Borrowings Other financial liabilities,14062 3069 10182 4351 737 4038,10788 4433 16538 2831 770 3972 419
Net employee defined benefit liabilities Other current liabilities Income tax liabilities (net),14062 3069 10182 4351 737 4038,10788 4433 16538 2831 770 3972 419
0,0,.IQ 75-|
Total Eouitv and Liabilities,183.025,191928
