0,1,2,3
Particulars,Particulars,As at,As at
Particulars,Particulars,31-03-2018,31-03-2017
Particulars,Particulars,(Audited),(Audited)
A.,ASSETS,0,0
1.,Non-current assets,0,0
0,(a) Property Plant and Equipment,9S39.6<,6857.98
0,(b) Capital Work- in- Progress,745.1,375.48
0,(c) Other Intangible Assets,1276.81,28.83
0,(d) Financial Assets,0,0
0,(0 Investments,33586.74,7424.09
0,(ii) Loans,138.32,141.80
0,(iii) Other Financial Assets,36.60,136
0,(e) Non-Current Tax Assets (Net),32.04,31.69
0,(0 Other Non- Current Assets (Includes Capital Advances),236.57,57.64
0,Sub-total - Non-Current Assets,45391.94,14918.87
2.,Current Assets,0,0
0,(a) Inventories,2591.66,1732.74
0,(b) Financial Assets,0,0
0,(i) Investments,1.959.85,1.57233
0,(ii) Trade Receivables,2609.32,1189.55
0,(iii) Cash and Cash Equivalents,26.07,34-59
0,(hr) Bank Balance other than (iii) above,15.81,18.15
0,(v) Loans,81.90,50.55
0,(vi) Other Fmnncial Assets,218.01,43.20
0,(c) Current Tax Assets (Net),84.53,0
0,(c) Other Current Assets,544.23,289.84
0,(d) Assets hckl for Disposal,2.54,138
0,Sub-total - Current Assets,8136.92,4932.23
0,TOTAL-ASSETS,53728.86,19851.10
B.,EQUITY AMD LIABILITIES,0,0
1.,Equity,0,0
0,[a) Equity Share Capital,131.48,9337
0,3>) Other Equity,44658.35,16.137.61
0,Sub-total - Equity,44789.83,16230.98
2.,Non-Current Liabilities,0,0
0,a) Financial Liabilities,0,0
0,(i) Borrowings,853.16,383.68
0,(ii) Other Financial Liabilities,5.58,2.70
0,'b) Provisions,31.32,7.60
0,c) Deferred Tax Liabilities (Net),1834.96,662.98
0,d) Other Non-Ginrent Liabilities,38.68,29.49
0,Sub-total - Non-current liabilities,2763.70,1086.45
3.,Current Liabilities,0,0
0,a) Financial Liabilities,0,0
0,(i) Borrowings,1729.32,60.81
0,(ii) Trade Payables,Z131.79,1113.93
0,(iii) Other Financial Liabilities U,658.59,364.18
(,b) Other Current Liabilities,920.69,598.00
(,c) Provisions,477.39,154.97
(,J) Curran TaxLiabililies (Ncl),257.55,241.78
0,Sub-total - Current Liabilities,617533,2333.67
It,T)TAL - EQUITY AND LIABILITIES,53728.86,19851.10
