0,1,2,3,4
Particulars,Standalone,Standalone,Consolidated,Consolidated
Particulars,As At 31st March 2018,As At 31st March 2017,As At 3lst March 2018,As At 31st March 2017
0,(Audited),(Audited),(Audited),(Audited)
ASSETS,0,0,0,0
Non -Current Assets,0,0,0,0
Property plant and equipment,31255,31004,31255,31004
Capital work in progress,350,785,350,785
Other intangible assets,328,2,328,2
Intangible Assets under development,284,-,284,-
Investments in associates and joint ventures,685,1752,0,917
Financial Assets,0,0,0,0
investments,765,6282,765,6282
ii)Trade receivables,26339,30439,26339,30439
iii)Loans,6,290,6,290
iii)Other financial assets,1906,5613,1906,5613
Deferred tax assets (net),7353,5595,7353,5595
Income tax assets (net),828,4487,828,4487
Other non-current assets,9530,9904,9531,9905
Total Non-Current Assets,79629,96153,78945,95319
Current Assets,0,0,0,0
Inventories,57916,57120,57916,57115
Financial Assets,0,0,0,0
i)lnvestments,-,0,-,-
ii)Trade receivables,174875,134226,174875,134226
iii)Cash and cash equivalents,2182,2508,2182,2508
iv)Bank balances other than (iii) above,392,4018,392,4018
v)Loans,5,7,5,7
vi)Other current financial assets,255,24,255,24
Other current assets,31797,14362,31797,14362
Assets classified as held for sale,219,254,219,254
Total Current Assets,267641,212519,267641,212514
Total Assets,347270,308672,346586,307833
