0,1,2
0,smsmrnsmn,««
Assets,0,0
Non-current assets,0,0
Property plant and equipment (net),108776,115.082
Capital work-in-progress,973,3649
Investment property (net),4552,4671
Goodwill on consolidation,28800,26036
Intangible assets (net),13910,8168
Intangible assets underdevelopment,24,3883
Investment in associates and joint ventures,21390,20568
Financial assets,0,0
Investments,41,4
Loans,2777,3883
Other financial assets,1.079,1109
Deferred tax assets (net),9740,7377
income tax assets (net),2284,1.997
Other non-current assets,5500,5.676
0,199846,202103
Current assets,0,0
Inventories,958,1014
Financial assets,0,0
Current investments,11063,8515
Trade receivables,83863,75221
Cash at)d cash equivalents,23422,16917
Other bank balance,1.043,1813
Loans,3894,2121
Other financial assefs,6311,7.129
Income lax assets (net),1149,1788
Other current assets,8129,6698
Assets classified as held for sale,1243,2.066
0,141075,123282
Total Assets,540921,325385
Equity and liabilities,0,0
Equity,0,0
Equity share capital,4914,4914
Other equity,191524,174.308
Equity attributable to equity holders of the parent,196438,179222
Non-controlling interests,1717,2.072
Total equity,198155,181294
Liabilities,0,0
Non-current (labilities,0,0
Financial liabdilies,0,0
Borrowings,27006,33871
Other financial liabilities,80,86
Long term provisions,242,208
Net emptoyement defined benefit liabilities,45,42
Deferred tax liabilities (net),431,168
Other non-current liabilities,466,359
0,28270,34.734
Current liabilities,0,0
Financial liabililies,0,0
Trade payables,6860£,61650
Other payables,3335,4652
Borrowings,11.206,17468
Other financial liabilities,12925,9638
Mel employee defined benefit liabililies,4206,3696
Other current liabililies,13204,10.730
Income tax liabilities (net),1.112,1.473
0,114496,109357
Total Equity aod'l^blllties^’^,340921,325385
