0,1,2
0,As at March 31,As at March 31
0,2013 j,2017
0,Audited,Audited
1. ASSETS,0,0
(1) Non-current assets,0,0
(a) Property plant and equipment,73867.84,59594.56
(b) Capital work-in-progress,16142.94,10186.83
(c) Goodwill,116.45,673.32
(d) Other intangible assets,47429.57,3567620
(e) Intangible assets under development,23890.56,23512.01
(f) investment in equity accounted investees,4887.89,4606.01
(g) Financial assets:,0,0
(i) Other investments,763.76,690.76
(ii) Finance receivables,1547953,10753.13
(til) Loans and advances,49541,753.66..
(iv) Other financial assets,4563.87,.'2911.12-
(H] Deferred tax assets (net),4158.70,4457.34
(i) Non-current tax assets (net),899.90,972.31.
(j) Other non-current assets,2681.25,284736
0,195377.67,157634.61
(I) Current assets,0,0
(a) Inventories,42137.63,3508531
(b] Investment in equity accounted investees (held for sale),497.35,-
. (c) Financial assets;,0,0
(1) Other investments,14663.75,15041.15
(ii) Trade receivables,1989330,14075.55.
(ili) Cash and cash equivalents,14716.75,13986.76
(iv) Bank balances Other than (iij) above,i989716,■ 22)09112.
(v) Finance receivables,8401.65,6810.12
(vi) Loans and advances,2279.66,710.45
(vi'r) Other financial assets,3Q29.12,1555.94
(d) Current tax assets (net),208.91,22336
(e) Assets classified as heid-for-sale,2585.19,-
(f) Other current assets,7662.37,653999
0,135972.84,116119.75.
TOTAL ASSETS,331/350.51,273754.36
II. EQUITY AND LIABILITIES,0,0
(1) Equity,0,0
(a) Equity Share capital,679.22,679.22
(b) Other Equity,94748.69,5738267
Equity attributable to owners of Tata Motors Ltd,95427.91,58061.89
Non-controlling interests,525.06,453.17
0,95952.97,. 58515.06
Liabilities:,0,0
(2) Non-current liabilities,0,0
(a) Financial liabilities:,0,0
(i) Borrowings,61199.50,60629:18
(ii) Otherfinancial liabilities,2739.14,11.409.58
(b) Provisions,10948.44,9004.46
(c) Deferred tax iiabiiities (net),6125.80,117400
(dj Other non-current iiabiiities,11165.19,17392.56
0,92178.07,99609.78
(3) Current iiabiiities,0,0
(a) Financial liabilities:,0,0
(i) Borrowings,16794.85,13359:94
(ii) Trade payables,72038.41,57698.33
(iij) Acceptances,490142,4334-24
(iv) Other financial liabilities,31267.49,25634.53
(b) Provisions,7953.50,5307.76
(c) Current tan liabilities (net),1559.07,1392.58
(d) Li a b i 11 ti e s d i recti y ass oti ate d w itb assets cl a sslf led as. he 1 d-fd.r-sa le •,l070:i8,0
(e) Other current liabilities,7634.55,640134
0,143219.47,115629/52
TOTAL EQUITY & LIABILITIES,331*350.51,273754.36
