0,1,2
Particulars,As at 31.03.2018,As at 31.03.2017
0,Audited,Audited
0,(1),(2)
ASSETS,0,0
Non-current Assets,0,0
Property Plant and Equipment,14.592,14596
Capital work-in-progress,127,188
Investment Property,56,56
Other Intangible assets,220,217
Financial Assets,0,0
(i) Investments,6807,4086
(ii) Loans,3,3
(iii) Others,88,2437
Other non-current assets,117,155
Total,22010,21738
Current assets,0,0
Inventories,384,379
Financial Assets,0,0
(i) Investments,1081,506
(ii) Trade receivables,1041,969
(iii) Cash and cash equivalents,422,683
(iv) Bank balances other than (iii) above,287,242
(v) Others,235,146
Other current Assets,299,149
Total,3749,3074
Regulatory deferral account balances,3513,3.620
TOTAL ASSETS,29.272,28432
EQUITY AND LIABILITIES,0,0
Equity,0,0
(i) Equity Share capital,133,133
(ii) Other Equity,13549,13191
Total,13682,13324
LIABILITIES,0,0
Non-current Liabilities,0,0
Financial Liabilities,0,0
(i) Borrowings,3667,3772
(ii) Trade Payables,10,11
(iii) Other financial liabilities,68,14
Provisions,259,227
Deferred tax liabilities (net),3.478,3555
Consumers' Security Deposits,1506,1619
Other non-current liabilities,166,55
Total,9154,9253
Current Liabilities,0,0
Financial Liabilities,0,0
(i) Borrowings,1293,1435
(ii) Trade Payables,481,377
(iii) Other financial liabilities,2130,1330
Other current liabilities,537,438
Provisions,89,71
Current Tax Liabilities (net),70,11
Total,4600,3662
Regulatory deferral account balances,1836,2193
TOTAL EQUITY AND LIABILITIES,29.272,28432
