0,1,2
Particulars,0,0
0,As at 31.03.201B,As at .11 03.2017
0,Audited,Audited
0,(i),(2)
ASSETS,0,0
Non-current Assets,0,0
Property Plant and Equipment,24.286,24316
Capital work-in-progress,218,391
Investment Property,113,56
Goodwill,2171,2011
Other Intangible assets,520,244
Intangible assets under development,2,1
Investment accounted under equity melhod,425,405
Financial Assets,0,0
(i) Investments,263,17
(ii) Loans,4,3
(iii) Others,337,297
Deferred Tax Assets (Net),219,408
Other non-current assets,353,357
Total,28.911,28506
Current assets,0,0
Inventories,867,845
Financial Assets,0,0
(i) Investments,618,687
(ii) Trade receivables,1.958,1560
(iii) Cash and cash equivalents,1045,1255
(iv) Bank balances other than (iii) above,485,352
(v) Loans,2,2
(vi) Others,282,503
Current Tax Assets (Net),111,64
Other current Assets,673,445
Total,6.041,5713
Regulatory deferral account balances,3558,3654
TOTAL ASSETS,38.510,37.873
EQUITY AND LIABILITIES,0,0
Equity,0,0
(j) Equity Share capital,133,133
(ii) Other Equity,11055,10.489
Total equity attributable to equity holders of the Company,11.188,10622
Non-controlling interest,1.446,1210
Total,12634,11832
LIABILITIES,0,0
Non-current Liabilities,0,0
Financial Liabilities,0,0
(i) Borrowings,11.197,11590
(ii) Trade Payables,10,11
(iii) Other financial liabilities,119,45
Provisions,284,273
Deferred tax liabilities (net),3734,3887
Consumers' Security Deposits,1507,1.619
Other non-current liabilities,187,56
Total,17038,17481
Current Liabilities,0,0
Financial Liabilities,0,0
(j) Borrowings,2553,2372
(ii) Trade Payables,933,789
(iii) Other financial liabilities,2351,2284
Other current liabilities,667,645
Provisions,137,95
Current Tax Liabilities (net),85,15
Total,6726,6200
Regulatory deferral account balances,2112,2.360
TOTAL EQUITY AND LIABILITIES,38510,37.873
