0,1,2
PARTICULARS,AS AT 31.03.2018,AS AT 31.03.2017
PARTICULARS,AUDITED,AUDITED
ASSETS,0,0
Non-current assets,0,0
Property Plant and Equipment,3000,3052
Capital work-in-progress,12,10
Investment Properties,302,307
Intangible Assets,42,61
Intangible Assets under development,349,231
Financial Assets,0,0
- Other Financial Assets,174,160
Income Tax Asset (Net),439,435
Other Assets,269,256
Total Non-Current Assets,4587,4512
Current Assets,0,0
Inventories,7399,7681
Financial Assets,0,0
- Investments,-,497
- Trade Receivables,6588,5565
- Cash and Cash Equivalents,4166,8380
- Bank Balances other than Cash and Cash Equivalents,12,10
- Other Financial Assets,501,988
Other Assets,2095,621
Total Current Assets,20761,23742
TOTAL ASSETS,25348,28254
EQUITY AND LIABILITIES,0,0
Equity (Note 7),0,0
Equity Share Capital,343,354
Other Equity,17440,20213
Total Equity,17783,20567
Liabilities,0,0
Non-Current Liabilities,0,0
Provisions,842,836
Deferred Tax Liabilities (Net),104,20
Total Non-Current Liabilities,946,856
Current Liabilities,0,0
Financial Liabilities,0,0
- Trade Payables,2838,2874
- Other Financial Liabilities,505,577
Other Current Liabilities,1285,1206
Provisions,1939,2122
Current Tax Liabilities (Net),52,52
Total Current Liabilities,6619,6831
Total Liabilities,7565,7687
TOTAL EQUITY AND LIABILITIES,25348,28254 [
