0,1,2,3
0,0,As at,As at
S. No.,Particulars,31 March 2018,31 March 2017
0,0,Audited,Audited
A,Assets,0,0
I,Non-current assets,0,0
0,Property plant and equipment,5834.2,6556.6
0,Capital work-in-progress,182.0,248.2
0,Intangible asset Financial assets,21.6,“
0,i. Investments,0.1,0.1
0,ii. Loans,38.8,40.6
0,Deferred tax assets (net),1089.1,1803.8
0,Non current tax assets (net),1130.5,896.5
0,Other non-current assets,1667.2,1403.2
0,Total non-current assets,9963.5,10949.0
2,Current assets Inventories Financial assets,10262.1,11197.9
0,i. Trade receivables,17992.5,22713.2
0,ii Cash and cash equivalents,2322.4,688.2
0,iii. Bank balances other than cash and cash equivalent,29984,28.9
0,iv Loans,50.6,79.3
0,v. Unbilled receivables and others,2260.9,1626.8
0,Other current assets,1748.7,3767.0
0,Assets classified as held for sale,89.4,89.4
0,Total current assets,37724.7,40190.7
0,Total assets,47688.2,51139.7
B 1,Equity and liabilities Equity Equity share capital,512.1,512.1
0,Other equity,11384.0,9815.9
0,Total equity,11896.1,10328-0
2,Non-current liabilities Provisions,1278.2,1110.3
0,Total non-current liabilities,1278.2,1110.3
3,Current liabilities Financial liabilities i. Borrowings ii. Trade payables,1000.0,5180.0
0,Total outstanding dues of micro enterprises and small enterprises,936.4,301.3
0,Total outstanding dues of creditors other than micro enterprises and small enterprises,16155.1,16324.5
0,iii. Other financial liabilities,230.4,906.9
0,Other current liabilities,12280.4,12202.6
0,Provisions,3548.9,3406.8
0,Current tax liabilities (net),362.7,1379.3
0,Total current liabilities,34513.9,39701.4
0,Total liabilities,35792.1,40811.7
0,Total equity and liabilities,47688.2,51139.7
