0,1,2
0,As at March 31,As at March 31
0,2018,2017
0,Audited,Audited
1. ASSET?,0,0
(1) Mon-current assets,0,0
(a) Property plantand equipment,18192.52,17397.12
(b) Capital work-in-progress,1371.45,1902.61
(c) Goodwill,99.09,99.09
(d) Other intangible assets,3312.14,2776.71
(e) intangible assets under development,3825.15,5368.38
(f) investments in subsidiaries joint ventures and associates,13950.60,14330.02
(g) Financial assets,0,0
{i) Investments,310.19,528.37
(ii) Loans and advances,143.96,391.46
till) Other financial assets,793.40,196.32
(h) Non-current tax assets {net),695.75,772.67
(i) Other non-current assets,1546.39,1858.45
0,44240.64,4612120
(2) Current assets,0,0
(a) inventories,5670.13,5.553.01
(b) investments in subsidiaries and associates {held for sate),681.91,-
(c) Financial assets,0,0
(i) Investments,1820.87,2437.42
(ii) Trade receivables,347981,2128.00
■03) Cash and cash equivalents,546.82,228.94
(iv) Bank balances other than (iii) above,243.60,9767
(v) Loans and advances,140.27,215.96
(vi) Other financial assets,646.31,141.54
(d) Current tax assets (net),73.88,129.49
(e) Assets classified as held-for-sale,223.33,0
(f) Other current assets,1439.73,1825.05
0,14971.66,12757.08
TOTAL ASSETS,59212.30,58.878:28
11. EQUITY AND LIABILITIES,0,0
Equity,0,0
(a) Equity share capital,679.22,67922
(b) Other equity,19491.76,20433:39
0,20170.98,21162.61
Liabilities,0,0
(1) Non-currdnt liabilities,0,0
(a) Financial liabilities,0,0
(i) Borrowings,13155.91,13686.09
(il) Other financial liabilities,211.28,1130.23
(b) Provisions,1009.48,892.18
(c) Deferred tax liabilities (net),154.61,147.58
(d) Other non-current liabilities,291.09,321.24
0,14822.37,16177:32
(2) Current liabilities,0,0
(a) Financial liabilities,0,0
(i) Borrowings,309987,5158:52
(ii) Trade payables,9411.05,7082.95
(iii) Acceptances,4814.58,4379.29
(jv) Other financial .liabilities-,4091.16,2485.94
(b) Provisions,36292,477.17
(c) Current tax liabilities (net),21.77,83.68
(d) Other current liabilities,1917.60,1.870.80
0,24218.95,2153835
TOTAL EQUITY AND LIABILITIES,59212.30,58878.28
