0,1,2,3,4
Particulars,Standalone,Standalone,Consolidated,Consolidated
0,31-Mar-18,31-Mar-17,31-Mar-18,31-Mar-17
ASSETS,0,0,0,0
Non-current assets,0,0,0,0
Property Plant and Equipment,291978,292928,455426,435719
Capital work-in-progress,6652,1968,12156,6422
Other Intangible Assets,1201,1474,8647,7548
Goodwill on consolidation,-,-,61892,34479
Investment property,2475,2569,2475,2569
Investments in subsidiaries and associates,114017,109479,8306,7890
Financial Assets,0,0,0,0
(i) Investments,164,222,164,223
(ii) Loans,1106,-,314,439
(ii) Other financial assets,12835,10865,16964,13517
Other non-current assets,4510,5913,7723,9983
Deferred tax assets (net),-,-,11594,14885
Income Tax assets (net),1878,3768,2141,3894
Total Non-current assets,436816,429186,587802,537568
Current assets,0,0,0,0
Inventories,79845,89229,245653,225807
Biological assets,7561,6157,7561,6157
Financial Assets,0,0,0,0
(i) Trade Receivables,172295,153513,252743,228215
(ii) Cash and cash equivalent,4715,3629,19692,11112
(iii) Bank balances other then (ii) above,21774,13179,22169,15496
(iv) Loans,1219,1623,3243,2564
(v) Other financial assets,5108,5309,5262,5375
Other current assets,41018,63077,82669,83256
Total Current assets,333535,335716,638992,577982
TOTAL ASSETS,770351,764902,1226794,1115550
EQUITY AND LIABILITIES,0,0,0,0
EQUITY,0,0,0,0
Equity Share capital,10313,9589,10313,9589
Other Equity,445562,422061,424792,406187
Equity attributable to owners of JISL,455875,431650,435105,415776
Non-controlling interests,-,-,13021,10890
Total Equity,455875,431650,448126,426666
LIABILITIES,0,0,0,0
Non - Current liabilities,0,0,0,0
Financial Liabilities,0,0,0,0
(i) Borrowings,44899,52629,264891,221990
(ii) Other financial liabilities,5223,8589,7415,9999
Provisions,2346,2151,3301,2691
Deferred tax liabilities (Net),35518,39070,46331,48820
Total Non-current Liabilities,87986,102439,321938,283500
Current liabilities,0,0,0,0
Financial Laibilities,0,0,0,0
(i) Borrowings,55834,60077,149774,123478
(ii) Trade payables,121379,86294,199074,153803
(iii) Other financial liabilities,36615,62044,64100,82321
Provisions,S. 1234,1174,2573,2539
Income Tax Liabilities [/<,0,-,1940,1677
Other current liabilities //aF(,*\\ 11428,21224,39269,41566
Total Current Liabilities,226490,230813,456730,405384
Total Liabilities,$// 314476,333252,778668,688884
TOTAL EQUITY AND LIABILITIES,'// 770351,764902,1226794,1115550
