0,1,2,3
0,0,March 31 2018,March 31 2017
0,0,(Audited),(Audited)
A,ASSETS,0,0
1,Non-current assets,0,0
a.,Property plant and equipment,2888.95,1917.46
b.,Capital work-in-progress,68.06,■ 735.54
c.,Intangible assets,745.93,* -435.55
d.,Intangible assets under development,223.93,524.29
e.,Investments in subsidiaries,5907.46,5538.96
f.,Financial assets,0,0
0,Loans,232.02,118.68
0,Other financial assets,10.12,22.02
B-,Income tax assets (net),641.02,618.07
h.,Deferred tax assets (net),785.85,502.96
i.,Other non-current assets,64.83,95.10
0,0,11568.17,10508.6J
2,Current assets,0,0
a.,Inventories,27.72,74.99
b.,Financial assets,0,0
0,Investments,1184.75,777.68
0,Trade receivables,5477.33,5005.65
0,Cash and cash equivalents,1471.66,1332.29
0,Other balances with banks,52.35,48.00
0,Loans,247.23,686.99
0,Unbilled revenue,464.50,323.71
0,Other financial assets,2.35,114.75
c.,Other current assets,517.97,325.68
0,0,9445.86,8689.74
0,TOTAL ASSETS,21014.03,19198.37
B,EQUITY AND LIABILITIES Equity,0,0
a.,Equity share capital,379.03,376.39
b.,Other equity,14663.33,13366.81
0,0,15042.36,13743.20
0,Liabilities,0,0
1,Non-current liabilities,0,0
a.,Financial liabilities,0,0
0,Borrowings,662.06,985.31
b.,Provisions,319.38,266.35
0,0,981.44,1251.66
2,Current liabilities,0,0
a.,Financial liabilities,0,0
0,Borrowings,1835.07,1877.58
0,Trade payables,693.85,588.76
0,Other financial liabilities,1150.70,1227.43
b.,Other current liabilities,885.73,253.83
c.,Provisions,215.63,191.33
d.,Income tax liabilities (net),209.25,64.58
0,0,4990.23,4203.51
0,TOTAL EQUITY AND LIABILITIES,21014.03,19198.37
