0,1,2,3,4,5
s. No.,Particulars,Standalone,Standalone,Consolidated,Consolidated
s. No.,Particulars,As at 31 March 2018,As at 31 March 2017,As at 31 March 2018,As at 31 March 2017
A,ASSETS,0,0,0,0
1,Non-current assets,0,0,0,0
0,a) Property plant and equipment,2415.55,2103.18,2415.55,2103.18
0,b) Capital work-in-progress,386.02,351.79,386.02,351.79
0,c) Intangible assets,16.48,13.97,16.48,13.97
0,d) Investments accounted for using the equity,0,0,0,0
0,method,-,-,426.43,366.06
0,e) Financial assets,0,0,0,0
0,(i) Investments,258.12,259.17,-,-
0,(ii) Loans,8.37,7.77,8.37,7.77
0,(iii) Other financial assets,0.30,0.30,0.30,0.30
0,f) Income-tax assets (net),15.03,1.82,15.03,1.82
0,g) Other non-current assets,45.70,18.07,45.70,18.07
0,Total non-current assets,3145.57,2756.07,3313.88,2862.96
2,Current assets,0,0,0,0
0,a) Inventories,52.37,51.72,52.37,51.72
0,b) Financial assets,0,0,0,0
0,(i) Investments,889.57,417.87,889.57,417.87
0,(ii) Trade receivables,226.14,201.39,226.14,201.39
0,(iii) Cash and cash equivalents,203.68,125.57,203.68,125.57
0,(iv) Bank balances other than (iii) above,354.35,483.02,354.35,483.02
0,(v) Loans,6.48,2.49,6.48,2.49
0,(vi) Other financial assets,27.77,21.43,27.77,21.43
0,c) Other current assets,22.23,26.57,22.23,26.57
0,Total current assets,1782.59,1330.06,1782.59,1330.06
0,Total assets,4928.16,4086.13,5096.47,4193.02
B,EQUITY AND LIABILITIES,0,0,0,0
1,Equity,0,0,0,0
0,a) liquify share capital,140.00,140.00,140.00,140.00
0,b) Other equity,3372.90,2786.56,3506.95,2871.69
0,b) Other equity,0,0,0,0
0,Total equity,3512.90,2926.56,3646.95,3011.69
2,Liabilities,0,0,0,0
0,Non-current liabilities,0,0,0,0
0,a) F.mployee benefit obligations,12.83,20.34,12.83,20.34
0,b) Deferred tax liabilities (net),225.31,180.62,259.57,202.38
0,0,0.81,-,0.81,-
0,Total non-current liabilities,238.95,200.96,273.21,222.72
3,Current liabilities,0,0,0,0
0,a) Financial liabilities,0,0,0,0
0,(i) Trade payables,338.58,274.00,338.58,274.00
0,(ii) Other financial liabilities (other than,0,0,0,0
0,those specified in item (b)],797.70,649.00,797.70,649.00
0,b) F.mployee benefit obligations,0.91,0.66,0.91,0.66
0,c) Other current liabilities,39.12,34.95,39.12,34.95
0,c) Other current liabilities,0,0,0,0
0,Total current liabilities,1176.31,958.61,1176.31,958.61
0,Total current liabilities,0,0,0,0
0,Total liabilities,1415.26,1159.57,1449.52,1181.33
0,Total liabilities,0,0,0,0
0,Total equity and liabilities __—,4928.16,4086.13,5096.47,4193.02
0,Total equity and liabilities __—,0,0,0,0
