0,1,2,3,4,5
0,0,Standalone !,Standalone !,Consolidated,Consolidated
0,0,(Audited),(Audited),(Audited),(Audited)
0,0,As at,As at,As at,As at
0,0,31.03.2018,31.03.2017,31.03.2018,31.03.2017
A,ASSETS,0,0,0,0
1,Non-current assets,0,0,0,0
0,Property plant and equipment,5.77543,5.835.21,5.775.43,5.835.21
0,Capital work-in-progress,6.258.81,6.643.82,6258.81,6.643.82
0,Investment properties,85 94,102.79,85.94,102.79
0,Goodwill,46.49,46.49,46.27,46.27
0,Other intangible assets Financial assets,61.522.06,85.468.03,61522.05,65.468 03
0,Investments,702 50,702.50,952.90,934 44
0,Others,2.228.24,1.881.77,2.228 24,1.881.77
0,Other non-current assets,2.212 57,948.72,2234.82,972.39
0,Total Non Current assets,78832.04,81629.33,79104.46,81.884.72
2,Current assets Financial assets,0,0,0,0
0,Investments,15.528.96,10.754.44,15.528.98,10.754.44
0,Trade receivables,17019.90,16.215.44,17.019.90,16.215.44
0,Cash and cash equivalents,1.792.13,1.854.44,1.794.45,1.857.28
0,Other bank balances,4.90,4.93,4.90,4.93
0,Others,234.96,310.62,234.96,310.62
0,Other current assets,2.106.83,2.755.09,2.106.86,2.755.09
0,Total Current assets,36.687.70,31.894.96,36.690.05,31.897.80
0,TOTAL ASSETS,1.15519.74,1.13.524.29,115794.51,113.782.52
B 1,EQUITY AND LIABILITIES Equity Equity share capital,4.767.04,4.767.04,4.767.04,4.767.04
0,Other equity,83.659.17,80699.58,83.97802,80.970.33
0,Total Equity,88.426.21,85.466.62,88.745.06,85.737.37
0,Liabilities,0,0,0,0
2,Non-current liabilities,0,0,0,0
0,Employee benefit obligations,917.35,891.76,917.35,891.76
0,Deferred tax liabilities (net),2.455.12,991.04,2.408 76,954.75
b,Total Non Current Liabilities,3.372.47,1.662.80,3.326.11,1.846.51
3,Current liabilities Financial liabilities,0,0,0,0
0,Short-term borrowings,10.396.06,12.319.09,10.396.06,12.319.09
0,Trade payables,10486.84,11.159.08,10489.12,11.163.09
0,Others,23.40,2341,23.40,23.41
0,Other cuirent liabilities,2650 73,2.524.69,2650.73,2.524.69
0,Employee benefit obligations,164 03,14860,164.03,148.60
0,Current tax Liabilities,0,0,-,19.76
0,Total Current Liabilities,23721.06,26174.87,23723.34,26.198.64
0,TOTAL EQUITY AND LIABILITIES,115.519.74,1.13.524.29,1.15794.51,1.13782.52
