0,1,2,3
0,0,March 31 2018,March 31 2017
0,0,(Audited),(Audited)
A,ASSETS,0,0
1,Non-current assets,0,2073.77
a.,Property plant and equipment,3095.51,2073.77
b.,Capital work-in-progress,68.06,737.82
c.,Goodwill,4275.06,4116.81
d.,Other intangible assets,923.73,517.87
e.,intangible assets under development,247.31,638.32
f.,Equity accounted investees,97.07,•
g-,Financial assets,0,0
0,Investments,10.40,10.35
0,Loans,175.51,156.35
0,Other financial assets,33.39,89.68
h.,Income tax assets (net),815.09,1173.79
i.,Deferred tax assets (net),944.10,963.16
y,Other non-current assets,71.54,102.80
0,0,10756.77,10580.72
2,Current assets,0,0
a.,Inventories,238.77,433.49
b.,Financial assets,0,0
0,Investments,1184.75,777.68
0,Trade receivables,8057.00,7843.39
0,Cash and cash equivalents,465096,3788.93
0,Other balances with banks,398.34,112.88
0,Loans,105.88,93.88
0,Unbilled revenue,1151.15,941.86
0,Other financial assets,65.73,136.48
c.,Other current assets,719.59,574.88
0,0,16572.17,14703.47
0,TOTAL ASSETS,27328.94,25284.19
B,EQUITY AND LIABILITIES Equity,0,0
a.,Equity share capital,379.03,376.39
b.,Other equity,17790.13,15448.24
0,Equity attributable to owners of the Company,18169.16,15824.63
0,Non-controlling interest,35.67,16.86
0,Total equity,18204.83,15841.49
0,Liabilities,0,0
1,Non-current liabilities,0,0
a.,Financial liabilities,0,0
0,Borrowings,662.06,985.38
0,Other financial liabilities,156.14,131.67
b.,Provisions,687.44,579.25
c.,Deferred tax liabilities (net),0.21,0.11
0,0,1505.8S,1696.41
2,Current liabilities,0,0
a.,Financial liabilities,0,0
0,Borrowings,2109.09,2218.83
0,Trade payables,1587.16,1311.06
0,Other financial liabilities,1826.78,2173.73
b.,Other current liabilities,1446.23,1126.58
c.,Provisions,370.74,315.84
d.,Income tax liabilities (net),278.26,600.25
0,0,7618.26,7746.29
0,TOTAL EQUITY AND LIABILITIES,27328.94,25284.19
