0,1,2,3,4,5
0,0,Standalone,Standalone,Consolidated,Consolidated
S.No,Particulars,Year Ended,Year Ended,Year Ended,Year Ended
0,0,31/03/2018,31/03/2017,31/03/2018,31/03/2017
(D,ASSETS Non-current assets (a) Property Plant and Equipment,18251.57,19365.54,18871.05,19956.44
0,(b) Capital work-in-progress,2889.85,2737.18,3465.26,3267.87
0,(c) Goodwill,-,-,26.70,26.70
0,(d) Other Intangible assets,50.22,40.28,50.22,40.28
0,(e) Intangible assets under development,269.74,129.40,269.74,129.40
0,(f) Financial Assets,-,-,-,-
0,(i) Investments,5977.54,3217.76,2991.68,241.90
0,(iii) Loans,-,-,-,-
0,(iv) Others,-,375.00,-,375.00
0,(g) Deferred tax assets (net),44.26,32.39,112.43,83.00
0,(h) Other non-current assets,699.91,262.90,842.04,289.84
0,Total Non-current assets,28183.09,26160.45,26629.12,24410.*3
(2),Current assets (a) Inventories,43404.01,43997.22,44281.99,44781.55
0,(b) Biological Assets,4574.62,5556.82,4576.31,5556.82
0,(c) Financial Assets,-,-,-,-
0,(i) Investments,57548.28,65447.28,57548.28,65447.28
0,(ii) Trade receivables,6393.34,6982.67,8593.03,8539.94
0,(iii) Cash and cash equivalents,859.52,1692.31,1377.12,2084.12
0,(iv) Bank balances other than (iii) above,13.54,12.49,13.54,12.49
0,(v) Loans,-,-,-,-
0,(d) Current Tax Assets (Net),397.61,397.61,399.03,397.61
0,(e) Other current assets,2147.10,1456.85,1451.40,1546.24
0,Total Current assets,115338.02,125543.25,118240.69,128366.05
0,Total Assets,143521.11,151703.70,144869.81,152776.48
0,EQUITY AND LIABILITIES Equity (a) Equity Share capital,1321.84,1381.10,1321.84,1381.10
0,(b) Other Equity,100801.29,101020.30,99918.14,100052.53
0,(c) Non Controlling Interest,-,-,(56.86),(74.13)
0,Total Equity,102123.13,102401.40,101183.12,101359.50
(1),LIABILITIES Non-current liabilities (a) Financial Liabilities (i) Borrowings,187.82,163.86,287.82,463.86
0,(b) Provisions,444.59,22.90,487.03,44.94
0,(c) Deferred tax liabilities (Net),-,-,-,-
0,(d) Other non-current liabilities,623.83,546.42,921.95,822.89
0,Total Non-current liabilities,1256.24,733.18,1696.80,1331.68
(2),Current liabilities (a) Financial Liabilities (i) Trade payables,21433.37,29647.32,22186.83,30263.13
0,(ii) Other financial liabilities,28.98,24.43,28.98,24.43
0,(b) Other current liabilities,18034.75,18877.82,19018.15,19715.79
0,(c) Provisions,564.29,19.55,670.84,40 80
0,(d) Current Tax Liabilities (Net),80.35,-,85.08,41.15
0,Total Current liabilities,40141.74,48569.12,41989.89,50085.29
0,Total Equity and Liabilities,143521.11,151703.70,144869.81,152776.48
