1,2,3,4,5,6
Statement Of Assets and Liabilities,Statement Of Assets and Liabilities,0,0,0,(Rs. In Lacs)
Particulars,Particulars,Standalone,Standalone,Consolidated,Consolidated
Particulars,Particulars,31-Mar-18,31 -Mar-17,31 -Mar-18,31 -Mar-17
Assets,0,0,0,0,0
1. Non ■ Current Assets,0,0,0,0,0
(a) Property Plant and Equipment,0,122.195,108579,123372,109487
(b) Capital work in progress,0,1740,11838,1740,11.903
(c) Other Intangible Assets,0,14,15,13,15
fd) Goodwill,0,-,-,125,-
(d) Equity accounted investments (Investment in Associates & Joint Venture),(d) Equity accounted investments (Investment in Associates & Joint Venture),2900,6.013,14961,27215
(e) Financial Assets,0,0,0,0,-
(i) Investments,0,51583,41.658,113744,89840
(ii) Loans,0,635,702,410,579
(iii) Other Financial Assets,0,400,328,662,581
(f) Other Non - Current Assets,0,1766,2.280,2.100,2280
(f) Other Non - Current Assets,0,181233,171413,257.127,241900
2. Current Assets (a) Inventories (b) Financial Assets,0,50.873,48.421,50.956,48421
(i) Investments,0,17432,35887,17.431,35.887
(ii) Trade Receivables,0,40.027,30.862,39.769,30862
(iii) Cash & Cash Equivalents,0,709,308,1.483,444
(iv) Bank Balance other than above,0,265,268,265,268
(v) Loans,0,43441,34.944,27144,22.301
(vi) Other Financial Assets,0,2.964,3168,1154,1.978
{'c) Current Tax (Net),0,-,8,-,-
(d) Other Current Assets,0,8.626,3.189,9.334,3.557
0,0,164.337,157055,147536,143.718
0,Total Assets,345570,328468,404663,385618
Equity And Liabilities Equity Equity Share Capital,0,3350,3350,3350,9.609
Statutory Resen/e,0,0,0,13,-
Other Equity,0,293.785,277.933,289634,265.027
Other Equity,0,297135,281283,292997,274.636
Liabilities 1. Non Current Liabilities Financial Liabilities - Borrowings,0,560,1.120,47229,17.978
- Trade Payables,0,-,-,529,-
- Other Financial Liabilities,0,1.035,1.672,2.515,1672
(b) Deferred Revenue,0,429,107,429,107
i'c) Deferred Tax Liabilities (Net),0,25.676,23.555,25676,23.5551
i'c) Deferred Tax Liabilities (Net),0,27700,26454,76378,43312
2. Current Liabilities Financial Liabilities - Borrowings,0,974,631,15414,46018
- Trade Payables,0,13.126,13.852,13.109,13918
- Other Financial Liabilities,0,1218,1227,1.324,2.679
Other Current Liabilities,0,1993,3951,1161,1141
Current Tax Liabilities (Net),0,2276,-,2241,8
Provisions,0,1148,1070,2.039,3906
0,0,20.735,20.731,35.288,67670
0,Total Equity and Liabilities,345570,328468,404663,385618
