0,1,2,3,4,5
BALANCE SHEET,BALANCE SHEET,Standalone,Standalone,Consolidated,Consolidated
0,0,As at,As at,As at,As at
0,Particulars,31.03.2018,31.03.2017,31.03.2018,31.03.2017
0,0,Audited,Audited,Audited,Audited
A,ASSETS,0,0,0,0
1,Non-Current Assets,0,0,0,0
0,(a) Property Plant and Equipment,25013,25271,25013,25271
0,(b) Capital work-in-progress,92290,57322,92290,57322
0,(c) Investment Property,176,532,178,534
0,(d) Other Intangible assets,7268,-,7268,-
0,(e) Intangible assets under development,-,3225,-,3225
0,(f) Financial Assets,0,0,0,0
0,i. Investments,4767,4767,6,6
0,ii. loans,1458,1328,1499,1368
0,iii.Other financial assets,28,243,28,243
0,(g) Current tax assets (net),29744,14799,30211,15246
0,(h) Deferred tax assets (net),10305,9131,10372,9163
0,(0 Other non-current assets,9148,20513,9243,20581
0,Total non-current assets,180197,137131,176108,132959
2,Current asset?,0,0,0,0
0,(a) Inventories,50018,42548,50018,42580
0,(b) Financial assets,0,0,0,0
0,i. Trade receivables,14696,17080,14696,17080
0,ii. Cash and cash equivalents,19940,13827,20110,13913
0,iii. Bank balances other than (ii) above,108029,74396,109531,76048
0,iv. Other financial assets,5791,10048,5812,10126
0,(c) Other current assets,17337,6922,17980,7515
0,(d) Assets held for sale,494,163,494,163
0,Total current assets,216305,164984,218641,167425
0,Total Assets,396502,302115,394749,300384
B,EQUITY AND LIABILITIES,0,0,0,0
0,Equity,0,0,0,0
0,(a) Equity Share Capital,8470,8470,8470,8470
0,(b) Other Equity,199525,194351,197263,192215
0,Total equity,207995,202821,205733,200685
0,Liabilities,0,0,0,0
1,Non-current liabilities,0,0,0,0
0,(a) Financial Liabilities,0,0,0,0
0,i. Borrowings,58,99,58,99
0,ii. Other financial liabilities,224,349,226,350
0,(b) Provisions,28620,27100,28745,27226
0,Total non-current liabilities,28902,27548,29029,27675
