0,1,2,3,4
PARTICULARS,STANDALONE,STANDALONE,CONSOLIDATED,CONSOLIDATED
0,31-Mar-2018,31-Mar-2017,31-Mar-2018,31-Mar-2017
0,Audited,Audited,Audited,Audited
Assets Non-current assets Property plant and equipment,22043.79,22542.06,22259.68,22763.86
Capital work-in-progress,2340.79,1810.11,2340.79,1810.11
Investment property,2882.21,3707.16,2882.21,3707.16
Other intangibles assets,587.64,741.81,588.58,741.95
Intangible Assets under development,2844.04,3762.27,2844.04,3762.27
Investments accounted using equity’ method,-,-,21718.83,15159.67
Financial assets Investments,21898.95,15376.18,0,0
Loans,3378.54,3109.81,3388.55,3123.10
Other financial assets,85.60,87.95,145.71,132.27
Deferred tax assets (net),30289.64,26571.97,30488.24,26732.38
Non-current tax assets (net),101.39,424.08,319.94,736.75
Other non-current assets,972.61,785.79,973.02,789.36
Total Non-current assets,87425.20,78919.19,87949.59,79458.88
Current assets Inventories,110.19,105.44,112.72,108.92
Financial assets Investments,2501.60,37866.17,2501.60,38123.21
Trade receivables,54492.59,38307.82,56191.27,39861.29
Cash and cash equivalents,2456.37,15745.08,3031.43,15884.87
Other bank balances,245606.76,215304.16,250682.57,219896.49
l/>ans,1033.86,1076.42,1275.17,1339.87
Other financial assets,35632.33,38373.16,35825.44,38688.55
Other current assets,13772.68,6162.67,13823.71,6231.37
Total Current assets,355606.38,352940.92,363443.91,360134.57
Total Assets,443031.58,431860.11,451393.50,439593.45
Equity and liabilities Equity Equity share capital,31595.58,33693.67,31595.58,33693.67
Other equity,195191.69,243902.32,202526.67,250791.84
Non Controlling Interest,-,-,-,-
Total Equity,226787.27,277595.99,234122.25,284485.51
Liabilities Non-current liabilities Financial liabilities Other financial liabilities,650.38,119.23,651.26,132.57
Provisions,727.91,762.86,1216.02,1171.19
Other non-current liabilities,860.99,1222.91,861.02,1222.95
Total Non-current liabilities,2239.28,2105.00,2728.30,2526.71
Current liabilities Financial liabilities Trade payables,21801.03,22289.71,21708.41,22294.00
Other financial liabilities,41646.91,29733.18,41938.04,29819.28
Other current liabilities,102766.11,48543.13,102957.41,48743.20
Provisions,46666.55,45577.03,46700.78,45612.42
Current tax liabilities (net),1124.43,6016.07,1238.31,6112.33
Total Current liabilities,214005.03,152159.12,214542.95,152581.23
Total Equity' and liabilities,443031.58,431860.11,451393.50,439593.45
