0,1,3,5
Sr. No.,Particulars,As at 31st March. 2018,As at 31st March 2017
0,ASSETS,0,0
1,Non current assets,0,0
0,a) Property Plant and Equipment,29416.84,29334.08
0,b) Capital work-in-progress,579826,3907.85
0,c) Goodwill,-,-
0,c) intangible assets,1063.45,757.76
0,d) Intangible assets under development,140.13,218.19
0,d) Financial Assets,0,0
0,-Investments,10070.40,10125.09
0,-Trade receivables,996.92,1103.66
0,-Loans & Other Receivables,550.06,606.53
0,-Other Bank Balance,-,-
0,-Others financial assets,111.74,154.82
0,f) Non Current Tax Assets (Net),1355.60,1415.04
0,e) Other Non Current Assets (Non Financial),942.32,1263.93
0,Total Non Current Assets (1),50445.72,48886.96
2,Current Assets,0,0
0,a) Inventories,1932.51,1708.14
0,b) Financial Assets,0,0
0,-Investments,381.47,-
0,-Trade receivables,3429.56,2750.73
0,-Cash and cash equivalents,1377.24,519.68
0,-Other bank balances,1481.30,901.28
0,-Loans & Other Receivables,693.59,757.32
0,-Others financial assets,85.89,110.60
0,c) Other Current Assets (Non Financial),1506.86,2636.37
0,Total Current Assets (2),10888.42,9384.12
0,Total Assets f 1+2),61334.14,58271.07
0,EQUITY AND LIABILITIES,0,0
1,EQUITY,0,0
0,a) Equity Share Capital,2255.07,169130
0,b) Other Equity,39423.50,37613.59
0,c) Non - Controlling Interests,38.92,33.00
0,Total Equity (1),41717.49,39337.89
2,LIABILITIES,0,0
0,Non Current Liabilities,0,0
0,a) Financial Liabilities,0,0
0,-Borrowings,1118.64,3179.84
0,-Other Financial Liabilities,775.59,814.34
0,b) Provisions,589.10,82047
0,c) Deferred Tax Liabilities (net),5039.11,4345.07
0,d) Other Non Current Liabilities,907.91,474.35
0,Total Non Current Liabilities (2),8430.35,9634.07
3,Current Liabilities,0,0
0,a) Financial Liabilities,0,0
0,-Borrowings,977.66,729.19
0,-Trade Payables,390389,2740.65
0,-Other Financial Liabilities,4187.08,3940.49
0,b) Other Current Liabilities,1252.59,1150.12
0,c) Provisions,865.08,738.66
0,Total Current Liabilities (3),11186.30,9299.11
0,Total Equity and Liabilities (1+2+3),61.334.14,58.271.07
