0,1,2,3,4
Particulars,Standalone as at,Standalone as at,Consolidated as at,Consolidated as at
Particulars,31-03-2018,31-03-2017,31-03-2018,31-03-2017
1. Assets (1) Non-current assets (a) Property. Plant and Equipment,53084,51844,54255,53095
(b) < a pit a 1 work-in-progress,6802,7942,6810,7942
(cJ intangible assets,5201,5242,5201,5242
(d) Intangible assets under development,*,0,-,-
(e) f manual assets (») Investments,258,258,0,0
(il) Loans,859,1680,859,1680
(iii) Other financial assets,38,157,38,157
Jf| Deterred tax assets (net),13827,11118,13849,11134
(g) Other non current assets,12634,10026,12037,9425
Total non-current assets,92703,88267,93049,88675
(2) Current assets (a) Inventories,179951,197446,180721,197942
(b) financial Assets (0 Investments,44,52,0,0
(ii) Trade receivables,164223,14303/,164226,1.43104
(iii) Cash and cash equivalents,234,1401,278,1454
(rv) Loans,818,821,818,8?:
;v) Othe1 financial assets,652,510,652,515
(c) Other current assets,28842,37906,28810,3804 f
Total current assets,374764,381173,375SOS,381883
Total Assets,467467,469440,468554,470.558
II. Equity and Liabilities Equity (a) Equdy share cap.tal,4177,4177,4177,4177
lb) Other Fctuity,215847,213978,215934,2.1406.
Equity attributable to equity holders of the parent,220024,218155,220111,218238
Non-controlling interests,-,-,22,21
Total Equity,220024,218155,220133,218259
Liabilities (1) Non-current liabilities (a) Fmancial liabilities (i) Borrowings,30449,31052,30448,31057.
(II) Other financial liabilities,42,42,42,42
(b) Provisions,16637,17494,16637,17496
(c; Other non-current liabilities,33333,34190,33333,34190
Total non-current liabilities,80461,82.778,80460,82780
(2) Current liabilities (a) Financial Itab'i ties (1) Borrowings,13502,11285,13571,11467
(ii) Trade payables (A) Micro & Small Enterprises,2329,1.820,2386,1.916
(B) Other than Micro & Small Enterprises,51186,47865,51628,48199
|i i) Oloer i'-iancial liabilities,2683,3217,2712,325'
(b) Otnei cursor liabilities,62056,88.077,62109,88.183
(c) Provisions,33669,14940,33988,15190
(d| Current tax liabilities (Net),1557,1303,1567,1.30'
Total current liabilities,166982,1.68507,167961,169.519
Total Equity and Liabilities,467467,469.440,468554,470558
