0,2,3,4,5
0,Standalone,Standalone,Consolidated,Consolidated
Particulars,As at,As at,As at,As at
Particulars,0,0,0,0
0,March 312018,March 312017,March 312018,March 312017
I ASSETS,0,0,0,0
(1) Non-current assets,0,0,0,0
Property plant and equipment,39353.75,27817.97,41060.84,29456.38
Capital work-in-progress,872.71,750.43,872.73,756.07
Investment property,397.21,124.15,397.21,124.15
Other Intangible assets,1847.64,48.40,1847.64,48.88
Intangible assets under development Investment in subsidiaries joint venture and associates Financial assets,1695.68,101.20,56.77,56.26
(i) Investments,100115.41,47744.57,100115.41,47744.57
(ii) Loans,394.72,1449.59,412.40,409.45
(iii) Others,75.22,72.53,75.22,72.53
Other non-current assets,402.66,208.76,422.48,210.46
Total Non-Current Assets,145155.00,78317.60,145260.70,78878.75
.(2) Current assets,0,0,0,0
Inventories Financial assets,15051.89,11648.50,15474.92,12268.96
(i) Investments,0.42,1.17,0.42,1.17
(ii) Trade receivables,1010.40,1129.47,1289.42,1548.09
(iii) Cash and cash equivalents,5985.69,4485.57,6021.21,4397.24
(iv) Bank balances other than (iii) above,116.91,111.34,861.24,896.99
(iv) Loans,436.15,448.89,437.40,467.78
(v) Others,17.47,11.35,28.37,4.87
Current tax assets (Net),46.45,109.09,58.60,7.62
Other current assets,721.17,329.65,866.74,528.84
Disposable group - Assets held for sale,0,0,362.17,380.91
Total Current Assets,23386.55,18275.03,25400.49,2070247
Total Assets,168541.55,96592.63,170661.19,99581.22
II EQUITY AND LIABILITIES (1) Equity,0,0,0,0
Equity share capital,2319.90,2319.90,2319.90,2319.90
Other Equity,75480.76,57002.43,75447.15,56760.65
Equity Attributable to the Owners of the Company,77800.66,59322.33,77767.05,59080.55
Non-controlling interest,0,0,1055.67,1064.00
Total Equity,77800.66,59322.33,78822.72,60144.55
(2) LIABILITIES (a) Non-currenl Non-current liabilities,0,0,0,0
Financial liabilities,0,0,0,0
(i) Borrowings,13830.74,6877.05,14230.74,7377.04
(ii) Other financial liabilities,42611.74,3854.86,42558.72,3854.87
Provisions,584.30,489.58,590.03,496.95
Deferred tax liabilities (Net),1820.75,1878.00,1860.64,1937.98
Government grant,8.76,37.67,8.76,10.38
Total Non-Current Liabilities,58856.29,13137.16,59248.89,13677.22
(b) Current liabilities,0,0,0,0
Financial liabilities,0,0,0,0
(i) Borrowings,10222.90,6587.71,10414.12,6387.71
(ii) Trade Payables,6629.11,5075.98,6696.28,6015.05
(iii) Other financial liabilities,13656.61,11135.37,13896.68,11626.90
Provisions,704.92,598.27,728.97,608.71
Government grant,1.61,9.40,1.61,3.91
Other current liabilities,669.45,726.41,701.33,742.52
Disposable group - Liabilities directly associated with assets held for sale,0,0,150.59,174.65
Total Current Liabilities,31884.60,24133.14,32589.58,25759.45
Total Equity and Liabilities,168541.55,96392.63,170661.19,99581.22
