0,2,4
Particulars,As at 31.03.2018,As at 31.03.2017
0,Audited,Audited
ASSETS,0,0
Non current assets,0,0
a) Property Plant and Equipment,27738.64,27762.80
b) Capital work-in-progress,537389,358520
c) Intangible assets,1051.13,743.39
d) Intangible Assets under Development,140.13,218.19
e) Financial Assets,0,0
-Investments,9571.60,9377.08
-Trade receivables,99692,1103.66
-Loans & Other Receivables,558.24,619.21
-Others financial assets,258.37,139.44
f) Non Current Tax Assets (Net),1353.42,1412.49
g) Other Non Current Assets (Non Financial),931.21,1244.28
Total Non current assets,47973.55,46205.74
Current Assets,0,0
a) Inventories,1919.53,1698.38
b) Financial Assets,0,0
-Investments,38147,-
-Trade receivables,3054.59,2724.54
-Cash and cash equivalents,1076.08,451.88
-Other bank balances,1453.31,889.97
-Loans & Other Receivables,691.63,752.83
-Others financial assets,85.89,110.60
c) Other Current Assets (Non Financial),144613,2503.02
Total Current Assets,10108.63,913122
Total Assets,58082.18,55336.96
EQUITY AND LIABILITIES,0,0
EQUITY,0,0
a) Equity Share Capital,2255.07,1691.30
b) Other Equity,38073.05,36458.07
Total Equity,40328.12,38149.37
LIABILITIES,0,0
Non Current Liabilities,0,0
a) Financial Liabilities,0,0
-Borrowings,976.12,3004.55
-Other Financial Liabilities,77559,814.09
b) Provisions,580.43,812.60
c) Deferred Tax Liabilities (net),4630.93,3722.88
d) Other Non Current Liabilities,889.44,458.63
Total Non Current Liabilities,7852.51,8812.75
Current Liabilities,0,0
a) Financial Liabilities,0,0
-Trade Payables,3881.55,2716.01
-Other Financial Liabilities,3983.92,3818.31
b) Other Current Liabilities,1188.20,1139.78
c) Provisions,847.88,700.74
Total Current Liabilities,9901.55,8374.84
Total Equity and Liabilities,58082.18,55336.96
