0,1,2,3,4,5
1,1,Standalone,Standalone,Consolidated |,Consolidated |
0,0,As at Mar,As at Mar ',As at Mar,As at Mar
0,Particulars,312018,312017,312018,312018
(II),Current assets,0,0,0,0
0,(a) inventories,17581.44,15995.57,21373.14,20016.86
0,(b) Financial Assets,0,0,0,0
0,(i) Investments,38378.60,2249616,38376.60,22496.16
0,(if) Trade receivables,30054.05,26509.52,30072.96,2659662
0,(tii) Cash and cash equivalents,1495.33,719.71,2992.32,133865
0,(iv) Loans,20.60,4432,87.91,92.61
0,(v) Others,73.83,73.91,79.27,78.98
0,(c) Current Tax Assets (Met),806.28,*,829.46,-
0,(c) Other current assets,10131.15,8461.97,10888.12,886914
0,TOTAL current assets,98539.28,74301-16,104699*73,79489.02
0,Total Assets,176665.60,168437.27,176488.99,167403.86
0,EQUITY AND LIABILITIES —,0,0,0,0
0,Equity,0,0,0,0
0,(a) Equity Share capital,1671.40,1696.40,1671.40,1696.40
0,(b) Other Equity,143667.41,137089.73,142484.40,134670.50
0,(c) non controlling interest,0,0,277.18,218.05
0,Total Equity,145338.81,138736*13,i44432.98,136584.95
0,liabilities,0,0,0,0
(1),Non-current liabilities,0,0,0,0
0,(a) Provisions,967.36,888.01,967.36,1256.20
0,(t) Deferred tax Liabilities {Met),4970.15,2895*35,3.23B.S8,1046.39
0,{c) Other non-current liabilities,360.01,395.48,360.01,395.48
0,TOTAL non current Liabilities,6297*52,4173*84,456595,2698.07
(II),Current liabilities,0,0,0,0
0,{a) Financial Liabilities,0,0,0,0
0,|t) Borrowings,2847.62,4886-03,2929.28,4886.03
0,(if) Trade payables,18.022.10,7583*47,11039.50,9897.71
0,(iii) Other financial liabilities,10119.56,10977.95,10793.35,11376-26
0,(b) Other current liabilities,1148.76,830.07,f.160.14,838.44
0,(c) Provisions,B91.23,787.39,1552.50,1035.01
0,(d) Current Tax Liabilities (Net),-,87.39,15.29,B7.39
0,TOTAL Current Liabilities,25029.27,25472.30,27490.06,28120.84
0,Total Equity and Liabilities,176665.60,168437.27,176488.99,16740386
