0,1,2,3,4
0,Standalone,Standalone,Consolidated,Consolidated
Particulars,As at 31/03/2018,As at 31/03/2017,As at 31/03/2018,As at 31/03/2017
0,Audited,Audited,Audited,Audited
1. ASSETS (1) Non-Current Assets (a) Property Plant and Equipment,210074,207319,210074,207319
(b) Capital work-in-progress,24789,14337,24789,14337
(c) Other Intangible Assets,361,27,361,27
(d) Intangible assets under development,389,737,389,737
(e) Financial Assets (i) Investments : a) Investment in Joint Venture,15200,300,14969,150
b) Other investments,99286,100295,99286,100295
(ii) Loans,56,75,56,75
(iii) Other Financial Assets,1974,1974,1974,1974
(f) Income Tax Assets (Net),9228,9273,9254,9299
(g) Other Non-Current Assets,8378,8046,8378,8046
Total Non- Current Assets,369735,342383,369530,342259
(2) Current Assets (a) Inventories,26547,16990,26547,16990
(b) Financial Assets (i) Other Investments,230,1121,230,1121
(ii) Trade receivables,40328,32875,40328,32875
(iii) Cash and cash equivalents,7071,6788,7071,6788
(iv) Bank Balance other than (iii) above,6340,6320,6340,6320
(v) Loans,37629,29213,37629,29213
(vi) Other Financial Assets,2829,2611,2829,2611
(c) Other Current Assets,6525,5360,6525,5360
Total Current Assets,127499,101278,127499,101278
Total Assets,497234,443661,497029,443537
II. EQUITY AND LIABILITIES Equity (a) Equity Share Capital,7344,7344,7344,7344
(b) Other Equity,374919,328334,374758,328226
Total Equity,382263,335678,382102,335570
Liabilities Non-Current Liabilities (a) Financial Liabilities (i) Borrowings,22981,28435,22981,28435
(b) Provisions,9071,8050,9071,8050
(c) Deferred Tax Liabilities (Net),35098,30642,35071,30626
Total Non-Current liabilities,67150,67127,67123,67111
Current Liabilities (a) Financial Liabilities (i) Borrowings,433,683,433,683
(ii) Trade Payables,27856,22577,27856,22577
(iii) Other financial liabilities,14106,14284,14106,14284
(b) Provisions,770,579,770,579
(c) Income Tax Liabilities (Net),3384,819,3367,819
(d) Other Current Liabilities,1272,1914,1272,1914
Total Current Liabilities,47821,40856,47804,40856
Total Liabilities,114971,107983,114927,107967
Total Equity and Liabilities,497234,443661,497029,443537
