0,1,2,3,4
ASSETS Non-current assets,Standalone,Standalone,ConwsiitJated,ConwsiitJated
ASSETS Non-current assets,As it,As ®t 31/03/3037,As at 3J/03/203G,As at 31/03/2017
Property Plant and Equipment,502 33.76,45359.17,5577794,5113S.5S|
Capital work-in-progress,2116. IS,334.20,2116.95,554.43
Other Intangible assets,1265.35,866.Q1,1265.85,366.01
Financial Assets,0,0,0,0
(0 investments,0,0,0,0
a) Investments in subsidiaries,6513.67,6513.67,0.00,0.00
b) Otlser investments,8284.75,6110.64,8284.75,til 30.64
(ii) Other financial assets,20383.72,3449161,2038 3IN),1584239
Deferred (.ax assets {net},10.7747,129731,1027.47,129731
Tot»S Mop? - Current Assets,sgszs.do,7497261,BSS55.S6,7530991
Current assets,0,0,0,0
Inventories,30626. GO,33178.Cl,3462697,36396.03
Financial Assets,0,0,0,0
{i) Trade receivables,2628409,1950933,2467106,19006.97
(fi} Cash and cash equivalents,12131.03,2347.01,183.11.57,3944.73
(lii) Rank balances otto than (ii} above,84890-SO,883.50.33,8489060,88350.33
fiv) Other finaridai assets,333 2.64,3S57.75,3932.65,3S57.75
Current fax Assets {Wet),100055,1097.67,1900.55,1997.67
Other current assets,576644,6909.74,6315.61,7317.53
Total Current Assets,165532.02,156239.84,174649.01,160871.01
Toftal Assets.,255355.42,231212.45,263504.97,236680.92
