0,1,2,3,4,5
0,0,Standalone,Standalone,Consolidated,Consolidated
0,0,As at Mar,As at Mar,AS at Mar,As at Mar
0,Particulars,312018,312017,312018,312010
0,A5SETS,0,0,0,0
(i),Nan-current assets,0,0,0,0
0,(a) Property Plant and Equipment,55.993.7S,59366.61,5637111,59727.83
0,(b) Capital work-in-progress,1.740.23,376.25,1748.23,37625
0,(cj Goad will,*,-,5(314.00,5314.00
0,(d) Other Intangible assets,997.01,1502.41,2265.23,2983.40
0,[e> Financial Assets,0,0,.,0
0,(f) Investments,18292.47,31888.88,4995.79,18584.28
0,(ii) Trade receivables,0,0,.,0
0,(ii) Loans,332.67,328.94,332.67,328.94
0,(iv) Others,344.18,350.26,344.10,350.26
0,(f) Other non-current assets,426.88,338.76,426.08,330.76
0,TOTAL non current assets,78126.32,94136.11,71789.21,87914.84
