0,1,2,3,4
0,Standalone,Standalone,Consolidated,Consolidated
Particulars,As at March 31 2018 (Audited),As at March 31 2017 (Audited),As at March 31 2018 (Audited),As at March 31. 2017 (Audited)
ASSETS,0,0,0,0
Non-Current Assets,0,0,0,0
(a) Property Plant and Equipments,52027,51532,136755,133918
(b) Capital Work in Progress,1666,264,71.936,10740
(c) Goodwill,-,•,2.015,2015
(d) Investment Property,•,.,82,82
(e) Other Intangible Assets,651,569,167302,170.077
(f) Intangible Asset under development,-,-,469,947
(g) Financial Assets,0,0,0,0
(i) Investments,78493,71596,5054,4469
(ii) Trade Receivables,8.848,8.448,11444,11977
(iii) Loans,51395,47235,365,365
(iv) Others,3219,3823,29802,31094
(h) Deferred Tax Assets (net),3124,4104,13447,11120
(i) Non-Current Tax Assets,-,-,2.249,2565
(j) Other Non-Current Assets,4154,5359,4.404,11719
Total Non-Current Assets,203577,192930,445324,391088
Current Assets,0,0,0,0
(a) Inventories,48283,45418,99213,93266
(b) Financial Assets,0,0,0,0
(i) Trade Receivables,329198,276352,395512,339356
(ii) Cash and Cash Equivalents,7483,20.647,26286,24625
(iii) Other Balances with Banks,680,451,1584,1169
(iv) Loans,2507,1304,16.776,13078
(v) Others,2566,3273,8.761,5.798
(c) Current Tax Assets (net),•,1276,1121,2668
(d) Other Current Assets,133568,68.883,242.855,150.442
Total Current Asseta,524285,417604,792108,630.402
Assets classified as held for sale,-,-,1 552,694
TOTAL ASSETS,727862,610.534,1236984,1.022.184
EQUITY AND LIABILITIES,0,0,0,0
Equity,0,0,0,0
(a) Equity Share Capital,3069,3069,3069,3069
(b) Other Equity,273935,244802,264271,239136
(C) Non-Controlling Interest,0,0,14639,15.070
Total Equity,277004,247871,281979,257275
LIABILITIES,0,0,0,0
Non-Current Liabilities,0,0,0,0
(a) Financial Liabilities,0,0,0,0
(i) Borrowings,39120,32115,237399,199219
(ii) Trade Payable,9 478,3611,20377,15392
(iii) Other Financial Liabilities,-,•,35.992,34.948
(b) Provisions,2645,2.165,10438,8356
(c) Deterred Tax Liabilities (net),-,-,409,417
(d) Other non-current Liabilities,5.381,196,50.574,37.381
Total Non-Current Liabilities,58624,38087,355189,295713
Current Liabilities,0,0,0,0
(a) Financial Liabilities,0,0,0,0
(i) Borrowings,24973,23146,61695,58154
(ii) Trade Payables,197390,156220,284565,232725
(iii) Other Financial Liabilities,16990,15978,67589,36329
(b) Provisions,26.391,29.641,30809,32431
(c) Other Current Liabilities,126842,99591,155487,109.311
(d) Current Tax Liabilities (Net),1648,-,1.671,246
Total Current Liabilities,394234,324576,601.816,469196
TOTAL EQUITY AND LIABILITIES,727862,610534,1238.984,1022.184
