0,1,2,3
Sr No,Particulars,As at 31st March 2018 (Audited),As at 31st March 2017 (Audited)
0,ASSETS,0,0
_QL,Non-current assets,0,0
0,(a) Property Plant & Equipment,370269,338451
0,(b) Capital work-in-progress,72432,41021
0,(c) Investment Property,992,1009
0,(d) Goodwill,1755,1755
0,(e) Other Intangible Assets,8317,9252
0,(f) Investments accounted for using the equity method,3294,3301
0,(g) Financial Assets,0,0
0,(i) Other Investments,40798,35636
0,(ii) Loans,9616,9188
0,{iii) Others Financial Assets,27711,24458
0,(h) Deferred Tax Assets (net),16755,4829
0,(i) Other non-current assets,28028,26063
0,(i) Tax Assets (Net),15441,10739
0,Sub-total,595408,£ 505702
