0,1,2,3
0,EQUiTY & LIABILITIES,0.0,0
0,Equity,0.0,0
0,(a) Equity share capital,1099.0,1099
0,(b) Other equity,346814.0,302542
0,Sub-total,347913.0,303641
0,LIABILITIES,0.0,0
(1),Non-current liabilities,0.0,0
0,(a) Financial liabilities,0.0,0
0,(i) Borrowings,11967.0,16790
0,(ii) Other non-current financial liabilities,257.0,392
0,(b) Provisions,1936.0,1519
0,fc) Deferred tax liabilities (Net),20419.0,19022
0,Sub-total,34579.0,37723
_(2L,Current liabilities,0.0,0
0,{a) Financial liabilities,0.0,0
0,(i) Borrowings,58097.0,41492
0,(ii) Trade payables,20401.0,7496
0,(iii) Other current financial liabilities,20919.0,15061
0,(b) Other current liabilities,1201.0,1340
0,(c) Provisions,676.0,756
0,(d) Current tax liabilities (net),1376.0,527
0,Sub-total,102670.0,66672
0,Total equity & liabilities,485162.0,1/ 408036
