0,1,2,3,4
Sr. No.,Particulars,Particulars,As at 31st March 2018 (Audited),As at 31st March 2017 (Audited)
A,ASSETS,ASSETS,0,0
1,Non-Current Assets,Non-Current Assets,0,0
0,(a) Property Plant and Equipment,(a) Property Plant and Equipment,66851.57,67118.63
0,(b) Capital Work in Progress,(b) Capital Work in Progress,988.54,336.27
0,(c) Other Intangible Assets,(c) Other Intangible Assets,512.73,686.70
0,(d) Intangible Assets under development,(d) Intangible Assets under development,295.94,295.94
0,(e) Financial Assets,(e) Financial Assets,0,0
0,(i) Investments,(i) Investments,7407.11,5448.69
0,(ii) Loans,(ii) Loans,565.63,553.45
0,(iii) Other Financial Assets,(iii) Other Financial Assets,33.54,14.97
0,(f) Income tax assets (Net),(f) Income tax assets (Net),1204.06,1062.23
0,(g) Other Non-Current Assets,(g) Other Non-Current Assets,429.44,451.22
0,Total Non-Current Assets,Total Non-Current Assets,78288.56,75968.10
2,Current Assets,Current Assets,0,0
0,(a) Inventories,(a) Inventories,16048.86,13716.34
0,(b) Financial Assets,(b) Financial Assets,0,0
0,(i) Investments,(i) Investments,39715.75,43652.70
0,(ii) Trade Receivables,(ii) Trade Receivables,8166.45,7606.20
0,(iii) Cash and cash equivalents,(iii) Cash and cash equivalents,2812.92,2710.45
0,(iv) Bank balances other than Cash and cash equivalents,(iv) Bank balances other than Cash and cash equivalents,117.58,136.56
0,(v) Loans,(v) Loans,374.21,355.37
0,(vi) Other Financial Assets,(vi) Other Financial Assets,540.36,417.73
0,(c) Other Current Assets,(c) Other Current Assets,4348.53,2230.29
0,Total Current Assets,Total Current Assets,72124.66,70825.64
0,TOTAL ASSETS,TOTAL ASSETS,150413.22,146793.74
B,EQUITY AND LIABILITIES,EQUITY AND LIABILITIES,0,0
0,EQUITY,EQUITY,0,0
0,(a) Equity Share Capital,(a) Equity Share Capital,1751.89,1786.19
0,(b) Other Equity,(b) Other Equity,125859.13,125233.54
0,Total Equity,Total Equity,127611.02,127019.73
0,LIABILITIES,LIABILITIES,0,0
1,Non-Current liabilities,Non-Current liabilities,0,0
0,(a) Financial Liabilities,(a) Financial Liabilities,0,0
0,(i) Borrowings,(i) Borrowings,60.45,69.48
0,(ii) Other Financial Liabilities,(ii) Other Financial Liabilities,152.10,-
0,(b) Provisions,(b) Provisions,36.00,36.00
0,(c) Deferred Tax Liabilities (Net),(c) Deferred Tax Liabilities (Net),1516.23,1736.97
0,Total Non-Current Liabilities,Total Non-Current Liabilities,1764.78,1842.45
2,Current liabilities,Current liabilities,0,0
0,(a) Financial Liabilities,(a) Financial Liabilities,0,0
0,(i) Trade Payables,(i) Trade Payables,9731.86,7510.01
0,(ii) Other Financial Liabilities,(ii) Other Financial Liabilities,6173.98,5625.69
0,(b) Other Current Liabilities,(b) Other Current Liabilities,595.50,785.79
0,(ci Provisions,(ci Provisions,2756.94,2484.60
0,far^Surrent Tax Liabilities (Net),far^Surrent Tax Liabilities (Net),1779.14,1525.47
0,0,srrent Liabilities,21037.42,17931.56
^5th,loor.,loor.,0,0
olio Mill,imm,EQ.UITY AND LIABILITIES,150413.22,146793.74
