0,1,2,3
_m_,Current Assets,0,0
0,(a) Inventories,131394,105853
0,(b) Financial Assets,0,0
0,fi) Investments,8312,28872
0,(ii) Trade Receivables,194369,277469
0,fiii) Cash & Cash Equivalents,11076,23769
0,fiv) Bank balances other than (iii) above,8457,25850
0,(v) Loans,4602,2131
0,fvi) Other Financial Assets,6414,4080
0,fc) Other current assets,31998,21760
0,Sub-total,396622,489784
0,Assets classified as held for sale,-,102419
0,Total Assets,992030,' 1097905
0,EQUITY & LIABILITIES,0,0
0,Equity,0,0
0,(a) Equity Share Capital,1099,1099
0,(b) Other Equity,475581,450727
0,(c) Non-Confrollinq Interest,119288,108147
0,Sub-total,595968,559973
0,LIABILITIES,0,0
CD,Non-current liabilities,0,0
0,(a) Financial Liabilities,0,0
0,(i) Borrowinqs,59520,114378
0,(ii) Other financial liabilities,752,3203
0,(b) Provisions,3718,3324
0,(c) Deferred tax liabilities (Net),20125,20956
0,(d) Other non-current liabilities,13812,20337
0,Sub-total,97927,162198
(2),Current liabilities,0,0
0,(a) Financial Liabilities,0,0
0,(i) Borrowinqs,107282,185655
0,(ii) Trade payables,84154,110490
0,(iii) Other financial liabilities,71489,60580
0,(b) Other current liabilities,29945,ffi 14222
