0,1,2,3,4,5
s.,Particulars,Standalone,Standalone,Consolidated,Consolidated
No.,0,As a I 31.03.2018,As at 31.03.2017,As at 31.03.2018,As at 31.03.2017
(1),Assets Non-ciirrenl assets (a) Property Plant and lii]uipmt;nt,5633.53,5769.42,711 2.61,7449.05
0,(b) Capital work-in-progress,107.75,6550,I 2638,101.93
0,(c) Other intangible assets,4.02,3.59,7.58,5.61
0,(d) Financial Assets (i) Investments,640.62,591.48,108.90,117.24
0,(ii) Trade receivables,7.26,-,1 2.62,-
0,(iii) Loans,207.69,183.94,274.93,302.08
0,(iv) Other Financial assets,411.34,69.26,189.79,197.49
0,(e) Deferred lax assets (net),-,•,327.43,269.89
0,(1) Other non-current assets,22.80,2.47,24.73,2.87
(2),Current assets (a) Inventories,1951.04,1.799.27,2463.1 1,2309.84
0,(b) Financial Assets (i) investments,0,0,1.34,1.81
0,(ii) Trade receivables,1642.57,1208.09,1929.79,1370.43
0,(iii) Cash and cash equivalents,9.26,26.36,71.91,97.27
0,(iv) Bank balances other than (iii) above,32.81,13.29,71.78,35.13
0,(v) Loans,1065.24,708.51,191.72,163.05
0,(vi) Other financial assets,31.05,38.97,33.15,63.58
0,(c) Current tax assets,54.54,86.78,73.43,99.58
0,(d) Other current assets,314.54,369.61,474.53,509.19
0,(e) Assets held for sale,1.76,-,28.21,29.72
0,Total assets,11782.82,10936.54,13523.94,13125.76
0,Equity and liabilities Equity (a) Equity share capital,63.95,63.95,63.95,63.95
0,(b) Other equity,5849.07,5499.91,543245,5322.19
0,(c) Non-Controlling Interest,*,-,(296.40),(126.60)
(1),Liabilities Non-current liabilities (a) Financial Liabilities (i) Borrowings,1796.03,1752.66,3311.46,3302.23
0,(ii) Trade payables,-,•,49.74,46.35
0,(iii) Other financial liabilities,29.52,29.41,29.52,29.41
0,(b) Provisions,91.44,79.94,100.09,87.49
0,(c) Deferred tax liabilities (net),459.30,408.69,496.04,460.82
0,(cl) Other non-current liabilities,109.81,106.57,117.75,115.86
(2),Current liabilities (a) Financial Liabilities (i) Borrowings,2422.49,2.000.28,2725.53,2197.99
0,(ii) Trade payables,378.88,291.06,566.28,411.41
0,(iii) Other financial liabilities,389.98,568.17,481.92,1006.30
0,(b) Other current liabilities,161.75,128.09,36.3.26,155.22
0,(c) Provisions,10.48,7.81,14.76,11.61
0,(d) Current tax liabilities,20.12,-,29.40,1.04
0,(e) Liabilities associated with Assets held for sale,-,-,30.19,40.49
0,Total equity and liabilities,11782.82,10936.54,13523.94,13125.76
