0,1,2,3,4,5
0,0,Standalone,Standalone,Consolidated,Consolidated
0,0,As at Mar,As at Mar,As at Mar,As at Mar
0,Particulars,312018,312017,312018,312018
(II),Current assets (a) Inventories (b) Financial Assets,17531.44,15995.57,21373.14,20016.86
0,(i) Investments,38376.60,22496.16,38376.60,22496.16
0,(ii| Trade receivables,30054.05,26509.52,30072.96,26596.62
0,(iii) Cash and cash equivalents,1495.33,719.71,2992.32,1338.65
0,(iv) Loans,20.60,44.32,87.91,92.61
0,(v) Others,73.83,73.91,79.27,7898
0,(c) Current Tax Assets (Net),806.28,0,829.46,0
0,(c) Other current assets,10131.15,8461.97,10888.12,8869.14
0,TOTAL current assets,98539.28,74301.16,104699*78,79489.02
0,Total Assets,176665.60,168437.27,176488.99,167403.86
0,EQtirTY AND LIABILITIES,0,0,0,0
0,Equity {a) Equity Share capital,1671.40,1696.40,1671.40,1696.40
0,(b) Other Equity,143667.41,13708973,142484.40,134670.50
0,(c) non controlling interest,0,0,277.18,218.05
0,Total Equity,148338.81,138786.13,144432.98,136.S84.9S
0,LIASIUTIES,0,0,0,0
(1),Nen-current liabilities,0,0,0,0
0,(a) Provisions,967.36,888.01,96736,1256.20
0,(b) (Deferred tax liabilities (Net),4970.15,2895.35,3238.58,1046.39
0,(c) Other non-current liabilities,360.01,395.48,360.01,395.48
0,TOTAL non current Liabilities,6297.52,4178.84,4fS65.95,2698.07
(II),Current liabilities (a) Financial Liabilities,0,0,0,0
0,(i) Sorrowings,2847.62,4886.03,2929.28,4886.03
0,(ii) Trade payables,10022.10,7903.47,11039.50,9897.71
0,(III) Other financial liabilities,10119.56,10977.95,10*793.35,11376.26
0,(b) Other current liabilities,1148.76,830.07,1160.14,838.44
0,(c) Provisions,891.23,787.39,1552.50,1035.01
0,(0) Current Tax Liabilities (Net),0,87.39,15.29,87.39
0,TOTAL Current Liabilities,25.D29.27,25472.30,27490.1)6,28120.84
0,Total Equity and Liabilities,17666St6D,168437.27,176488.99,167403.86
