0,1,2,3,4,5
CONSOLIDATED,CONSOLIDATED,0,0,COMPANY,COMPANY
Rupees In Million,Rupees In Million,0,0,Rupees in Million,Rupees in Million
As at current,As at previous,0,Particulars,As at currant,As at previous
year end,year end,0,0,year end,year end
31/03/2018,31/03/2017,0,0,31/03/2018,31/03/2017
0,0,A,ASSETS,0,0
0,0,I,Non-current assets,0,0
38157,32904,a,Property plant and equipment,25454,22050
15272,15433,b,Capital work-in-progress,6592,6784
13853,11494,c,Goodwill,18,18
12816,13153,d,Other intangible assets,1330,1452
3605,3214,e,Investments in joint ventures,0,0
0,0,f,Financial assets,0,0
1104,643,0,Investments,36181,39237
0,0,ii,Loans,13013,14271
1529,2631,iii,Other Financial Assets,1212,2242
9246,8955,g,Deferred Tax Assets [Net],0,0
2034,2845,h,Other non-current assets,1722,2492
740,712,j,Assets for Current tax [Net],541,534
98356,91984,0,Sub-total • Non-current assets,86063,89080
0,0,2,Current assets,0,0
23853,18037,a,Inventories,13207,9329
0,0,b,Financial assets,0,0
2748,491,0,Investments,0,0
32063,22775,ii,Trade receivables,12551,9290
5367,10746,iii,Cash and cash equivalents,1786,168
7782,4689,iv,Bank balance other than cash and cash equivalents,52,0
0,0,V,Loans,178,371
3448,123,vi,Other current financial assets,3317,1
6744,3362,c,Other current assets,4423,2235
82005,60223,0,Sub-total - Current assets,35514,21394
292,0,0,Assets classified as held for sale,60,0
180653,152207,0,TOTAL - ASSETS,121637,110474
0,0,B,EQUITY AND LIABILITIES,0,0
0,0,1,Equity,0,0
1024,1024,a,Equity share capital,1024,1024
86421,68576,b,Other equity,76431,65159
87445,69600,c,Equity attributable to equity holders of the Company,77455,66183
1910,1561,d,Non-Controlling Interest,0,0
89355,71161,0,Sub-total - Equity,77455,66183
0,0,2,Non-current liabilities,0,0
0,0,a,Financial liabilities,0,0
25551,24684,i,Borrowings,13511,12394
524,628,ii,Other financial liabilities,87,82
1559,1512,b,Provisions,741,621
2821,1164,c,Deferred tax liabilities [Net],1936,1055
13,0,d,Other Non-Current Liabilities,0,0
30468,27988,0,0,16275,14152
0,0,3,Current liabilities,0,0
0,0,a,Financial liabillta,0,0
25575,24769,i,Borrowings,13009,15456
18884,15479,ii,Trade payables,9921,9961
13352,10602,iii,Other financial liabilities,4110,4009
1387,1519,b,Other current liabilities,347,415
1002,573,c,Provisions,283,273
520,116,d,Current tax liabilities [Net],237,25
60720,53058,0,Sub-total - Current liabilities,27907,30139
110,0,0,Liabilities directly associated with assets classified as held for sale,0,0
180653,152207,0,TOTAL - EQUITY AND LIABIUTES,121637,110474
