0,1,2,3,4,5
0,0,Standalone,Standalone,Consslidated,Consslidated
0,0,As at Mar,As at Mar,As at Mar,As at Mar
0,Particulars,312018,312017,312018,312018
0,ASSETS,0,0,0,0
ID,Non-current assets,0,0,0,'
0,(a) Property Plant and Equipment,55993.76,59366.61,56371.11,59727.03
0,(b) Capital work-ln-prsgress,17-40.23,376.25,1740.23,376.25
0,(c) Goodwill,0,*,5314.00,5314.00
0,(d) Other intangible assets,997.01,1502.41,2265.23,2903.40
0,(e) Financial Assets,0,0,-,0
0,(i) Investments,18292.47,31880.88,4995.79,18584.20
0,(ill Trade receivables,-,*,-,0
0,(ii) Loans,332.67,328.94,332.67,328.94
0,(iv) Others,349.10,350.26,344.10,350.26
0,Ifi Other non-current assets,426.06,330.76,426.08,33076
0,TOTAL non current assets,78126.32,94.136.11,71789.21,87914.84
