0,1,2,3
Sr No.,Particulars,As at 31st March 2018 (Audited),As at 31st March 2017 (Audited)
1 1,ASSETS Non-Current Assets (a) PropertyPlant and equipment,66462.46,66762.81
0,(b) Capital Work In Progress,988.54,336.27
0,(c) Other Intangible assets,512.73,68670
0,(d) Intangible Assets under Development,295.94,295.94
0,(e) Financial Assets (i) Investments,7440.41,5481.99
0,(ii) Loans,565.63,553.45
0,(iii) Other Financial assets,33.54,14.97
0,(f) Income Tax Assets (Net),1204.06,1062.23
0,(g) Other Non-Current assets,429.44,451.22
0,Total Non-Current Assets,77932.75,75645.58
2,Current Assets (a) Inventories,15965.41,13622.29
0,(b) Financial Assets (i) Investments,39715.75,43652.70
0,(ii) Trade Receivables,7670.86,7746.03
0,(iii) Cash and cash equivalents,1994.23,2165.72
0,(iv) Bank balances other than Cash and cash equivalents,117.58,136.56
0,(v) Loans,374.21,355.37
0,(vi) Other Financial assets,540.36,417.73
0,(c ) Other Current Assets,4332.04,2204.96
0,Total Current Assets,70710.44,70301.36
0,Total Assets,148643.19,145946.94
II,EQUITY and LIABILITIES EQUITY (a) Equity Share capital,1751.89,1786.19
0,(b) Other Equity,124487.84,124585.88
0,Total Equity,126239.73,126372.07
1,LIABILITIES Non-Current Liabilities (a) Financial Liabilities (i) Borrowings,60.45,69.48
0,(ii) Other Financial Liabilities (b) Provisions,152.10 36.00,36.00
0,(c) Deferred tax Liabilities (Net),1516.23,1736.97
0,Total Non-Current Liabilities,1764.78,1842.45
2,Current Liabilities (a) Financial Liabilities (i) Trade Payables,9695.08,7465.88
0,(ii) Other Financial Liabilities,6173.63,5625.19
0,(b) Other Current liabilities,394.30,685.28
0,(c) Provisions,2756.94,2484.60
0,(d) Current Tax Liabilities (Net),1618.73,1471.47
0,Total Current liabilities,20638.68,17732.42
0,Total Equity and Liabilities,148643.19,145946.94
