0,1,2,3,4
Particulars,Standalone,Standalone,Consolidated,Consolidated
Particulars,As at March 31 2018,As at March 31 2017,As at March 31 2018,As at March 31 2017
Particulars,(Audited),(Audited),(Audited),(Audited)
ASSETS,0,0,0,0
Non-current assets,0,0,0,0
Property plant and equipment,128275,122400,128435,122543
Capital work-in-progress (including investment property in progress),3795,46313,3868,46325
Investment properties,73110,26789,73110,26789
Intangible assets,540,822,547,837
Investments in subsidiary joint ventures and associate,3735,3735,19716,19209
Financial assets,0,0,0,0
Investments,533,681,533,681
Loans,-,12866,_,12866
Other financial assets,446,1175,484,1221
Income tax assets (net),8918,8005,8955,7975
Other non-current assets,12821,14172,12821,14172
0,232173,236958,248469,252618
Current assets,0,0,0,0
Inventories,53748,56206,54438,56979
Financial assets,0,0,0,0
Investments,50601,66324,50601,66324
Loans,12866,_,12866,0
Trade receivables,132625,95565,133818,96367
Cash and cash equivalents,15231,12376,15232,12395
Other bank balances,31857,535,31857,535
Other current financial assets,7001,4848,7064,4898
Other current assets,16609,26727,16721,26769
Assets classified as held for sale,412,4549,412,4549
0,320950,267130,323009,268816
TOTAL,553123,5.04088,571478,5.21.434
EQUITY AND LIABILITIES,0,0,0,0
Equity,0,0,0,0
Equity share capital,5544,5544,5544,5544
Other equity,0,0,0,0
Retained earnings,278201,253940,291454,266833
Other reserves,114862,114733,114862,114733
0,398607,374.217,411860,387110
Non-current liabilities,0,0,0,0
Other financial liabilities,2842,3032,2842,3033
Provisions,4288,5571,4440,5710
Deferred tax liabilities (net),2988,239,6525,3719
Other non-current liabilities,213,270,213,270
0,10331,9112,14020,12732
Current liabilities,0,0,0,0
Financial liabilities,0,0,0,0
Borrowings,25154,25078,25684,25214
Trade Payables,75802,60818,75953,60867
Other current financial liabilities,22392,13877,22555,13981
Other current liabilities,5604,6796,6161,7304
Provisions,15233,14190,15245,14226
0,144185,120759,145598,121592
TOTAL,553123,504088,571478,521434
