0,1,2,3
Sr. No.,Particulars,As at 31st March 2018 (Audited),As at 31st March 2017 (Audited)
0,ASSETS,0,0
_OL,Non-current assets,0,0
0,(a) Property plant & equipment,186456,185795
0,fb) Capital work-in-progress,34365,13922
0,(c) Investment property,1053,1075
0,(d) Other intangible assets,3380,4159
0,(e) Financial assets,0,0
0,(i) Investments,0,0
0,a} Investments in subsidiaries,36025,32896
0,b) investments in joint ventures,108,108
0,c) Other investments,38697,29930
0,(ii) Loans,16915,16908
0,(iii) Other non-current financial assets,657,683
0,(f) Income tax assets (net),11893,9082
0,(g) Other non-current assets,17275,8345
0,Sub-total,346824,302903
_[2]_,Current assets,0,0
0,(a) Inventories,34616,31590
0,(b} Financial assets,0,0
0,(i) Other investments,6753,5702
0,(ii) Trade receivables,55513,37076
0,(iii) Cash & cash equivalents,1997,1126
0,(iv) Bank balances other than (iii) above,177,174
0,(v) Loans,27557,22296
0,(vi) Other current financial assets,439,295
0,(c) Other current assets,11286,6874
0,Sub-total,138338,105133
0,Total assets,485162,408036
