0,1,2,3,4,5
0,0,Standalone,Standalone,Consolidated,Consolidated
0,0,As at Mar,As at Mar,As at Mar,As at Mar
0,Particulars,312018,312017,312018,312016
0,ASSETS,0,0,0,0
(i),Non-current assets,0,0,0,0
0,(a) Praperty Plant and Equipment,53993.76,59366.61,56371.11,59727.03
0,(b) Capital work-in-progress,1740.23,376.25,1740.23,376.25
0,(C) Goodwill,0,0,5314.00,5314.00
0,(d) Other Intangible assets,997.01,1502.41,2265.23,2903.40
0,(e) Financial Assets,0,0,-,-
0,(i) Investments,18292.47,31880.88,4995.79,16584.20
0,f (if) Trade receivables,-,•,-,-
0,(ii) Loans,332.67,328.94,332.67,328.94
0,(iv) others,344.10,350.26,344.10,350.26
0,(f) Other nen-current assets,426.08,330.76,426.08,330.76
0,TOTAL cjon.current assets,78126.32,94136.11,71789.21,B7914.84
