0,1,2
Particulars,As at,As at
Particulars,31.03.2018,31.03.2017
0,Audited,Audited
ASSETS,0,0
Nnn-currcnt assets,0,0
(i) Property Plant and Equipment,183043,86953
(ii) Capital work-in-progress,3221,11294
(iii) Investment Property,888,807
(iv) Goodwill,35104,34142
(v) Other Intangible assets,4505,5244
(iv) Financial Assets,0,0
(a) Investments,671,19
(b) Loans,141,100
(c) Others,2066,3628
(v) Deferred tax assets (net),3141,3744
(vi) Non Current Tax Assets (Net),888,793
(vii) Other non-curTent assets,11988,20108
Sub-total,245656,166832
Current assets,0,0
(i) Inventories,99027,75388
(ii) Financial Assets,0,0
(a) Trade receivables,9910,6828
(b) Current investments,11893,-
(c) Cash and cash equivalents,10990,5938
(d) Bank balances other than (c) above,2482,12421
(e) Loans,126,200
(f) Other Financial Assets,16791,8494
(iii) Other current assets,20864,9659
(iv) Assets Classified as Held for Sale,4156,3578
Subtotal,176239,122.506
TOTAL ASSETS,421895,289338
EQUITY AND LIABILITIES,0,0
EQUITY,0,0
Equity Share capital,4923,4923
Other Equity,117830,101.803
Total Equity,122753,106726
LIABILITIES,0,0
Non-current liabilities,0,0
(i) Financial Liabilities,0,0
(a) Borrowings,121652,73978
(ii) Provisions,1466,1451
(iii) Deferred Tax Liabilities (Net),793,95
(iv) Other non-current liabilities,22723,5524
Sub-total,146634,81048
Current liabilities,0,0
(i) Financial Liabilities,0,0
(a) Borrowings,94302,60880
(b) Trade payables,35114,26146
(c) Other financial liabilities,14497,8870
(ii) Other current liabilities,5218,4481
(iii) Provisions,352,170
(iv) Current Tax Liabilities (Net),3025,1017
Sub-total,152.508,101564
TOTAL EQUITY AND LIABILITIES,421895,289338
