0,1,2
0,As at,As at
Particulars,March 31,March 31
0,2018,2017
0,Audited,Audited
ASSETS,0,0
Non-currcnt assets,0,0
(i) Property plant and equipment,171407,78782
(ii) Capital work-in-progress,2804,9902
(iii) Other Intangible assets,1723,1649
(iv) Financial Assets,0,0
(a) Investments,30565,22978
(b) Loans,23783,24262
(c) Others,1438,990
(v) Deferred tax assets (net),-,179
(vi) Non Current tax assets (Net),837,630
(vii) Other non-current assets,5029,14745
Sub-total,237586,154117
Current assets,0,0
(i) Inventories,29199,25923
(ii) Financial Assets,0,0
(a) Trade receivables,40786,34063
(b) Current investments,11893,-
(e) Cash and cash equivalents,7435,3118
(d) Bank balances other than (c) above,2485,12421
(e) Loans,108,100
(f) Other Financial Assets,20082,17206
(iii) Other current assets,16887,4615
Sub-total,128875,97446
TOTAL ASSETS,366461,251563
EQUITY AND LIABILITIES,0,0
EQUITY,0,0
Equity Share capital,4923,4923
Other Equity,116.770,101749
Total Equity,121693,106672
LIABILITIES,0,0
Non-current liabilities,0,0
(i) Financial Liabilities,0,0
(a) Borrowings,115573,68093
(ii) Provisions,1358,1370
(iii)Deferred Tax Liabilities (Net),793,-
(iv) Other non-current liabilities,22725,5524
Sub-total,140449,74987
Current liabilities,0,0
(i) Financial Liabilities,0,0
(a) Borrowings,64172,43072
(b) Trade payables,19861,13885
(c) Other financial liabilities,13976,9334
(ii) Other current liabilities,2970,2443
(iii) Provisions,339,153
(iv) Current Tax Liabilities (Net),3001,1.017
Sub-total,104319,69904
TOTAL EQUITY AND LIABILITIES,366461,251563
