0,1,2,3
0,0,STANDALONE,STANDALONE
0,Particulars,As At,As At
0,0,31.03.2018,31.03.2017
0,0,Audited,Audited
A,ASSETS,0,0
1,Non-current assets Property plant and equipment,198933,155570
0,Capital work-in-progress,11976,44357
0,Intangible assets Financial assets,655,325
0,a) Investments,737,837
0,b) Loans,-,1856
0,c) Other financial assets,3885,3843
2,Other non-current assets,9201,10305
0,Sub-total: Non-current assets,225387,217093
0,Current assets,0,0
0,Inventories Financial assets,128139,125576
0,a) Investments,188929,163072
0,b) Trade receivables,111211,100289
0,c) Cash and cash equivalents,417,855
0,d) Bank balances other titan c) above,8731,5792
0,e) Loans,1486,553
0,f) Other financial assets,1372,1493
0,Other current assets,15106,6285
0,Sub-total: Current assets,455391,403915
0,TOTAL ASSETS,680778,621008
B,EQUITY AND LIABILITIES,0,0
I,Equity: Share Capital,5309,5309
0,Other Equity,590656,535582
0,a) Reserves and Surplus,0,0
0,Sub-total: Shareholders’ funds,595965,540891
2,Liabilities: Non-current liabilities Financial liabilities a) Borrowings,0,0
0,Provisions,1495,1530
0,Deferred tax liabilities (net),19269,13003
0,Sub-total: Non-current liabilities,20764,14533
0,Current Liabilities Financial liabilities,0,0
3,a) Borrowings,6311,3574
0,b) Trade payables,40565,44230
0,c) Other financial liabilities,12908,13722
0,Other current liabilities,4171,3930
0,Provisions,94,128
0,Current tax liabilities (net),—,—
0,Sub-total: Current liabilities,64049,65584
0,Total Liabilities,84813,80117
0,TOTAL EQUITY AND LIABILITIES,680778,621008
