0,1,2,3
0,0,CONSOLIDATED,CONSOLIDATED
0,Particulars,As At,As At
0,0,31.03.2018,31.03.2017
0,0,Audited,Audited
A,ASSETS,0,0
1,Non-current assets Property plant and equipment,198964,155593
0,Capita! work-in-progress,11976,44357
0,Intangible assets,655,326
0,Financial assets a) Investments,1,I
0,b) Other financial assets,3903,3862
0,Deferred tax asset,103,356
0,Other non-current assets,9201,10307
0,Sub-total: Non-current assets,224803,214802
2,Current assets,0,0
0,Inventories Financial assets,135067,131991
0,a) Investments,188928,163072
0,b) Trade receivables,101436,90092
0,c) Cash and cash equivalents,2515,2079
0,d) Bank balances other than c) above,8731,5791
0,e) Loans,17,27
0,f) Other financial assets,1373,1492
0,Other current assets,15445,6507
0,Sub-total: Current assets,453512,401051
0,TOTAL ASSETS,678315,615853
B,EQUITY AND LIABILITIES,0,0
1,Equity: Share Capital,5309,5309
0,Other Equity,587171,530430
0,Sub-total: Shareholders’ funds,592480,535739
2,Liabilities:,0,0
0,Non-current liabilities Financial liabilities a) Borrowings,0,0
0,Provisions,1495,1530
0,Deferred tax liabilities (net),19268,12639
0,Sub-total: Non-current liabilities,20763,14169
3,Current Liabilities,0,0
0,Financial liabilities a) Borrowings,6311,3574
0,b) Trade payables,41121,44580
0,c) Other financial liabilities,12908,13722
0,Other current liabilities,4638,3941
0,Provisions,94,128
0,Current tax liabilities (net),—,—
0,Sub-total: Current liabilities,65072,65945
0,Total Liabilities,85835,80114
0,TOTAL EQUITY AND INABILITIES,678315,615853
0,TOTAL EQUITY AND INABILITIES,0,0
