0,1,2
Particulars,March 31 2018,March 31 2017
Particulars,(Audited),(Audited)
ASSETS,0,0
Non-current assets,0,0
Property plant and equipment,2986.64,3l69.30
Capital work-in-progress,11.23,35-60
Investment properties,166.91,43-27
Goodwill,1250.58,1171.62
Other intangible assets,53-27,24.78
Intangible assets under development,9-35,-
Investments accounted for using the equity method,59.16,50.90
Financial Assets,0,0
(i) Investments,91.38,101.86
(ii) Loans,56.98,41.40
(iii) Other financial assets,53-17,39.28
Deferred tax assets (Net),61.05,85.62
Current tax assets (Net),24.64,26.79
Other non-current assets,59-37,17.73
Total non-currcnt assets,4883.73,4808.15
Current Assets,0,0
Inventories,2.73677,2260.47
Financial assets,0,0
(i) Trade receivables,3434-28,242310
(ii) Cash and cash equivalents,653.74,819.48
(iii) Bank balances other than (ii) above,435->9,239.63
(iv) Loans,58.76,51.42
(v) Other financial assets,34-55,25.69
Other current assets,406.94,534-67
Total current assets-,7760.23,6354-46
Total Assets,12643.96,11162.61
EQUITY AND LIABILITIES,0,0
EQUITY,0,0
Equity share capital,15845,158.45
Other equity,6731.03,5910.54
Total Equity,6889.48,6068.99
LIABILITIES,0,0
Non-current liabilities,0,0
Financial liabilities,0,0
(i) l ong term borrowings,602.84,96576
(i) Other financial liabilities,3.60,•
Provisions,62.52,35-91
Deferred tax liabilities (Net),68.56,102.01
Government grants,44.90,59-36
Total non-currcnt liabilities,782.42,1163.04
Current liabilities,0,0
Financial liabilities,0,0
(1) Borrowings,1625.05,1.144-87
(ii) Trade payables,2133-93,1712.98
(iii) Other financial liabilities,845.64,70501
Provisions,178.59,152.58
Current tax liabilities (Net),22.90,»
Other current liabilities,155.85,204.91
Government grants,10.10,10.23
Total current liabilities,4972.06,3930.58
Total liabilities,5734-48,5093.62
Tolul equity and liabilities,12643.96,11162.61
