0,1,2,3
SI. No.,PARTICULARS,As at 31.03.2018,As at 31.03.2017
0,0,(Audited),(Audited)
0,ASSETS,0,0
1,Non-current assets,0,0
0,Property plant and equipment,339297,321162
0,Capital work-in-progress,110023,87831
0,Intangible assets under development Financial assets,4375,2867
0,Investments,196748,168193
0,Loans,1326,4636
0,Other financial assets,9641,8075
0,Non current tax assets (net),8260,5795
0,Deferred tax assets (net),0,8
0,Other non-current assets,11594,13390
0,Non-Current assets,681264,611957
2,Current assets Inventories Financial assets,340923,243362
0,Investments,2,2
0,Trade receivables,447744,377363
0,Cash and cash equivalents,24590,3363
0,Loans,976,1025
0,Other financial assets,309,1658
0,Other current assets,83992,63561
0,Current assets,898536,690334
0,TOTAL - ASSETS,1579800,1302291
0,EQUITY AND LIABILITIES,0,0
1,Equity Equity share capital,5859,5859
0,Other equity,992399,837759
0,Equity,998258,843618
0,Liabilities,0,0
2,Non-current liabilities Financial liabilities,0,0
0,Borrowings,0,11890
0,Provisions,3360,2086
0,Deferred tax liabiliy (net),2348,-
0,Non-current liabilities,5708,13976
S,Current liabilities Financial liabilities,0,0
0,Borrowings,365383,275127
0,Trade payables,163340,121760
0,Other financial liabilities,25265,33646
0,Other current liabilities,14392,8014
0,Provisions,7454,6150
0,Current liabilities,575834,444697
0,TOTAL EQUITY AND LIABILITIES,1579800,1302291
