0,1,2
Particulars,As at 31-March-2018,As at 31-March-2017
0,Audited,Audited
1 ASSETS,0,0
NON CURRENT ASSETS,0,0
(a) PropertyPlant and Equipment,4080.0,4136.7
(b) Capital Work-in-Progress,52.0,81.5
(c) Intangible Assets,9.9,12.0
(d) Investment Accounted for using the equity method,5127.2,4709.1
(e) Financial Assets,0,0
i) Other Investments,3089.3,2179.0
ii) Loans,37.5,42.0
iii) Others,6.6,257.6
(f) Non-Current Tax Assets,122.4,130.4
(g) Other Non-Current Assets,214.9,293.2
Total Non-Current Assets,12739.8,11841.5
CURRENT ASSETS,0,0
(a) Inventories,4990.6,4620.1
(b) Financial Assets,0,0
i) Investments,7009.8,4705.0
ii) Trade Receivables,1749.2,1243.9
iii) Cash and Cash Equivalent,768.7,324.0
iv) Other bank balances,267.4,1434.4
v) Others,23.4,68.4
(c) Other Current Assets,289.7,158.6
Total Current Assets,15098.8,12554.4
TOTAL ASSETS,27838.6,24395.9
II EQUITY AND LIABILITIES,0,0
EQUITY,0,0
(a) Equity Share Capital,305.9,305.9
(b) Other Equity,23983.7,21102.9
Total Equity,. 24289.6,21408.8
LIABILITIES,0,0
NON CURRENT LIABILITIES,0,0
(a) Financial Liabilities,0,0
i) Borrowings,5.5,8.3
(b) Provisions,69.7,60.1
(c) Deferred Tax Liabilities ( Net),1076.8,182.7
(d) Other Non-current Liabilities,-,1.9
Total Non Current Liabilities,1152.0,253.0
CURRENT LIABILITIES,0,0
(a) Financial Liabilities,0,0
(i) Trade Payables,1774.5,1882.9
(ii) Other Financial Liabilities,30.3,31.1
(b) Other Current Liabilities,207.5,343.7
(c) Provisions,304.7,360.0
(d) Current tax Liability,80.0,116.4
Total Current Liabilities,2397.0,2734.1
Total Liabilities,3549.0,2987.1
TOTAL EQUITY AND LIABILITIES,27838.6,24395.9
