0,1,2
Particulars,March 31 2018,March 31 2017
Particulars,(Audited),(Audited)
ASSETS,0,0
Non-current assets,0,0
Property plant and equipment,2162.11,2368.35
Capital work-in-progress,5-95,2.58
Investment properties,56.53,57.24
Other intangible assets,45-57,19.21
Intangible assets under development,9.35,-
Financial assets,0,0
(0 Investments,1559-23,1376.33
(ii) Loans,5476,40.52
(iii) Other financial assets,44-00,32.13
Current tax assets (Net),13.61,15-50
Other non-current assets,59-37,17.12
Total non-currcnt assets,4010.48,3928.98
Current Assets,0,0
Inventories,1185.52,1.00373
Financial assets,0,0
(1) Trade receivables,2534.24,1592.60
(ii) Cash and cash equivalents,246.25,42487
(iii) Bank balances other than (ii) above,365.18,112.13
(iv) Loans,151.24,144.04
(v) Other financial assets,44-94,27.67
Other current assets,339.86,430.04
Total current assets,4867.23,3735-08
Total Assets,8877-71,7664.06
EQUITY AND LIABILITIES,0,0
EQUITY,0,0
Equity share capital,158.45,158.45
Other equity,5841.18,5249.88
Total Equity,5999.63,5408.33
LIABILITIES,0,0
Non-currcnt liabilities,0,0
Financial liabilities,0,0
(i) Other financial liabilities,3-60,-
Provisions,33-87,35-91
Deferred tax liabilities (Net),54.48,91.44
Government grants,31.52,38.74
Total non-currcnt liabilities,123.47,166.09
Current liabilities,0,0
Financial liabilities,0,0
(i) Borrowings,853.11,484.91
(ii) Trade payables,1407.34,1135-89
(iii) Other financial liabilities,270.52,214.34
Provisions,106.43,11370
Other current liabilities,108.95,132.54
Government Grants,8.26,8.26
Total current liabilities,2754-61,2089.64
Total liabilities,2878.08,2255 73
Total equity and liabilities,8877.71,7664.06
