0,1,2,3
SI.,PARTICULARS,As at,As at
No.,PARTICULARS,31.03.2018,31.03.2017
0,0,(Audited),(Audited)
0,ASSETS,0,0
1,Non-current assets,0,0
0,Property plant and equipment,473656,408305
0,Capital work-in-progress,139954,123736
0,Goodwill,81654,40630
0,Other intangible assets,96757,34443
0,Intangible assets under development Financial assets,18350,22072
0,Investments,31151,24585
0,Loans,544,570
0,Other financial assets,8746,7517
0,Non current tax assets (net),8259,5798
0,Deferred tax assets (net),15880,16776
0,Other non-current assets,16783,19892
0,Non-Current assets,891734,704324
2,Current assets Inventories Financial assets,585842,433054
0,Investments,2,2
0,Trade receivables,308436,276533
0,Cash and cash equivalents,121590,48944
0,Bank balances other than above,4572,2404
0,Loans,1019,1089
0,Other financial assets,79420,75765
0,Current tax assets (net),6455,1751
0,Other current assets,111449,81076
0,Current assets,1218785,920618
0,TOTAL ASSETS,2110519,1624942
0,EQUITY AND LIABILITIES,0,0
1,Equity Equity share capital,5859,5859
0,Other equity,1162183,931332
0,Non-controlling interest,182,208
0,Equity,1168224,937399
0,Liabilities,0,0
2,Non-current liabilities Financial liabilities,0,0
0,Borrowings,45120,18140
0,Provisions,5586,3913
0,Deferred tax liability (net),23528,4930
0,Non-current liabilities,74234,26983
3,Current liabilities Financial liabilities,0,0
0,Borrowings,403134,290272
0,Trade payables,262743,215470
0,Other financial liabilities,51000,46938
0,Other current liabilities,126780,81743
0,Provisions,20093,23491
0,Current tax liabilities,4311,2646
0,Current liabilities,668061,660560
0,TOTAL EQUITY AND LIABILITIES,2110519,1624942
