0,1,2,3,4,5
Notes,0,0,0,0,0
(i),The Standalone audited financial results for the quarter & year ended March 312018 and Consolidated financial results for the year ended March 31 2018 are as per the notified Indian Accounting Standards under the Companies (Indian Accounting Standards) Rules 2015. The above results Including Report on Operating Segment have been reviewed by the Audit Committee and subsequently approved by the Board of Directors at its,The Standalone audited financial results for the quarter & year ended March 312018 and Consolidated financial results for the year ended March 31 2018 are as per the notified Indian Accounting Standards under the Companies (Indian Accounting Standards) Rules 2015. The above results Including Report on Operating Segment have been reviewed by the Audit Committee and subsequently approved by the Board of Directors at its,The Standalone audited financial results for the quarter & year ended March 312018 and Consolidated financial results for the year ended March 31 2018 are as per the notified Indian Accounting Standards under the Companies (Indian Accounting Standards) Rules 2015. The above results Including Report on Operating Segment have been reviewed by the Audit Committee and subsequently approved by the Board of Directors at its,The Standalone audited financial results for the quarter & year ended March 312018 and Consolidated financial results for the year ended March 31 2018 are as per the notified Indian Accounting Standards under the Companies (Indian Accounting Standards) Rules 2015. The above results Including Report on Operating Segment have been reviewed by the Audit Committee and subsequently approved by the Board of Directors at its,The Standalone audited financial results for the quarter & year ended March 312018 and Consolidated financial results for the year ended March 31 2018 are as per the notified Indian Accounting Standards under the Companies (Indian Accounting Standards) Rules 2015. The above results Including Report on Operating Segment have been reviewed by the Audit Committee and subsequently approved by the Board of Directors at its
0,meeting held on 29th May 2018.,0,0,0,0
(ii),"Post implementation of Goods and Services Tax (“GST"") with effect from 1 July 2017 total Income from operations is disclosed net of GST. Total income from operations for the earlier periods included excise duty which is now subsumed In the GST. Total income from operations for the year ended 31 March 2018 includes excise duty upto 30 June 2017. Accordingly total Income from operations for the quarter and year ended 31 March","Post implementation of Goods and Services Tax (“GST"") with effect from 1 July 2017 total Income from operations is disclosed net of GST. Total income from operations for the earlier periods included excise duty which is now subsumed In the GST. Total income from operations for the year ended 31 March 2018 includes excise duty upto 30 June 2017. Accordingly total Income from operations for the quarter and year ended 31 March","Post implementation of Goods and Services Tax (“GST"") with effect from 1 July 2017 total Income from operations is disclosed net of GST. Total income from operations for the earlier periods included excise duty which is now subsumed In the GST. Total income from operations for the year ended 31 March 2018 includes excise duty upto 30 June 2017. Accordingly total Income from operations for the quarter and year ended 31 March","Post implementation of Goods and Services Tax (“GST"") with effect from 1 July 2017 total Income from operations is disclosed net of GST. Total income from operations for the earlier periods included excise duty which is now subsumed In the GST. Total income from operations for the year ended 31 March 2018 includes excise duty upto 30 June 2017. Accordingly total Income from operations for the quarter and year ended 31 March","Post implementation of Goods and Services Tax (“GST"") with effect from 1 July 2017 total Income from operations is disclosed net of GST. Total income from operations for the earlier periods included excise duty which is now subsumed In the GST. Total income from operations for the year ended 31 March 2018 includes excise duty upto 30 June 2017. Accordingly total Income from operations for the quarter and year ended 31 March"
0,2018 are not comparable with those of the previous periods presented.,0,0,0,0
(III),Figures of the last quarter are the balancing figure between the audited figures for the full financial year and the published year to date figures upto,Figures of the last quarter are the balancing figure between the audited figures for the full financial year and the published year to date figures upto,Figures of the last quarter are the balancing figure between the audited figures for the full financial year and the published year to date figures upto,Figures of the last quarter are the balancing figure between the audited figures for the full financial year and the published year to date figures upto,Figures of the last quarter are the balancing figure between the audited figures for the full financial year and the published year to date figures upto
0,the third quarter of the financial year.,0,0,0,0
(iv),Previous period / year's figures have been re-grouped / re-arranged wherever necessary.,Previous period / year's figures have been re-grouped / re-arranged wherever necessary.,0,0,0
(v),The statement of Assets and Liabilities as required under Regulation 33 of SEBi (Listing Obligations and Disclosure Requirements) Regulation 2015,The statement of Assets and Liabilities as required under Regulation 33 of SEBi (Listing Obligations and Disclosure Requirements) Regulation 2015,The statement of Assets and Liabilities as required under Regulation 33 of SEBi (Listing Obligations and Disclosure Requirements) Regulation 2015,The statement of Assets and Liabilities as required under Regulation 33 of SEBi (Listing Obligations and Disclosure Requirements) Regulation 2015,The statement of Assets and Liabilities as required under Regulation 33 of SEBi (Listing Obligations and Disclosure Requirements) Regulation 2015
0,is as under:,0,0,0,0
(vi),The audited accounts are subject to review by the Comptroller and Auditor General of India under Section 143(6) of Ihe Companies Act 2013.,The audited accounts are subject to review by the Comptroller and Auditor General of India under Section 143(6) of Ihe Companies Act 2013.,The audited accounts are subject to review by the Comptroller and Auditor General of India under Section 143(6) of Ihe Companies Act 2013.,The audited accounts are subject to review by the Comptroller and Auditor General of India under Section 143(6) of Ihe Companies Act 2013.,The audited accounts are subject to review by the Comptroller and Auditor General of India under Section 143(6) of Ihe Companies Act 2013.
(vii),The Board of Directors has recommended a dividend @ Rs.10 per equity share as on 31.3.2018 for the financial year ended 31 March 2018,The Board of Directors has recommended a dividend @ Rs.10 per equity share as on 31.3.2018 for the financial year ended 31 March 2018,The Board of Directors has recommended a dividend @ Rs.10 per equity share as on 31.3.2018 for the financial year ended 31 March 2018,The Board of Directors has recommended a dividend @ Rs.10 per equity share as on 31.3.2018 for the financial year ended 31 March 2018,The Board of Directors has recommended a dividend @ Rs.10 per equity share as on 31.3.2018 for the financial year ended 31 March 2018
0,0,0,0,0,In Crores
0,0,Standalone,Standalone,Consolidated,Consolidated
0,0,Audited,Audited,Audited,Audited
0,0,Figures as at,Figures as at,Figures as at,Figures as at
0,0,the end of,the end of,the end of,tho end of
0,0,current,previous,current,previous
0,0,reporting,reporting,reporting,reporting
0,0,period,period,period,period
0,Particulars,31.03.2018,31.03.2017,31.03.2018,31.03.2017
0,ASSETS,0,0,0,0
1,Non-Current Assets,0,0,0,0
0,( a) Property Plant and Equipment,394.80,382.67,403.75,382.93
0,(b) Capital Work-In-Progress,13.24,23.31,138.07,62.66
0,( c) Investment Property,1.14,0.62,1.14,0.62
0,(d) Goodwill,-,689,-,6.89
0,( e) Other Intangible assets (f) Financial Assets,5.27,6.30,5.27,6.30
0,(i) Investments,138.41,87.38,292.60,271.34
0,(iii) Loans,4.28,4.85,4.28,4.85
0,(Hi) Others (to be specified),5.55,5.01,5.55,5.01
0,( g) Deferred Tax Assets (Net),-,8.02,-,-
0,(h) Other Non-Current assets,34.80,37.15,81.88,37.15
0,Sub - Total - Non - Current Assets,597.49,562.20,932.64,777.75
2,Current Assets,0,0,0,0
0,(a) Inventories (b) Financial Assets,136.63,151.70,136.63,151.70
0,(I) Trade Receivables,271.27,281.61,269.78,281.61
0,(ii) Cash and Cash Equivalents,50.59,31.06,75.92,52.25
0,(iii) Other Bank Balances,430.08,477.59,430.08,477.59
0,(iv) Loans,24.67,4.39,4.32,3.87
0,(v) Others,271.71,207.55,272.02,207.67
0,(c) Other Current Assets,69.41,77.42,74.44,77.49
0,Sub - Total - Current assets,1254.36,1231.32,1263.19,1252.17
0,TOTAL - ASSETS,1851.85,1793.52,2196.73,2029.92
0,EQUITY AND LIABILITIES,0,0,0,0
1,Equity,0,0,0,0
0,Attributable to Owners,0,0,0,0
0,( a) Equity Share Capital,114.00,114.00,114.00,114.00
0,( b) Other Equity Attributable to Non Controllfna Interest,1141.86,1051.99,1342.94,1247.36
0,( a) Equity Share Capital,-,-,54.03,-
0,( b) Other Equity,"""","""",(1.21),“
0,Sub-Total - Shareholders Fund,1255.86,1165.99,1509.76,136136
0,Liabilities,0,0,0,0
1.,Non - Current Liabilities,0,0,0,0
0,( a) Financial Liabilities,0,0,0,0
0,(1) Borrowings,11.16,-,11.16,-
0,(ii) Other Financial Liabilities,0.50,0.22,0.50,0.22
0,(b) Provisions,37.77,55.79,37.77,55.79
0,( c) Deferred Tax Liabilities (Net),8.19,-,63.15,32.02
0,(d) Other Non-Current Liabilities,0.07,0.04,0.07,0.04
0,Sub • Total - Non • Current Liabilities,57.69,56.05,112.65,88.07
2.,Current Liabilities,0,0,0,0
0,( a ) Financial Liabilities,0,0,0,0
0,(i) Borrowings,3.74,-,3.74,-
0,(Ii) Trade Payables,322.79,307.11,323.19,307.12
0,(iii) Other Financial Liabilities,119.46,130.66,156.02,141.48
0,( b) Other Current Liabilities,59.49,68.06,60.47,68.74
0,(c) Provisions,5.04,19.91,5.04,19.91
0,( d ) Current Tax Liabilities (Net),2778,45.74,24.86,43.24
0,Sub - Total - Other Current Liabilities,538.30,571.48,673.32,580.49
0,TOTAL - EQUITY AND LIABILITIES,1851.85,1793.52,2195.73,2029.92
