0,1,2,3,4,5,6
0,Pa rticulars,Standalone,Standalone,0,Consolidated,Consolidated
0,Pa rticulars,At the end of 31.03.2018,At the end of 31.03.2017,0,At the end of 31.03.2018,At the cod of 31.03.2017
1),ASSETS,0,0,0,0,0
1,Non Current Assets,0,0,0,0,0
a,Properly plant and equipment,2977.53,3491.12,0,2981.90,3496.43
b,Capital work-in-progress,194.53,159.51,0,194.53,159.51
' c,Intangible assets,91.31,104.76,0,91.31,104.76
d,Intangible assets under development,8.23,8.83,0,8 23,8.83
c,Investments accounted for using Equity method,0,0,0,409.05,753.20
f,Financial Assets,0,0,0,0,0
0,i) Investments,690 74,661.42,0,19.92,3.93
0,ii) Trade Receivable,12721.97,9787.73,0,12723.29,9789.14
0,iii) Loans,84.28,78.04,0,S4.28,78.04
0,iv ) Others financial assets,0.02,0.16,0,0.02,0.16
g,Deferred tax assets (net of liabilities),3625.88,384 1.37,0,3632.43,3846.19
h,Other non-current assets,206.27,203.30,0,206 27,203.30
0,Total Non Current Assets,20600.76,18336.24,0,20351.23,18443.49
2,Current Assets,0,0,0,0,0
a,Inventories,6258.76,7372.38,0,6263 15,7379.67
b,Financial Assets,0,0,0,0,0
0,i) Trade Receivable,22771.49,22075.56,0,22772.11,22077.58
0,ii) Cash & Cash Equivalents,2768.68,1484.89,0,2768.81,1485.92
0,iii ) Bank Balances other than (ii) above,8522.50,9006.90,0,8522.7S,9007.63
0,iv> Loans,147.12,138.88,0,144 39,135.78
0,v ) Others financial assets,150.61,216.98,0,153.26,219.02
c,Current Tax Assets (net of provisions),222.94,873.08,0,222 94,873.09
d,Other current assets,2346.29,1725.29,0,2346.01,1725.27
0,Total Current Assets,43188.39,42893.96,0,43193.45,42903.96
0,TOTAL -ASSETS,63789.15,61230.20,0,63544.68,61347.45
11),EQUITY AND LIABILITIES,0,0,0,0,0
I,Equity,0,0,0,0,0
a,Equity share capital,734.28,489.52,0,734.28,489.52
b,Ollier Equity,31866.80,31804.92,0,31600.71,31899.47
0,Non -Controlling interest,0,0,0,(4.05),(1.08)
0,Total Equity,32601.08,32294.44,0,32330.94,32387.91
0,LIABILITIES,0,0,0,0,0
2,Non -Current Liabilities,0,0,0,0,0
a,Financial Liabilities,0,0,0,0,0
0,i) Borrowings,57.18,89.55,0,57.18,89.55
0,ii) Trade Payables,479.06,631.12,0,481.75,633.10
0,iii) Other financial liabilities,1 14.41,104.71,0,114.41,104.71
b,Provisions,4923.1 1,5001.35,0,4984.89,5006.19
c,Other non-current liabilities,3364.08,2983.36,0,3364.06,2983.36
0,Total Non Current Liabilities,8937.84,8810.09,0,9002.29,8816.91
3,Current Liabilities,0,0,0,0,0
a,Financial Liabilities,0,0,0,0,0
0,(i) Borrowings,0,0,0,10.28,6.03
0,it) Trade Payable,10586.86,8709.16,0,10589.25,8715.88
0,iii) Ollier financial liabilities,2341.47,1531.45,0,2342.45,1532.39
b,Provisions,3782.77,4191.56,0,3729.30,4193.78
c,Other current liabilites,5539.13,5693.50,0,5540 17,5694.55
0,Total Current liabilities,22250.23,20125.67,0,22211.45,20142.63
0,TOTAL EQUITY ANT) LIABILITIES,63789.15,61230.20,___J,63544.68,61347.45
