0,1,2,3,4
Particulars,Note No,As at 31 March 2018,0,As at 31 March 2017
ASSETS,0,0,0,0
(1) Non-Current Assets,0,0,0,0
(a) Property Plant and Equipment,2,40375.07,0,3829308
(b) Capital work-in-progress,0,13806.59,0,6265.69
(c) Investment Property,3,113.54,0,61.88
(d) Goodwill,4,0.00,0,689.32
(e) Other Intangible assets,4,527.27,0,629.60
(f) Intangible assets under development,0,0,0,-
(g) Financial Assets,0,0,0,0
(i) Investments,5,29260.38,0,27134.19
(ii) Loans,6,428.29,0,485.28
{iii} Others,7,554.61,0,501.09
(h) Deferred tax Assets (net),8,0,0,-
(i) Other Non Current assets,9,8188.47,0,3715.16
Total Non Current Assets,0,93254.22,0,77775.29
(2} Current Assets,0,0,0,0
(a) Inventories,10,1366332,0,15169.64
(b) Financial Assets,0,0,0,0
(i) Trade Receivables,11,26978.33,0,28160.55
(ii) Cash & cash equivalents,12,7591.53,0,5224.74
(iii) Other Bank Balances,13,43007.56,0,47758.91
(iv) Loans,14,432.08,0,386.54
(v) Others,15,2720228,0,20767.01
(c) Other Current Assets,16,7443.56,0,7749.13
Total Current Assets,0,12631866,0,125216.52
Total Assets,0,219572.88,0,202991.81
EQUITY AND LIABILITIES,0,0,0,0
Attribuatble to owners,0,0,0,0
(a) Equity Share Capital,17,11400.25,0,11400.25
(b) Other Equity,18,134293.86,0,124735.89
Attribuatble to Non Controlling interest,0,0,0,0
(a) Equity Share Capital,0,5402.60,0,0
(b) Other Equity,0,(121.38),0,0
Total Equity,0,150975.33,0,136136.14
LIABILITIES,0,0,0,0
(1) Non-Current Liabilities,0,0,0,0
(a) Financial Liabilities,0,0,0,0
(i) Borrowings,0,1115.99,0,-
(ii) Trade Payables,19,0,0,-
(iii) Other Financial Liabilities,19,49.82,0,2185
(b) Provisions,20,3777.48,0,5579.30
(c) Deferred Tax Liabilities (net),8,6314.76,0,3202.21
(cf) Other Non Current liabilities,21,7.06,0,4.12
Total Non Current Liabilities,....,11265.11,0,880748
(2) Current Liabilities,0,0,0,0
(a) Financial Liabilities,0,0,0,0
(i) Borrowings,0,374.35,0,0
(ii) Trade Payables,22,32318.93,0,30711.73
(iii) Other Financial Liabilities,23,15601.86,0,14147.99
(b) Other Current liabilities,24,6046.78,0,6874.02
(c) Provisions,25,504.33,0,1990.88
(d) Current Tax liabilities (net),26,2486.19,0,4323.57
Total Current Liabilities,0,5733244,0,58048.19
Total Equity and Liabilities,0,21957288 -——--f-,m-r1,202991.81
