0,1,2,3,4,5
STATEMENT OF ASSETS AND LIABILITIES,STATEMENT OF ASSETS AND LIABILITIES,Standalone,Standalone,Conso,idated
0,0,As at current,As at previous year,As at current year,As at previous year
0,0,0,end 31.03.2017,end 31.03.2018,end 31.03.2017
Sr. No.,Particulars,31.03.2018,0,0,0
0,0,(Audited),(Audited),(Audited),(Audited)
0,ASSETS,0,0,0,0
1.,Non-currcnt assets (a) Property Plant and Ivquipmenl,1096.80,1102.97,1175.42,1.173.82
0,(b) Capital work-in-progress,17.68,9.36,22.44,12.99
0,(c) Intangible assets (d) Financial Assets,2.36,0,2.36,0
0,(i) Investments,353.24,166.58,273.23,86.57
0,(ii) Trade receivables,7.99,7.99,7.99,7.99
0,(iii) Loans,47.18,25.00,16.71,18.74
0,(iv) Other financial assets,0.03,0.07,0.03,0.07
0,(e) Deferred lax assets,154.63,78.53,154.63,78.53
0,(0 Non-current lax assets (net),4.87,4.10,4.87,4.10
0,(g) Other non-current assets,53.17,27.16,53.18,27.16
0,Total non-current assets,1737.95,1421.76,1710.86,1409.97
2.,Current assets (a) Inventories (b) Financial Assets,415.20,392.07,420.12,395.89
0,(i) Investments,0,0.25,0.01,0.38
0,(ii) Trade receivables,269.89,215.61,271.80,221.20
0,(iii) Cash and cash equivalents,17.18,11.33,19.89,12.05
0,(iv) Bank balances other than cash and cash equivalents,14.31,24.66,14.31,24.66
0,(v) Loans,2.68,4.19,3.16,4.84
0,(vi) Other financial assets,8.12,10.62,7.99,8.64
0,(c) Other current assets,102.27,93.81,122.76,112.72
0,Total current assets,829.65,752.54,860.04,780.38
0,TOTAL ASSETS,2567.60,2.174.30,2570.90,2.190.35
0,EQUITY AND LIABILITIES EQUITY (a) Equity Share capital,41.84,41.84,41.84,41.84
0,(b) Other Equity,1414.48,1036.26,1372.82,988.26
0,Equity attributable to the owners of the Company,1456.32,1078.10,1414.66,1030.10
0,(c) Non-controlling interest,0,0,(0.26),(0.37)
0,Total equity,1456.32,1078.10,1414.40,1029.73
0,LIABILITIES,0,0,0,0
1.,Non-current liabilities (a) Financial liabilities,0,0,0,0
0,(i) Borrowings,231.19,387.03,231.19,387.03
0,(ii) Derivatives,5.84,8.82,5.84,8.82
0,(iii) Other financial liabilities,0.26,0.26,0.26,0.26
0,(b) Provisions,2.55,1.79,2.55,1.79
0,(c) Deferred lax liabilities (net),251.74,89.74,251.74,89.74
0,Total non-current liabilities,491.58,487.64,491.58,487.64
2.,Current liabilities (a) Financial liabilities,0,0,0,0
0,(i) Borrowings,364.23,338.69,364.23,0
0,(ii) Trade Payables,118.26,149.31,146.22,178.30
0,(iii) Derivatives,1.86,45.94,1.86 76.59 74.81,45.94 39.83
0,(iv) Other financial liabilities,76.59,39.67,1.86 76.59 74.81,45.94 39.83
0,(b) Other current liabilities,57.57,31.68,1.86 76.59 74.81,45.94 39.83
0,(c) Provisions (d) Current lax liabilities (net),0.40 0.79,0.18 3.09,0.40 0.81,0.18
0,Total current liabilities,619.70,608.56,0,0
0,TOTAL EQUITY AND LIABILITIES,2567.60,2.174.30,2570.90,2190.35
