0,1,2,3,4,5
0,0,Audited,Audited,Audited,Audited
0,0,? in Crores,? in Crores,? in Crores,? in Crores
Particulars,Particulars,Standalone,Standalone,Consolidated,Consolidated
0,0,As at,As at,As at,As at
0,0,31-03-2018,31-03-2017,31-03-2018,31-03-2017
1.,ASSETS,0,0,0,0
0,(1) Non-current Assets,0,0,0,0
0,(a) Property Plant and Equipment,42775.79,31278.66,45260.68,33438.69
0,(b) Capital Work-In-Progress,4043.71,11216.73,4487.09,11762.72
0,(c) Investment Property,0.26,0.40,0.26,0.28
0,(d) Other Intangible Assets,201.84,158.25,278.36,244.89
0,(e) Intangible Assets Linder Development,363.83,405.79,5388.27,5071.15
0,(f) Investments in Subsidiaries Joint Ventures and Associates (g) investments accounted for using equity method (h) Financial Assets,10144.19,8548.45,17594.08,14961.68
0,(i) Investments,681.21,692.66,681.21,692.66
0,(ii) loans,3091.38,3783.65,4073.20,3320.97
0,(iii) Other Financial Assets,45.39,35.14,56.37,46.09
0,(i) Income Tax Assets (Net),405.25,126.78,406.58,127.51
0,(j) Other Non-current Assets,1571.28,1485.00,1595.18,1509.54
0,Total Non-current Assets,63324.13,57731.51,79821.28,71176.18
0,(2) Current Assets,0,0,0,0
0,(a) Inventories (b) Financial Assets,20873.75,19798.01,22529.52,21196.78
0,(i) Investments,4995.18,5360.34,5449.28,5672.79
0,(ii) Trade Receivables,5152.60,4758.18,5204.79,4803.75
0,(iii) Cash and cash equivalents,75.73,54.35,593.60,607.94
0,(iv) Bank Balances other than cash and cash,12.34,10.34,760.26,1276.60
0,equivalents,0,0,0,0
0,(v)Loans,70.95,70.65,270.40,78.17
0,(vi) Other Financial Assets,4579.13,3304.05,4524.56,3307.28
0,(c) Current Tax Assets (Net),23.73,23.08,55.08,33.76
0,(d) Other Current Assets,1098.07,869.49,1193.69,922.21
0,Total Current Assets,36881.48,34248.49,40581.18,37899.28
0,(3) Assets held for sale,16.93,9.63,18.10,10.80
0,TOTAL ASSETS (1+2+3),100222.54,91989.63,120420.56,109086.26
II.,EQUITY AND LIABILITIES (1) Equity,0,0,0,0
0,(a) Equity Share Capital (Refer Note 6),1966.88,1311.25,1966.88,1311.25
0,(b) Other Equity,32185.12,28357.13,34651.69,29508.50
0,Equity attributable to owners,34152.00,29668.38,36618.57,30819.75
0,(c) Non Controiling interests,0,0,1905.09,1958.19
0,Total Equity,34152.00,29668.38,38523.66,32777.94
0,Liabilities (2) Non-current Liabilities,0,0,0,0
0,(a) Financial Liabilities,0,0,0,0
0,(i) Borrowings,14758.22,13776.44,28904.28,23255.33
0,(ii) Other Financial Liabilities,58.40,63.40,59.15,64.59
0,(b) Provisions,1366.19,1353.15,1566.17,1495.91
0,(c) Deferred Tax Liabilities (net),4953.26,3501.71,5522.40,4054.80
0,(d) Other Non-current Liabilities,142.36,137.29,143.05,137.63
0,Total Non-current Liabilities,21278.43,18831.99,36195.05,29008.26
0,(3) Current Liabilities,0,0,0,0
0,(a) Financial Liabilities,0,0,0,0
0,(i) Borrowings,8093.01,7227.36,8093.03,8217.71
0,(ii) Trade Payables,13063.84,11359.78,13231.93,11382.47
0,(iii) Other Financial Liabilities,17929.41,19103.42,18326.46,21490.00
0,(b) Other Current Liabilities,4051.51,3866.69,4281.51,4078.19
0,(c) Provisions,1515.16,1815.57,1629.74,1989.23
0,(d) Current Tax Liabilities (Net),139.18,116.44,139.18,142.46
0,Total Current Liabilities,44792.11,43489.26,45701.85,47300.06
0,Total Liabilities (2+3),66070.54,62321.25,81896.90,76308.32
SOrvX.,TOTAL EQUITY AND LIABILITIES (1+2+3),100222.5.4-,0,120420.56,109086.26
