0,1,2
(i) Borrowings,17949,5813
(ii) Other financial liabilities,526,1079
(b) Provisions,408,231
(c) Other non-current liabilities,1214,167
(2) Current liabilities,(2) Current liabilities,(2) Current liabilities
(a) Financial liabilities,(a) Financial liabilities,(a) Financial liabilities
(i) Borrowings,4532,-
(ii) Trade payables,6702,1845
(iii) Other financial liabilities,14490,10411
(b) Other current liabilities,10802,4193
(c) Provisions,27886,13991
(d) Current tax liabilities (net),0,0
Total Equity & Liabilities,151871,41701
Assets,Assets,Assets
(1) Non-current assets,(1) Non-current assets,(1) Non-current assets
(a) Property plant & equipment,36338,20299
(b) Capital work in progress,6781,5796
(c) Goodwill,62754,-
(d) Other intangible assets,22757,123
(e) Investment accounted for using the equity method,(e) Investment accounted for using the equity method,(e) Investment accounted for using the equity method
(f) Financial assets,(f) Financial assets,(f) Financial assets
(i) Investments,1500,1500
(ii) Loans,153,99
(iii) Other financial assets,360,4
(g) Deferred tax assets (net),6026,5117
(h) Non-current tax assets (net),1077,497
(i) Other non-current assets,1931,1343
