0,1,2,3,4,5,6
0,Standalone,Standalone,0,Consolidated,Consolidated,0
0,Ind AS,Ind AS,Ind AS,Ind AS,IFRS,IFRS
0,As at,As at,As at,As at,As at,As at
0,31.03.2018,31.03.2017,31.03.2018,31.03.2017,31.03.2018,31.03.2017
0,Audited,Audited,Audited,Audited,Audited,Audited
ASSETS Non current assets Property plant and equipment,15766.49,14704.96,18958.10,17836.97,21733.74,20681.23
Capital work-in-progress,3540.42,2351.35,9933.40,6295.50,10347.15,6770.25
Goodwill,-,-,521.04,478.92,521.04,478.92
Other intangible assets,1224.73,1258.74,10816.38,9235.01,13296.47,12070.19
Intangible assets under development,656.33,355.24,1285.32,785.62,1285.32,785.62
Financial assets (i) Investments,32126.84,18666.99,146.61,156.94,146.61,156.94
(ii) Loans and advances,33028.48,36426.84,-,-,-,-
(iii) Other financial assets,380.91,344.70,401.18,362.84,401.18,362.84
Deferred tax assets (net),6606.15,5940.64,13202.60,13112.69,12201.76,11914.28
Other non-current assets,565.85,447.70,802.23,627.79,389.36,153.05
Total non- current assets,93896.20,80497.16,56066.86,48892.28,60322.63,53373.32
Current assets Inventories,11111.80,11450.55,20305.85,21390.50,20305.85,21390.50
Financial assets (i) Investments,0,0,0,0,.,.
(ii) Trade receivables,38289.08,38794.04,23318.07,24043.20,23318.07,24043.20
(iii) Cash and cash equivalents,1773.82,2521.78,12346.91,10576.59,12346.91,10576.59
(iii) Other financial assets,1937.10,1836.15,3856.42,3581.21,3856.42,3581.21
Current tax assets,0,-,-,-,-,-
Other current assets,5640.71,4905.78,10059.67,9154.89,10059.67,9154.89
Total current assets,58752.51,59508.30,69886.92,68746.39,69886.92,68746.39
Total assets,152648.71,140005.46,125953.78,117638.67,130209.55,122119.71
EQUITY AND LIABILITIES Equity Equity share capital,282.17,282.17,282.17,282.17,282.17,282.17
Other equity,103632.24,94084.02,51352.60,44643.08,55608.37,49112.11
Minority interest,-,-,(3.70),(4.23),(3.70),(4.23)
Liabilities Non-current liabilities Financial liabilities (i) Borrowings,26860.29,25893.46,41417.78,45363.39,41417.78,45363.39
(ii) Other financial liabilities,26.00,24.05,26.00,24.05,26.00,24.05
Deferred tax liabilities (net),-,-,-,-,-,-
Other non- current liabilities,-,-,-,303.38,-,303.38
Total non-current liabilities,26886.29,25917.51,41443.78,45690.82,41443.78,45690.82
Current liabilities Financial liabilities (i) Borrowings,2950.44,1871.89,2950.44,1871.89,2950.44,1871.89
(ii) Other financial liabilities,1137.36,1358.42,3326.27,1763.94,3326.27,1763.94
(iii) Trade payables,15549.53,14670.90,18697.84,17432.21,18697.84,17432.31
Other current liabilities,1278.69,1240.90,3579.74,3329.30,3579.74,3329.30
Provisions,783.58,413.74,4040.38,2372.94,4040.38,2372.94
Current tax liabilities (Net),148.41,165.91,284.26,256.55,284.26,268.46
Total current liabilities,21848.01,19721.76,32878.93,27026.83,32878.93,27038.84
Total liabilities,48734.30,45639.27,74322.71,72717.65,74322.71,72729.66
Total equity and liabilities,152648.71,140005.46,125953.78,117638.67,130209.55,122119.71
