0,1,2,3,4,5
0,Particulars,Standalone,Standalone,Consolidated,Consolidated
0,Particulars,As at 31 March 2018,As at 31 March 2(117,As at 31 March 2018,As at 31 March 2017
A,ASSETS,0,0,0,0
(D,Non-current assets,0,0,0,0
(a),Property plant and equipment,1.60.441,1.25.476,1.68.959,1.34.128
(b),Capital work-in-progress,39.545,36.389,44.397,41.419
(c),Investment property,11,12,11,12
(d),Other intangible assets,257,43,14.934,15.970
(e),Intangible assets under development,43.735,29.242,49.608,32.862
(f),Investment in associate,-,-,20.458,18.387
(g),Financial assets,97.747,52.839,78.687,39.206
(h),Deferred tax assets (net),43.117,53.228,43.006,52.895
O'),Inventories,18.780,4.925,18.780,4.925
O'),Other non current assets,21.587,11.299,23.028,13.174
0,Sub total - Non current assets,425220,313453,461868,352978
(2),Current assets,0,0,0,0
(a),Inventories,4.58.772,4.85.576,4.61.576,4.88.167
(b),Financial assets,7.87.038,8.45.827,795137,8.47.823
(c),Current tax assets (net),24.994,9.991,24.883,9.801
(d),Other current assets,1.53.066,60.766,1.51.685,60.859
0,Sub total - Current assets,1423.870,1402160,1433281,1406650
0,TOTAL ASSETS,1849090,1715613,1895149,1759628
B,EQUITY AND LIABILITIES,0,0,0,0
(1),Equity,0,0,0,0
(a),Equity share capital,24366,22.336,24.366,22.336
(b),Other equity,7.51.735,7.28.518,7.77.202,7.51.241
0,Equity attributable to the owners of the company,776101,750854,801568,773577
0,Non controlling interest,-,-,1.303,1.372
0,Sub Total - Equity,776101,750854,802871,774949
(2),Non-current liabilities,0,0,0,0
(a),Deferred income,3.298,827,18.599,17.238
(b),Financial liabilities,3.461,1739,3.461,1739
(c),Provisions,82.249,89.019,82.393,89.150
(d),Other non current liabilities,1.035,1.469,1.035,1.469
0,Sub total - Non current liabilities,90043,93054,105488,109596
(3),Current liabilities,0,0,0,0
(a),Deferred income,86,20,86,20
(b),Financial liabilities,2.24.686,1.94.116,2.26.555,1.97.126
(c),Other current liabilities,7.14.379,6.36.558,7.15.278,6.36.230
(d),Provisions,43.795,41.011,44.871,41.707
(e),Current tax liability (net),-,0,“,“
0,Sub total - Current liabilities,9.82946,871705,9.86790,875083
0,TOTAL EQUITY AND LIABILITIES,18.49.090,1715.613,1895.149,1759.628
