0,1,2
'KseT 0 » ° “ ► EARNINGS RELEASE FOR THE QTR. & YEAR ENDED AAAR. 31 2018,'KseT 0 » ° “ ► EARNINGS RELEASE FOR THE QTR. & YEAR ENDED AAAR. 31 2018,dishtvD
(2) Current assets,(2) Current assets,(2) Current assets
(a) Inventories,380,131
(b) Financial assets,(b) Financial assets,(b) Financial assets
(i) Investments,0,148
(ii) Trade receivables,1460,870
(iii) Cash and cash equivalents,3020,1733
(iv) Bank balances other than (iii) above,2610,1189
(v) Loans,65,128
(vi) Other financial assets,317,414
(c) Other current assets,4340,2309
Total assets,_151871,41701
