0,1,2,3,4,5,6
Statement of Assets and Liabilities:,Statement of Assets and Liabilities:,Statement of Assets and Liabilities:,Standalone,Standalone,Consolidated,Consolidated
S.No.,0,Particulars,As at,As at,As at,As at
0,0,0,31 March 2018,31 March 2017,31 March 2018,31 March 2017
0,0,0,(Audited),(Audited),(Audited),(Audited)
A,0,ASSETS,0,0,0,0
0,1,NON-CURRENT ASSETS,0,0,0,0
0,0,(a) Property plant and equipment,51342.55,51.650.18,55.335.06,53.305.94
0,0,(bl Capital work-in-progress,3308.51,2387.08,3488.87,4786.71
0,0,(c) Intanqibte assets,61.10,51.10,61.16,51.10
0,0,(d) Financial assets,0,0,0,0
0,0,I) Investments,513.20,513.25,3.25,3.25
0,0,ii) Loans,1.411.40,1165.59,1.41140,1.165.59
0,0,ii) Other financial assets,567.24,477.14,567.24,477.14
0,0,(e) Current tax assets (net),284.04,529.46,379.34,592.82
0,0,(f) Other non-current assets,1.582.34,1.918.97,1.706.6B,2020.50
0,0,Total non-current assets,59.070.49,58.692.77,62.953.00,62.403.05
0,2,CURRENT ASSETS,0,0,0,0
0,0,(a) Inventories,1820190,18.186.86,19.078.29,19145.84
0,0,(b) Financial assets,0,0,0,0
0,0,1) Investments,0,-,0,0
0,0,ii) Trade receivables,20808.64,18.46607,21.914.97,19.211.57
0,0,iii) Cash and cash eauivalents,43G.53,951.98,862.37,1218.93
0,0,iv) Bank balances other than (iii) above,0,-,639.69,1.660.60
0,0,v) Loans,70.77,86.90,70.77,86.90
0,0,vi) Other financial assets,1110.15,676.59,1.171.54,676.59
0,0,c) Other current assets,2196.99,3242.29,2.214.46,3.601.99
0,0,Total non-current assets,42.824.98,41610.69,45.952.09,45.602.42
0,0,TOTAL-ASSETS,101895.47,100303.46,108905.09,108005.47
B,0,EQUITY AND LIABILITIES,0,0,0,0
0,1,EQUITY,0,0,0,0
0,0,a) Equitv share capital,5.583.21,5.563.21,556321,5563.21
0,0,b) Olher equitv,59.222.58,50.GB8.39,64824.11,55750.59
0,0,Equitv attributable to owners of the contpanv,64785.79,56251.60,70387.32,61313.80
0,0,Non controlling interest,0,0,5.899.96,5399.25
0,0,Total e gully,64.785.79,56.251.60,76.287.28,66.713.05
0,0,LIABILITIES,0,0,0,0
0,2,NON CURRENT LIABILITIES,0,0,0,0
0,0,a) Financial liabilities,0,0,0,0
0,0,1) Borrowings,-,2.333.33,0,2333.33
0,0,b) Provisions,4997.47,6.041.23,5.103.51,6.145.99
0,0,c) Deferred tax liabilities (Net),1412.39,95277,1.683.38,989.15
0,0,Total non-current [labilities,6.409.86,9.327.33,6.786.89,9468.47
0,3,CURRENT LIABILITIES,0,0,0,0
0,0,a) Financial liabilities,0,0,0,0
0,0,1) Borrowings,8812.67,7871.00,2452.67,4611.00
0,0,ii) Trade Payables,17.753.43,18466.55,17.085.05,18740.96
0,0,iii) Olher financial liabilities,930.79,2.442.15,902.46,2416.14
0,0,b) Other Current Liabilities,225471,2.521.4B,2433.46,262325
0,0,c) Provisions,2.417.74,2377.93,2.426.80,2.387.18
0,0,d) Current Tax Liabilities (net),530.46,1.045.42,530.48,1045.42
0,0,Total current liabilities,30.699.82,34.724.53,25.830.92,31.823.95
0,0,TOTAL EQUITY AND LIABILITIES,101895.47,100303.46,108905.09,108005.47
