0,1,2,3,4
Particulars,Standalone,Standalone,Consolidated,Consolidated
0,Audited,Audited,Audited,Audited
0,As at,As at,As at,As at
0,31.03.2018,31.03.2017,31.03.2018,31.03.2017
A. ASSETS (1) Non-current assets (a) Property Plant S Equipment,65174,27645,363380,202994
(b) Capital work-in-progress,5965,2210,67806,57963
(c) Goodwill,391138,-,627542,-
(d) Other intangible assets,210004,1128,227569,1235
(c) Investment accounted for using the equity method (I) Financial assets (i) Investments,32298,30321,15000,15000
(ii) Loans,13488,9.510,1534,986
(iii) Other financial assets,275,19,3601,37
(g) Deferred tax assets (net),0,4377,60265,51174
(h) Current tax assets (net),7347,3835,10774,4969
(i) Other non-current assets,12487,5328,19310,13431
(2) Current Assets (a) Inventories,(0),0,3805,1308
(b) Financial assets (i) Investments (ii) Trade receivables,12776,8141,14599,1481 8697
(iii) Cash and cash equivalents,26510,11969,30196,17332
(iv) Bank balances other than (iii) above,12742,10955,26104,11892
(v) Loans,164,1110,648,1281
(vi) Olher financial assets,314966,78031,3175,4142
(c) Other current assets,25544,6684,43404,23093
Total Assets,11.30.878,201.263,15.18.712,4.17.015
EQUITY AND LIABILITIES EQUITY (a) Equity share capital,18413,10659,18413,10660
(b) Other equity,654792,17096,657000,29921
(c) Non-controlling Interest,-,-,(1.808),(878)
0,673205,27755,673605,39703
LIABILITIES (1) Non-current liabilities (a) Financial liabilities (i) Borrowings,869,0,179488,58133
(ii) Olher financial liabilities,780,315,5263,10791
(b) Provisions,1392,1088,4084,2.307
(c) Deferred Tax Liabilities (net) (d) Other non-current liabilities,43911 1404,1295,12139,1671
(2) Current liabilities (a) Financial liabilities (i) Borrowings,12403,0,45322,0
(ii) Trade payables,54409,11851,67018,18451
(iii) Olher financial liabilities,13206,4577,144904,104113
(b) Other current liabilities,50502,14492,108023,41932
(c) Provisions,278797,139890,278865,139913
(d) Current tax liabilities (net),0,0,1,1
Total Equity & Liabilities,1130878,201263,1518712,417015
