0,1,2
0,As At,As At
0,31-03-2018,31-03-2017
A Assets Non-current Assets Property plant and equipment,34071,36581
Capital work-in-progress,2452,621
Goodwill,49,49
Other intangible assets,100,183
Financial assets i. Investments,17080,14.549
ii. Trade Receivables,-,-
iii. Loans,1186,1076
iv Other financial assets,11,11
Deferred tax assets (Net),463,485
Other non-current assets,1327,423
0,56739,53978
Current Assets Inventories,27189,24.558
Financial assets i. Trade receivables,17709,12739
ii. Cash and cash equivalents,27057,24.068
iii Bank balances other than (ii) above,165,183
iv. Loans,95,104
v. Other financial assets,1089,1 858
Other current assets,4335,3987
0,77639,67497
Total Assets,134378,121475
B Equity and liabilities Equity Equity Share Capital,5536,5.536
Other Equity,93516,83766
Equity attributable to owners of the Company,99052,89302
Non-Controlling Interest,1238,1124
0,100290,90426
Liabilties Non-current Liabilities Financial liabilities Borrowings,0,192
Provisions,2035,1728
Deferred tax liabilities (Net),2595,2.782
Other non-current liabilities,156,198
0,4786,4900
Current Liabilities Financial liabilities i. Borrowings,4,584
ii Trade payables,19480,16.559
iii. Other financial liabilities,2441,3.153
Provisions,2073,1033
Current tax liabilities (Net),1198,450
Other Current Liabilities,4106,4370
0,29302,26149
Total Equity and Liabilities,134378,121475
