0,1,2
0,Standalone,Standalone
Particulars,As at,As at
Particulars,(31/03/2018),(31/03/2017)
0,Audited,Audited
1. ASSETS,0,0
1 Non-current Assets,0,0
(a) Property Plant and Equipment,10450.77,10603.22
(b) Capital work-in-progress,412.91,440.86
(c) Investment Property,198.57,198.57
(d) Other Intangible assets,128.56,80.34
(e) Intangible assets under development (f) Financial Assets,',20.28
(i) Investments,24673.97,30842.08
(ii) Loans,7219.45,5823.82
(iii) Others,24.73,16.45
(gj Artworks,24080,240.80
(h) Non Current Tax Assets (net),7.62,0
(i) Other non current assets,533.26,1859.09
Total non current assets,43890.64,50125.51
2 Current Assets,0,0
(a) Inventories (b) Financial Assets,3879.92,4045.84
(i) Investments,26204.29,14601.07
(ii) Trade Receivables,697808,4416.84
(iii) Cash and cash equivalents,901.29,33370
(iv) Bank Balances other than {iii) above,105.20,115.16
(v) Loans,5330.10,829.90
(vi) Others,539.93,277.11
(c) Other current assets,495.67,300.83
(c) Other current assets,44434.48,24920.45
(d) Assets held lor sale,388.60,6215.01
Total curront assets,44823.08,31135.46
TOTAL ASSETS,88713.72,81260.97
II. EQUITY AND LIABILITIES,0,0
EQUITY,0,0
(a) Equity Share Capital,23100,231.00
(b) Other Equity,81938.25,76943.81
Total equity,82169.25,77174.81
LIABILITIES 1 Non current Liabilities,0,0
(a) Deferred Tax Liabilities (net),119 48,59.73
Total non current liabilities,119.48,59.73
2 Current Liabilities,0,0
(a) Financial Liabilities,0,0
(i) Trade Payables,3179.55,1449.61
(ii) Other Financial Liabilities,2591.89,1925 93
(b) Other current liabilities,289.10,294.56
(c) Provisions,328.96,252.53
(d) Current Tax Liabilities (net),35.49,103.80
Total current liabilities,6424.99,4026.43
TOTAL EQUITY AND LIABILITIES,88713.72,81260.97
