0,1,2
GRINDWELL NORTON LIMITED Statement of Standalone Audited Assets & Liabilities as at March 31 2018 (Rs. in Lakhs),GRINDWELL NORTON LIMITED Statement of Standalone Audited Assets & Liabilities as at March 31 2018 (Rs. in Lakhs),GRINDWELL NORTON LIMITED Statement of Standalone Audited Assets & Liabilities as at March 31 2018 (Rs. in Lakhs)
0,As At,As At
0,31-03-2018,31-03-2017
A Assets,0,0
Non-current Assets,0,0
Property Plant and Equipment,31527,33911
Capital Work in Progress,2343,556
Goodwill,49,49
Other Intangible Assets,100,183
Financial Assets,0,0
i. Investments,19114,16584
ii. Trade Receivables,-,-
iii. Loans,1186,1076
iv. Other Financial Assets,11,11
Other Non-current Assets,1316,411
0,55646,52781
Current Assets,0,0
Inventories,26347,23544
Financial assets,0,0
i. Trade Receivables,17324,12.342
ii Cash and Cash Equivalents,26827,24065
iii. Bank balances other than (ii) above,137,169
iv. Loans,95,104
v. Other financial assets,1665,2.237
Other current assets,3782,3690
0,76177,66.151
Total Assets,131823,118932
B Equity and liabilities,0,0
Equity,0,0
Equity Share Capital,5536,5536
Other Equity,92748,83256
0,98284,88792
Liabilties,0,0
Non-current Liabilities,0,0
Provisions,2000,1.728
Deferred Tax Liabilities (Net),2595,2.795
Other Non-current Liabilities,156,198
0,4751,4721
Current Liabilities,0,0
Financial Liabilities,0,0
i. Borrowings,-,272
ii. Trade Payables,19087,16401
iii. Other Financial Liabilities,2562,3.109
Provisions,2073,1.033
Current Tax Liabilities (Net),1085,322
Other Current Liabilities,3981,4282
0,28788,25419
Total Equity and Liabilities,131823,118932
